datetime,open,high,low,close,volume
2025-12-02 03:00:00+00:00,86554.5,87174.5,86221.0,86999.0,209.23376184
2025-12-02 04:00:00+00:00,86999.0,87280.0,86920.5,86987.0,206.92747567
2025-12-02 05:00:00+00:00,86986.5,87138.0,86849.0,87012.5,117.70041844
2025-12-02 06:00:00+00:00,87027.5,87201.5,86874.0,87121.5,172.82114896
2025-12-02 07:00:00+00:00,87116.5,87134.0,86901.5,87020.5,242.42085964
2025-12-02 08:00:00+00:00,87021.0,87046.5,86355.0,86452.5,378.53773831
2025-12-02 09:00:00+00:00,86452.5,87000.0,86452.0,86787.0,227.38176965
2025-12-02 10:00:00+00:00,86786.5,87624.5,86780.0,87295.0,282.6202113
2025-12-02 11:00:00+00:00,87304.0,87633.0,87021.5,87372.0,438.86554734
2025-12-02 12:00:00+00:00,87388.5,87563.5,87217.5,87288.0,162.49171565
2025-12-02 13:00:00+00:00,87288.0,87898.0,87077.5,87743.5,481.57262736
2025-12-02 14:00:00+00:00,87751.0,89314.5,87625.0,89298.0,1752.62856063
2025-12-02 15:00:00+00:00,89306.5,91223.5,89306.5,90886.5,1646.70235363
2025-12-02 16:00:00+00:00,90887.0,91320.5,90232.5,90750.5,853.50034061
2025-12-02 17:00:00+00:00,90765.0,92081.0,90765.0,91463.5,654.35573216
2025-12-02 18:00:00+00:00,91480.5,92251.0,91408.0,91997.5,542.26281003
2025-12-02 19:00:00+00:00,91988.5,92351.0,91861.0,91925.0,390.51308183
2025-12-02 20:00:00+00:00,91937.5,91967.0,90783.0,91070.0,571.67716096
2025-12-02 21:00:00+00:00,91053.5,91687.5,91000.5,91635.0,203.55802183
2025-12-02 22:00:00+00:00,91620.0,92087.0,91579.0,92031.0,205.67116533
2025-12-02 23:00:00+00:00,92042.5,92042.5,91330.0,91330.0,200.8615458
2025-12-03 00:00:00+00:00,91326.5,91793.5,91029.5,91695.5,260.36088055
2025-12-03 01:00:00+00:00,91699.5,92527.0,91512.0,92276.0,321.79782352
2025-12-03 02:00:00+00:00,92286.5,93096.0,92200.5,92849.5,613.21611926
2025-12-03 03:00:00+00:00,92849.5,93096.0,92638.5,92665.0,421.77465979
2025-12-03 04:00:00+00:00,92660.0,93467.0,92646.5,93350.0,762.70962602
2025-12-03 05:00:00+00:00,93374.0,93676.5,93132.5,93667.5,389.77672256
2025-12-03 06:00:00+00:00,93668.0,94000.0,93197.0,93478.5,692.93156656
2025-12-03 07:00:00+00:00,93478.5,93514.5,92916.0,93064.5,676.97929619
2025-12-03 08:00:00+00:00,93073.0,93240.0,92715.5,92811.5,457.92326679
2025-12-03 09:00:00+00:00,92800.5,93266.5,92769.0,93222.5,194.26866368
2025-12-03 10:00:00+00:00,93222.5,93424.5,92919.0,92970.5,241.82724605
2025-12-03 11:00:00+00:00,92987.0,93099.5,92672.0,93036.0,184.84208816
2025-12-03 12:00:00+00:00,93049.5,93150.0,92725.0,92965.5,175.30105037
2025-12-03 13:00:00+00:00,92965.0,93293.5,92929.0,93177.0,175.20288235
2025-12-03 14:00:00+00:00,93171.5,93719.0,91731.5,92383.5,1163.56280911
2025-12-03 15:00:00+00:00,92384.0,93011.5,91961.0,92399.5,602.23820733
2025-12-03 16:00:00+00:00,92414.5,92797.5,91829.5,92299.5,322.59213887
2025-12-03 17:00:00+00:00,92283.5,93092.5,92237.0,93009.5,361.76177705
2025-12-03 18:00:00+00:00,93004.5,93569.0,92420.0,92643.5,460.31113394
2025-12-03 19:00:00+00:00,92649.5,93128.0,92570.5,93060.0,200.53536232
2025-12-03 20:00:00+00:00,93081.0,93416.0,92878.0,93007.5,215.37071471
2025-12-03 21:00:00+00:00,93003.0,93798.0,92887.5,93747.0,333.34240833
2025-12-03 22:00:00+00:00,93728.0,94228.5,93333.5,93825.5,410.07574677
2025-12-03 23:00:00+00:00,93825.5,94155.5,93435.5,93496.5,263.3065916
2025-12-04 00:00:00+00:00,93482.0,93518.5,92704.5,93090.0,334.09566633
2025-12-04 01:00:00+00:00,93083.0,93799.5,93025.5,93205.5,294.05288119
2025-12-04 02:00:00+00:00,93232.0,94120.0,93150.5,93968.0,361.26849349
2025-12-04 03:00:00+00:00,93982.0,94123.0,93422.5,93540.0,787.57645818
2025-12-04 04:00:00+00:00,93540.5,93592.0,93250.5,93383.0,254.4437822
2025-12-04 05:00:00+00:00,93387.0,93400.0,92788.5,92991.5,284.08118044
2025-12-04 06:00:00+00:00,92981.0,93382.5,92857.0,93149.5,265.24585253
2025-12-04 07:00:00+00:00,93158.5,93470.0,92920.5,93464.5,470.0507516
2025-12-04 08:00:00+00:00,93464.5,93648.5,93086.5,93260.5,414.58116633
2025-12-04 09:00:00+00:00,93260.5,93631.0,93258.0,93488.5,497.62405285
2025-12-04 10:00:00+00:00,93488.5,93611.0,93200.0,93285.0,105.39813624
2025-12-04 11:00:00+00:00,93285.0,93335.0,92752.0,92970.0,171.27880993
2025-12-04 12:00:00+00:00,92970.5,93209.5,92800.0,93013.5,181.24394669
2025-12-04 13:00:00+00:00,93022.0,93081.5,92459.0,92560.5,426.78554702
2025-12-04 14:00:00+00:00,92551.0,92850.0,91818.5,91921.5,394.98066832
2025-12-04 15:00:00+00:00,91912.5,93298.0,91902.5,93026.5,663.50273417
2025-12-04 16:00:00+00:00,93000.5,93215.0,92276.0,92450.0,413.97760682
2025-12-04 17:00:00+00:00,92450.0,92573.5,91800.0,92459.0,502.16308131
2025-12-04 18:00:00+00:00,92459.5,92577.5,91986.5,92164.5,229.9524429
2025-12-04 19:00:00+00:00,92165.0,92218.5,90940.5,92010.0,1117.35403172
2025-12-04 20:00:00+00:00,92010.0,92568.0,91733.0,92515.5,764.14485752
2025-12-04 21:00:00+00:00,92503.0,92737.0,92130.5,92178.5,147.71890957
2025-12-04 22:00:00+00:00,92194.5,92526.0,92177.5,92388.5,123.86303971
2025-12-04 23:00:00+00:00,92365.0,92480.0,92104.0,92116.5,182.5752551
2025-12-05 00:00:00+00:00,92116.0,92523.0,92103.0,92345.0,231.44023168
2025-12-05 01:00:00+00:00,92345.0,92638.0,92280.0,92398.0,209.38504793
2025-12-05 02:00:00+00:00,92398.0,92732.0,92301.5,92556.5,139.69280211
2025-12-05 03:00:00+00:00,92563.0,92699.5,92019.5,92214.5,327.01319157
2025-12-05 04:00:00+00:00,92207.5,92435.5,91838.0,92076.0,214.57697753
2025-12-05 05:00:00+00:00,92076.0,92243.0,91887.5,91975.5,124.90198031
2025-12-05 06:00:00+00:00,91976.0,92332.0,91950.0,92331.5,700.84416359
2025-12-05 07:00:00+00:00,92331.5,92524.0,92200.0,92220.0,1297.96847406
2025-12-05 08:00:00+00:00,92219.5,92220.0,91942.0,92157.5,475.18603729
2025-12-05 09:00:00+00:00,92157.0,92157.0,91009.5,91167.5,494.37781661
2025-12-05 10:00:00+00:00,91151.5,91520.0,91112.5,91293.0,157.85794628
2025-12-05 11:00:00+00:00,91305.5,91590.0,91150.0,91367.5,148.81335665
2025-12-05 12:00:00+00:00,91363.5,91448.0,91100.0,91267.5,170.11091001
2025-12-05 13:00:00+00:00,91260.0,91368.5,90266.0,90492.0,810.63131959
2025-12-05 14:00:00+00:00,90492.0,90749.5,89928.5,90312.0,574.29739827
2025-12-05 15:00:00+00:00,90320.0,91500.5,90250.5,90481.0,1115.48230635
2025-12-05 16:00:00+00:00,90481.0,90521.5,88056.0,88834.5,2264.47977659
2025-12-05 17:00:00+00:00,88810.5,89542.5,88621.5,89338.0,618.6115087
2025-12-05 18:00:00+00:00,89339.0,89803.0,88923.0,88954.5,566.54117718
2025-12-05 19:00:00+00:00,88955.0,89812.0,88848.0,89641.0,295.68960099
2025-12-05 20:00:00+00:00,89640.5,89748.0,89205.5,89321.5,253.03001227
2025-12-05 21:00:00+00:00,89327.0,89500.0,89100.0,89183.0,109.86139616
2025-12-05 22:00:00+00:00,89185.0,89361.0,88920.0,89237.5,107.22345156
2025-12-05 23:00:00+00:00,89238.0,89353.5,88954.0,89331.0,205.19217915
2025-12-06 00:00:00+00:00,89326.0,89448.0,89041.5,89418.5,150.56460459
2025-12-06 01:00:00+00:00,89418.5,89480.0,89207.5,89325.0,105.15605748
2025-12-06 02:00:00+00:00,89334.5,89412.5,89182.5,89398.5,41.92700071
2025-12-06 03:00:00+00:00,89398.5,89793.0,89398.0,89664.0,157.71060272
2025-12-06 04:00:00+00:00,89664.5,89702.5,89515.0,89679.5,89.81181138
2025-12-06 05:00:00+00:00,89662.5,89720.0,89527.5,89597.0,62.08372664
2025-12-06 06:00:00+00:00,89597.0,89755.0,89522.5,89674.5,23.87364052
2025-12-06 07:00:00+00:00,89674.5,89728.0,89459.0,89599.5,401.85417592
2025-12-06 08:00:00+00:00,89599.0,89650.5,89230.0,89303.5,100.05587744
2025-12-06 09:00:00+00:00,89303.5,89692.0,89275.5,89591.0,107.43357763
2025-12-06 10:00:00+00:00,89591.0,89699.0,89472.5,89529.0,24.08427265
2025-12-06 11:00:00+00:00,89529.0,89742.5,89485.5,89627.5,60.26973462
2025-12-06 12:00:00+00:00,89627.5,89647.0,89573.0,89584.5,51.25835446
2025-12-06 13:00:00+00:00,89584.5,89788.0,89584.5,89679.5,86.90875063
2025-12-06 14:00:00+00:00,89679.0,90300.0,89679.0,90004.5,262.53373292
2025-12-06 15:00:00+00:00,90004.5,90025.0,89496.5,89750.0,125.5053131
2025-12-06 16:00:00+00:00,89761.5,89988.0,89700.0,89730.5,72.87539406
2025-12-06 17:00:00+00:00,89730.0,89853.5,89643.0,89742.5,43.79100729
2025-12-06 18:00:00+00:00,89742.5,89814.5,89568.0,89667.5,28.35710047
2025-12-06 19:00:00+00:00,89667.5,89770.0,89256.0,89439.0,205.49220603
2025-12-06 20:00:00+00:00,89430.5,89586.0,89348.0,89564.0,47.40556367
2025-12-06 21:00:00+00:00,89564.0,89632.0,89414.0,89450.0,48.23000966
2025-12-06 22:00:00+00:00,89450.5,89547.5,89293.5,89302.5,82.23715462
2025-12-06 23:00:00+00:00,89312.5,89356.5,88920.0,89261.5,300.18775201
2025-12-07 00:00:00+00:00,89273.0,89582.0,89218.0,89425.0,120.93454681
2025-12-07 01:00:00+00:00,89411.0,89599.5,89312.5,89312.5,56.77527191
2025-12-07 02:00:00+00:00,89313.0,89700.0,89313.0,89649.5,81.10848085
2025-12-07 03:00:00+00:00,89649.0,89742.5,89570.0,89730.0,90.79839152
2025-12-07 04:00:00+00:00,89736.0,89785.5,89500.5,89542.5,102.31429096
2025-12-07 05:00:00+00:00,89544.5,89567.0,89435.0,89531.5,51.26545538
2025-12-07 06:00:00+00:00,89531.5,89715.0,89507.5,89715.0,36.03430325
2025-12-07 07:00:00+00:00,89715.5,89742.0,89244.0,89400.5,813.85059997
2025-12-07 08:00:00+00:00,89400.5,89555.5,89208.0,89326.5,117.06668812
2025-12-07 09:00:00+00:00,89326.5,89420.0,89070.0,89136.5,187.09360874
2025-12-07 10:00:00+00:00,89136.0,89443.0,89127.5,89272.5,216.04704044
2025-12-07 11:00:00+00:00,89273.0,89313.0,89182.5,89183.5,78.97022278
2025-12-07 12:00:00+00:00,89183.5,89670.0,89154.0,89500.0,57.10028364
2025-12-07 13:00:00+00:00,89499.5,89555.0,88642.0,89050.5,205.0322124
2025-12-07 14:00:00+00:00,89059.0,89123.0,87649.5,88255.0,903.27195418
2025-12-07 15:00:00+00:00,88238.5,89785.0,88195.5,89602.5,449.68094099
2025-12-07 16:00:00+00:00,89599.5,89934.5,89158.0,89934.5,261.35066269
2025-12-07 17:00:00+00:00,89934.5,91346.0,89644.5,91000.0,1039.92839589
2025-12-07 18:00:00+00:00,91000.5,91829.5,91000.5,91414.0,531.12072694
2025-12-07 19:00:00+00:00,91404.0,91588.0,91242.5,91452.0,131.82059865
2025-12-07 20:00:00+00:00,91471.0,91572.0,91365.0,91483.0,202.34433303
2025-12-07 21:00:00+00:00,91482.5,91482.5,89883.0,90250.0,260.82611689
2025-12-07 22:00:00+00:00,90250.0,90287.5,89000.5,89613.5,479.52203641
2025-12-07 23:00:00+00:00,89615.0,90480.0,89536.0,90402.0,295.08074055
2025-12-08 00:00:00+00:00,90402.0,90622.0,89809.5,90356.5,305.93866843
2025-12-08 01:00:00+00:00,90370.5,91732.5,90325.0,90914.5,434.49063342
2025-12-08 02:00:00+00:00,90930.0,91478.5,90843.0,91410.0,202.00200214
2025-12-08 03:00:00+00:00,91409.5,91462.5,91025.5,91118.0,94.60659347
2025-12-08 04:00:00+00:00,91118.5,91520.0,91060.0,91320.0,148.26655116
2025-12-08 05:00:00+00:00,91319.5,91484.0,91073.5,91374.0,216.10275425
2025-12-08 06:00:00+00:00,91374.0,91681.5,91300.0,91485.5,129.08762519
2025-12-08 07:00:00+00:00,91485.5,91947.5,91400.0,91571.5,563.70565709
2025-12-08 08:00:00+00:00,91572.0,91944.0,91510.0,91864.5,187.31509343
2025-12-08 09:00:00+00:00,91853.0,92300.0,91815.5,91950.5,380.42676655
2025-12-08 10:00:00+00:00,91938.0,92237.0,91825.0,92167.5,118.66333502
2025-12-08 11:00:00+00:00,92168.0,92206.0,91878.0,91994.5,128.09984582
2025-12-08 12:00:00+00:00,91995.0,92022.5,91688.0,91804.5,69.57907431
2025-12-08 13:00:00+00:00,91804.5,92127.0,91336.5,91480.5,196.45735358
2025-12-08 14:00:00+00:00,91480.5,91793.5,90800.0,90879.0,374.076926
2025-12-08 15:00:00+00:00,90865.0,91009.0,89625.5,89975.0,673.88438002
2025-12-08 16:00:00+00:00,89975.0,90497.5,89695.5,89963.0,411.6953225
2025-12-08 17:00:00+00:00,89977.0,90350.0,89682.0,90246.5,335.60607512
2025-12-08 18:00:00+00:00,90264.0,90585.5,89715.5,89908.0,194.63649015
2025-12-08 19:00:00+00:00,89907.0,90367.5,89870.5,90115.5,255.40093821
2025-12-08 20:00:00+00:00,90116.0,90930.0,90116.0,90807.0,243.52339516
2025-12-08 21:00:00+00:00,90808.0,91395.0,90665.0,91346.0,216.24053495
2025-12-08 22:00:00+00:00,91333.5,91398.0,90727.0,90845.0,79.62402021
2025-12-08 23:00:00+00:00,90823.5,91024.5,90513.0,90643.0,108.419503
2025-12-09 00:00:00+00:00,90660.0,90856.0,90375.0,90400.0,96.13458084
2025-12-09 01:00:00+00:00,90409.5,90583.0,89973.5,90053.0,298.20264482
2025-12-09 02:00:00+00:00,90053.0,90397.5,89987.5,90110.0,278.81780491
2025-12-09 03:00:00+00:00,90110.5,90476.0,89841.5,90418.5,205.71770355
2025-12-09 04:00:00+00:00,90428.0,90520.0,89743.0,89941.5,218.47006057
2025-12-09 05:00:00+00:00,89941.5,90230.0,89544.0,89899.0,278.24035112
2025-12-09 06:00:00+00:00,89899.0,90262.0,89782.0,90178.5,190.71504527
2025-12-09 07:00:00+00:00,90178.5,90570.0,90113.0,90518.5,392.94694549
2025-12-09 08:00:00+00:00,90518.5,90629.5,90394.0,90525.5,244.01064055
2025-12-09 09:00:00+00:00,90515.5,90529.5,90164.5,90164.5,95.12330526
2025-12-09 10:00:00+00:00,90165.0,90355.5,89940.5,90297.5,145.77346893
2025-12-09 11:00:00+00:00,90297.5,90399.5,90151.5,90398.0,127.7255381
2025-12-09 12:00:00+00:00,90397.5,90822.5,90336.0,90600.5,158.20760287
2025-12-09 13:00:00+00:00,90600.5,90856.0,90196.5,90429.0,150.63799504
2025-12-09 14:00:00+00:00,90429.0,90646.5,90024.5,90390.5,421.40013172
2025-12-09 15:00:00+00:00,90392.5,92899.5,90305.0,92724.5,1412.00475106
2025-12-09 16:00:00+00:00,92738.0,94503.0,92723.5,94200.0,2219.66148424
2025-12-09 17:00:00+00:00,94200.5,94635.5,93590.0,93916.5,743.10463352
2025-12-09 18:00:00+00:00,93939.0,94196.5,93677.5,93952.5,146.34622615
2025-12-09 19:00:00+00:00,93953.0,94237.0,93690.0,93818.5,185.72282144
2025-12-09 20:00:00+00:00,93818.5,93881.5,92802.5,93127.5,464.76636925
2025-12-09 21:00:00+00:00,93134.5,93264.0,92260.5,92677.0,449.43487053
2025-12-09 22:00:00+00:00,92653.0,93062.0,92521.0,92880.5,192.17821179
2025-12-09 23:00:00+00:00,92880.0,92999.0,92559.5,92697.5,160.95526023
2025-12-10 00:00:00+00:00,92695.0,92783.0,92080.5,92160.5,306.2878125
2025-12-10 01:00:00+00:00,92161.0,92411.5,91974.5,92354.5,123.56729395
2025-12-10 02:00:00+00:00,92350.5,92588.5,92065.0,92530.5,154.31274236
2025-12-10 03:00:00+00:00,92539.0,92599.5,92387.0,92438.5,51.7625049
2025-12-10 04:00:00+00:00,92425.0,92687.0,92407.0,92581.0,101.90532384
2025-12-10 05:00:00+00:00,92579.5,92761.5,92550.0,92572.5,281.3344836
2025-12-10 06:00:00+00:00,92572.5,92781.5,92412.5,92729.0,191.8868394
2025-12-10 07:00:00+00:00,92728.5,92795.0,92526.5,92795.0,507.65357981
2025-12-10 08:00:00+00:00,92799.5,92799.5,92587.5,92635.0,187.57338177
2025-12-10 09:00:00+00:00,92635.5,92970.0,92464.0,92952.5,181.65594354
2025-12-10 10:00:00+00:00,92952.0,93296.0,92170.5,92307.5,362.72774133
2025-12-10 11:00:00+00:00,92307.5,92454.0,91814.0,92164.5,360.87100704
2025-12-10 12:00:00+00:00,92164.0,92256.0,91855.0,92039.5,164.21925292
2025-12-10 13:00:00+00:00,92032.0,92249.5,91989.5,92130.5,148.29635747
2025-12-10 14:00:00+00:00,92130.0,92138.0,91610.0,91862.0,384.76267429
2025-12-10 15:00:00+00:00,91863.5,92162.0,91580.0,92100.0,238.72807459
2025-12-10 16:00:00+00:00,92094.5,92610.0,91914.5,92177.5,281.55340389
2025-12-10 17:00:00+00:00,92178.0,92535.5,92122.5,92396.5,360.3522249
2025-12-10 18:00:00+00:00,92402.0,93075.5,92013.0,92526.0,414.88607846
2025-12-10 19:00:00+00:00,92526.5,93405.0,91740.5,92987.0,1526.57366903
2025-12-10 20:00:00+00:00,92987.0,94564.5,92079.0,92465.0,1666.93106001
2025-12-10 21:00:00+00:00,92475.0,92798.0,91889.5,92363.0,685.94818576
2025-12-10 22:00:00+00:00,92361.0,92740.5,91992.0,92550.0,431.44252011
2025-12-10 23:00:00+00:00,92536.5,92612.0,91955.5,92040.5,193.93356233
2025-12-11 00:00:00+00:00,92040.0,92087.5,91053.0,91394.0,448.95725736
2025-12-11 01:00:00+00:00,91394.0,91431.0,90675.0,90686.5,485.50051656
2025-12-11 02:00:00+00:00,90686.5,90686.5,89888.0,90067.5,577.45565896
2025-12-11 03:00:00+00:00,90084.5,90084.5,89423.5,89894.0,463.12031319
2025-12-11 04:00:00+00:00,89893.5,90510.5,89722.0,90472.5,331.66787476
2025-12-11 05:00:00+00:00,90472.0,90472.0,90140.0,90327.5,346.62459823
2025-12-11 06:00:00+00:00,90327.0,90467.5,89992.0,90322.5,255.64120206
2025-12-11 07:00:00+00:00,90295.5,90343.5,90091.0,90290.0,244.06807864
2025-12-11 08:00:00+00:00,90289.5,90289.5,90000.0,90206.0,183.64329424
2025-12-11 09:00:00+00:00,90204.0,90555.0,90172.5,90265.0,295.49931421
2025-12-11 10:00:00+00:00,90269.0,90379.5,90207.0,90359.5,81.7005834
2025-12-11 11:00:00+00:00,90359.0,90461.0,90252.5,90284.0,107.48576345
2025-12-11 12:00:00+00:00,90284.0,90400.0,90018.5,90066.5,177.68883457
2025-12-11 13:00:00+00:00,90067.0,90198.0,89911.0,90115.0,197.5703535
2025-12-11 14:00:00+00:00,90123.5,90509.0,89277.5,89590.0,539.280341
2025-12-11 15:00:00+00:00,89573.0,90678.0,89440.5,89910.0,597.74491656
2025-12-11 16:00:00+00:00,89909.5,90200.0,89366.5,89739.5,542.78968986
2025-12-11 17:00:00+00:00,89750.0,90269.0,89655.0,89980.0,309.64387724
2025-12-11 18:00:00+00:00,89980.0,91230.0,89899.0,90706.0,601.07801589
2025-12-11 19:00:00+00:00,90706.0,91585.5,90607.5,90862.0,533.44466944
2025-12-11 20:00:00+00:00,90862.0,91879.0,90831.0,91842.5,629.76087169
2025-12-11 21:00:00+00:00,91842.5,93612.0,91755.5,92933.5,1408.67703693
2025-12-11 22:00:00+00:00,92933.5,93249.5,92142.5,92411.0,656.37242412
2025-12-11 23:00:00+00:00,92409.5,92859.5,92401.0,92570.5,534.06310862
2025-12-12 00:00:00+00:00,92570.5,92706.5,91500.0,91609.5,458.94579991
2025-12-12 01:00:00+00:00,91609.0,92327.5,91555.0,92200.0,439.28630053
2025-12-12 02:00:00+00:00,92199.5,92790.0,91977.5,92618.5,599.59190917
2025-12-12 03:00:00+00:00,92618.5,92787.5,92200.0,92314.5,386.31879909
2025-12-12 04:00:00+00:00,92314.5,92486.0,92130.5,92422.5,146.06853184
2025-12-12 05:00:00+00:00,92422.0,92534.5,92009.0,92488.0,301.92036752
2025-12-12 06:00:00+00:00,92487.5,92766.5,92436.0,92543.5,1234.46754086
2025-12-12 07:00:00+00:00,92534.0,92600.0,92290.5,92466.5,657.90093946
2025-12-12 08:00:00+00:00,92466.5,92523.5,92107.5,92374.5,301.60919453
2025-12-12 09:00:00+00:00,92374.5,92585.5,92125.5,92560.5,181.03257668
2025-12-12 10:00:00+00:00,92560.0,92675.0,92422.5,92523.5,343.38268611
2025-12-12 11:00:00+00:00,92523.5,92523.5,92320.0,92446.0,97.9258676
2025-12-12 12:00:00+00:00,92446.0,92455.5,92114.5,92455.5,141.27838026
2025-12-12 13:00:00+00:00,92455.0,92538.5,92292.0,92330.5,238.65720199
2025-12-12 14:00:00+00:00,92335.0,92698.5,91946.0,92495.0,419.79348218
2025-12-12 15:00:00+00:00,92486.5,92486.5,89800.0,89933.5,1424.04122066
2025-12-12 16:00:00+00:00,89933.5,90449.5,89486.0,90050.0,966.83653922
2025-12-12 17:00:00+00:00,90047.5,90638.0,89846.5,90096.5,247.49839333
2025-12-12 18:00:00+00:00,90097.5,90689.0,90060.5,90391.0,359.78834084
2025-12-12 19:00:00+00:00,90391.5,90418.0,90037.0,90215.0,173.31070338
2025-12-12 20:00:00+00:00,90208.5,90368.0,89914.0,90231.0,430.03808453
2025-12-12 21:00:00+00:00,90224.0,90369.5,90140.0,90205.0,139.89440275
2025-12-12 22:00:00+00:00,90205.0,90419.0,90205.0,90340.0,46.52402065
2025-12-12 23:00:00+00:00,90354.5,90405.5,90261.5,90273.5,56.53213208
2025-12-13 00:00:00+00:00,90273.0,90456.5,90234.0,90335.5,152.68939768
2025-12-13 01:00:00+00:00,90330.0,90365.0,90140.0,90248.0,60.06531392
2025-12-13 02:00:00+00:00,90248.0,90337.5,90236.0,90242.0,34.62694974
2025-12-13 03:00:00+00:00,90242.5,90470.0,90228.0,90340.0,37.48286881
2025-12-13 04:00:00+00:00,90340.0,90415.0,90290.0,90380.5,22.69931207
2025-12-13 05:00:00+00:00,90384.5,90387.5,90281.0,90340.0,14.69275579
2025-12-13 06:00:00+00:00,90339.5,90382.5,90292.5,90379.5,31.68904555
2025-12-13 07:00:00+00:00,90379.5,90399.5,90315.0,90315.5,302.67265826
2025-12-13 08:00:00+00:00,90316.5,90585.5,90316.5,90450.5,126.35623704
2025-12-13 09:00:00+00:00,90451.0,90530.5,90396.5,90411.5,84.32641225
2025-12-13 10:00:00+00:00,90422.5,90636.5,90406.5,90591.0,52.23168904
2025-12-13 11:00:00+00:00,90591.0,90620.5,90316.0,90357.5,45.58723251
2025-12-13 12:00:00+00:00,90358.0,90504.5,90316.5,90370.0,48.62288168
2025-12-13 13:00:00+00:00,90370.0,90472.5,90224.5,90289.5,53.03486278
2025-12-13 14:00:00+00:00,90283.0,90350.0,89980.5,90115.0,107.19362458
2025-12-13 15:00:00+00:00,90115.0,90323.0,90082.5,90132.5,33.97696577
2025-12-13 16:00:00+00:00,90133.0,90287.5,90045.5,90120.0,46.34059927
2025-12-13 17:00:00+00:00,90120.0,90125.0,90020.0,90081.0,35.68483099
2025-12-13 18:00:00+00:00,90077.0,90200.0,90077.0,90141.5,24.61258428
2025-12-13 19:00:00+00:00,90141.5,90240.0,90141.5,90218.0,33.40562569
2025-12-13 20:00:00+00:00,90218.0,90240.0,90092.5,90133.5,40.08416015
2025-12-13 21:00:00+00:00,90137.5,90200.0,89792.5,90195.5,194.18706575
2025-12-13 22:00:00+00:00,90195.0,90275.0,90033.0,90175.0,65.34207735
2025-12-13 23:00:00+00:00,90158.0,90303.5,90106.5,90266.5,34.39898322
2025-12-14 00:00:00+00:00,90264.5,90498.0,90175.0,90377.0,217.53918032
2025-12-14 01:00:00+00:00,90375.5,90466.5,90237.5,90320.0,35.28664565
2025-12-14 02:00:00+00:00,90320.0,90408.0,90272.5,90309.5,33.93803619
2025-12-14 03:00:00+00:00,90311.0,90327.0,90275.0,90286.5,9.84016706
2025-12-14 04:00:00+00:00,90286.5,90340.0,90139.5,90223.5,38.35993638
2025-12-14 05:00:00+00:00,90223.0,90244.0,90080.5,90210.5,49.1400322
2025-12-14 06:00:00+00:00,90210.5,90282.0,90137.5,90180.5,169.60501211
2025-12-14 07:00:00+00:00,90180.0,90306.5,90120.5,90306.0,345.09320563
2025-12-14 08:00:00+00:00,90306.5,90327.0,90133.0,90158.0,102.20949729
2025-12-14 09:00:00+00:00,90158.0,90187.5,90032.0,90069.5,104.56138702
2025-12-14 10:00:00+00:00,90069.5,90162.0,89816.0,89880.5,145.28562522
2025-12-14 11:00:00+00:00,89880.0,89885.0,88642.5,89387.0,848.20098194
2025-12-14 12:00:00+00:00,89387.0,89680.5,89120.0,89436.5,288.36306558
2025-12-14 13:00:00+00:00,89436.5,89492.5,89090.0,89492.5,116.63487243
2025-12-14 14:00:00+00:00,89503.0,89558.5,88900.5,89114.5,187.43764746
2025-12-14 15:00:00+00:00,89114.5,89202.5,88883.5,89020.0,91.96330136
2025-12-14 16:00:00+00:00,89020.0,89396.0,88485.0,88816.5,158.90857077
2025-12-14 17:00:00+00:00,88816.5,89022.0,88595.5,88819.0,145.40128834
2025-12-14 18:00:00+00:00,88819.0,89087.5,88740.0,89016.5,90.47411909
2025-12-14 19:00:00+00:00,89016.5,89016.5,88507.0,88662.5,135.86768616
2025-12-14 20:00:00+00:00,88660.0,88839.5,88333.0,88569.0,152.03269847
2025-12-14 21:00:00+00:00,88569.0,88742.0,88347.0,88477.0,92.7117314
2025-12-14 22:00:00+00:00,88477.0,88629.5,88038.0,88438.0,272.64510534
2025-12-14 23:00:00+00:00,88438.0,88616.0,87566.5,88150.5,518.13749846
2025-12-15 00:00:00+00:00,88172.5,88705.0,88097.0,88500.5,284.30598548
2025-12-15 01:00:00+00:00,88500.5,89377.5,88466.0,89301.5,426.64087028
2025-12-15 02:00:00+00:00,89301.5,90074.0,89268.5,89336.0,573.13366505
2025-12-15 03:00:00+00:00,89336.0,89555.5,89260.0,89298.5,119.04813484
2025-12-15 04:00:00+00:00,89304.0,89815.5,89304.0,89695.5,145.77113212
2025-12-15 05:00:00+00:00,89697.5,89778.0,89525.0,89635.0,82.01151743
2025-12-15 06:00:00+00:00,89635.0,89951.0,89500.0,89777.5,97.16798835
2025-12-15 07:00:00+00:00,89778.0,89850.5,89550.0,89775.0,142.86388509
2025-12-15 08:00:00+00:00,89775.0,89919.5,89685.0,89789.5,78.67414073
2025-12-15 09:00:00+00:00,89789.5,89999.5,89780.0,89883.5,169.89191296
2025-12-15 10:00:00+00:00,89885.5,90000.0,89735.5,89885.0,282.85848173
2025-12-15 11:00:00+00:00,89885.0,89930.0,89621.5,89695.0,183.39194396
2025-12-15 12:00:00+00:00,89685.5,89786.0,89470.0,89727.5,179.09915084
2025-12-15 13:00:00+00:00,89727.5,89769.0,89318.0,89464.5,119.58694971
2025-12-15 14:00:00+00:00,89464.5,89919.0,87852.0,88075.0,1108.79826735
2025-12-15 15:00:00+00:00,88071.0,88207.5,86641.0,87041.0,1339.50181479
2025-12-15 16:00:00+00:00,87045.0,87218.0,86072.5,86419.0,820.96257235
2025-12-15 17:00:00+00:00,86401.0,86507.5,85624.5,85793.5,800.30461809
2025-12-15 18:00:00+00:00,85793.0,86275.0,85162.0,86205.5,776.99098323
2025-12-15 19:00:00+00:00,86205.5,86568.0,85871.0,86152.5,389.69133369
2025-12-15 20:00:00+00:00,86152.5,86196.5,85622.5,85788.0,1069.60121399
2025-12-15 21:00:00+00:00,85780.5,86285.0,85525.0,86219.0,463.75171832
2025-12-15 22:00:00+00:00,86228.0,86250.0,85838.0,86250.0,84.79382933
2025-12-15 23:00:00+00:00,86250.0,86465.0,86120.0,86421.0,226.93244607
2025-12-16 00:00:00+00:00,86442.0,86517.5,85851.0,85851.0,181.3683383
2025-12-16 01:00:00+00:00,85851.5,86173.5,85664.0,85897.0,266.89091937
2025-12-16 02:00:00+00:00,85897.5,86232.0,85808.5,85953.0,133.74631379
2025-12-16 03:00:00+00:00,85932.0,86028.5,85383.0,85867.5,324.44206243
2025-12-16 04:00:00+00:00,85867.5,85918.0,85286.5,85837.0,117.503244
2025-12-16 05:00:00+00:00,85837.0,86188.0,85815.5,86030.0,143.35432867
2025-12-16 06:00:00+00:00,86030.0,86593.0,86030.0,86488.5,533.93394592
2025-12-16 07:00:00+00:00,86489.0,86581.0,85860.5,86011.0,590.88836758
2025-12-16 08:00:00+00:00,86011.0,86370.5,85930.5,86269.5,359.97815476
2025-12-16 09:00:00+00:00,86269.5,86416.5,86184.5,86340.5,63.56701353
2025-12-16 10:00:00+00:00,86341.0,87350.0,86250.5,86992.0,980.76462708
2025-12-16 11:00:00+00:00,86993.5,87337.0,86828.0,87264.0,244.87694633
2025-12-16 12:00:00+00:00,87263.5,87479.5,87076.5,87217.0,276.6702023
2025-12-16 13:00:00+00:00,87217.5,87785.0,86446.5,86463.0,890.88657099
2025-12-16 14:00:00+00:00,86458.5,87756.0,86126.5,87278.0,817.22089582
2025-12-16 15:00:00+00:00,87306.0,88219.0,86827.5,87974.0,612.85167023
2025-12-16 16:00:00+00:00,87989.5,88059.5,87412.5,87586.0,683.47609112
2025-12-16 17:00:00+00:00,87586.0,87844.5,87093.0,87129.5,505.80814761
2025-12-16 18:00:00+00:00,87130.0,88017.5,87059.0,87775.0,292.85406975
2025-12-16 19:00:00+00:00,87774.5,87814.5,87277.0,87596.0,202.34812545
2025-12-16 20:00:00+00:00,87574.0,87870.0,87353.0,87600.0,178.82070758
2025-12-16 21:00:00+00:00,87574.5,87900.0,87494.5,87778.5,77.75875137
2025-12-16 22:00:00+00:00,87779.0,87943.0,87648.5,87783.5,120.70931737
2025-12-16 23:00:00+00:00,87784.0,87866.5,87600.5,87855.5,70.63763698
2025-12-17 00:00:00+00:00,87855.5,87869.5,87432.0,87523.5,97.78632477
2025-12-17 01:00:00+00:00,87531.5,87950.0,87493.5,87550.0,227.41472329
2025-12-17 02:00:00+00:00,87561.0,87597.0,87187.5,87491.0,112.03836047
2025-12-17 03:00:00+00:00,87498.0,87620.0,87168.0,87215.0,76.17047344
2025-12-17 04:00:00+00:00,87215.5,87402.0,86741.5,86764.0,190.04635958
2025-12-17 05:00:00+00:00,86764.5,86764.5,86197.5,86635.0,375.92468268
2025-12-17 06:00:00+00:00,86634.5,86993.0,86603.5,86772.5,167.98464897
2025-12-17 07:00:00+00:00,86772.5,87158.0,86586.5,87037.0,435.4918936
2025-12-17 08:00:00+00:00,87035.0,87035.0,86320.0,86369.0,338.26362901
2025-12-17 09:00:00+00:00,86369.0,86575.0,86248.5,86386.5,418.76014623
2025-12-17 10:00:00+00:00,86386.5,86823.5,86216.0,86606.0,158.3425488
2025-12-17 11:00:00+00:00,86606.5,87155.0,86560.0,86986.0,335.50551262
2025-12-17 12:00:00+00:00,86986.0,87250.5,86819.5,87030.5,303.26475779
2025-12-17 13:00:00+00:00,87030.5,87832.5,86816.5,87620.0,715.46380849
2025-12-17 14:00:00+00:00,87604.0,89690.0,87163.0,89690.0,1324.82349985
2025-12-17 15:00:00+00:00,89671.0,90374.0,87108.0,87201.0,2478.32096939
2025-12-17 16:00:00+00:00,87215.0,87757.0,86150.5,86973.0,1231.35756794
2025-12-17 17:00:00+00:00,86973.0,87067.5,86224.0,86416.0,304.56884771
2025-12-17 18:00:00+00:00,86425.0,86819.5,85650.0,85797.0,395.52637037
2025-12-17 19:00:00+00:00,85797.5,86156.0,85305.5,85995.0,529.63167778
2025-12-17 20:00:00+00:00,85995.0,86220.0,85650.0,85858.0,398.51541402
2025-12-17 21:00:00+00:00,85871.0,86027.5,85682.0,85964.5,122.79959297
2025-12-17 22:00:00+00:00,85960.0,86420.0,85874.0,86316.0,180.45527335
2025-12-17 23:00:00+00:00,86317.5,86317.5,85933.0,86237.5,93.40265089
2025-12-18 00:00:00+00:00,86237.0,86308.0,86062.0,86227.0,150.38824397
2025-12-18 01:00:00+00:00,86225.5,86233.5,85846.5,86104.0,287.06110833
2025-12-18 02:00:00+00:00,86113.5,86895.0,86003.5,86675.0,291.51954152
2025-12-18 03:00:00+00:00,86675.0,86675.0,86260.5,86611.0,173.35453492
2025-12-18 04:00:00+00:00,86611.0,86891.0,86605.0,86755.5,134.59208653
2025-12-18 05:00:00+00:00,86755.5,86756.0,86380.0,86435.0,136.31806732
2025-12-18 06:00:00+00:00,86435.5,86657.0,86408.5,86645.0,77.53162102
2025-12-18 07:00:00+00:00,86644.5,86850.5,86595.5,86821.0,273.51283709
2025-12-18 08:00:00+00:00,86821.0,87129.5,86690.0,86970.0,371.91050039
2025-12-18 09:00:00+00:00,86969.5,87391.5,86813.0,87288.0,290.70297437
2025-12-18 10:00:00+00:00,87288.5,87450.5,87220.0,87326.0,264.8563997
2025-12-18 11:00:00+00:00,87345.0,87345.0,87049.5,87243.5,115.74494503
2025-12-18 12:00:00+00:00,87256.0,87420.0,87099.5,87249.5,152.24247289
2025-12-18 13:00:00+00:00,87249.5,89201.5,87249.0,88830.5,1156.07050936
2025-12-18 14:00:00+00:00,88830.5,89453.5,87724.0,88347.5,673.62001884
2025-12-18 15:00:00+00:00,88313.0,89356.0,87954.0,88514.0,766.8629997
2025-12-18 16:00:00+00:00,88514.0,88517.5,87842.5,88008.5,354.60218771
2025-12-18 17:00:00+00:00,87986.0,88001.5,85449.0,86460.5,1311.44069751
2025-12-18 18:00:00+00:00,86460.0,86848.5,85689.5,85971.5,765.2457958
2025-12-18 19:00:00+00:00,85961.0,85991.5,84446.5,84459.5,1448.37575452
2025-12-18 20:00:00+00:00,84458.0,85230.5,84419.5,84577.5,543.09013283
2025-12-18 21:00:00+00:00,84541.0,85811.5,84538.0,85600.0,563.81651686
2025-12-18 22:00:00+00:00,85600.0,85721.0,85265.5,85555.5,147.70582227
2025-12-18 23:00:00+00:00,85556.0,85589.0,85285.0,85492.5,209.11931384
2025-12-19 00:00:00+00:00,85488.0,85570.0,85264.5,85570.0,256.27234337
2025-12-19 01:00:00+00:00,85570.0,85570.0,85103.0,85305.5,342.24381533
2025-12-19 02:00:00+00:00,85305.5,85910.0,85107.0,85617.5,433.1865638
2025-12-19 03:00:00+00:00,85617.5,87550.0,85589.5,86865.0,1094.24835551
2025-12-19 04:00:00+00:00,86876.0,87361.0,86827.5,87087.5,478.68204268
2025-12-19 05:00:00+00:00,87087.5,87214.0,86666.0,87105.0,341.26053554
2025-12-19 06:00:00+00:00,87104.5,87459.0,86880.5,87455.5,332.99547924
2025-12-19 07:00:00+00:00,87458.0,88371.0,87458.0,87926.0,1687.31075738
2025-12-19 08:00:00+00:00,87926.0,88201.0,87720.0,88110.0,588.56604949
2025-12-19 09:00:00+00:00,88100.0,88159.5,87876.0,88090.0,235.69356201
2025-12-19 10:00:00+00:00,88089.5,88308.0,87912.0,88249.5,275.73104051
2025-12-19 11:00:00+00:00,88249.0,88355.0,88130.5,88180.0,140.117947
2025-12-19 12:00:00+00:00,88180.5,88257.0,87806.0,87827.5,190.96258227
2025-12-19 13:00:00+00:00,87827.5,88190.5,87803.0,87968.0,222.11069963
2025-12-19 14:00:00+00:00,87967.5,88520.0,87490.5,88157.5,421.51539954
2025-12-19 15:00:00+00:00,88148.0,89429.5,87708.0,87927.0,1156.45846065
2025-12-19 16:00:00+00:00,87927.0,88862.5,87844.5,87946.0,397.56571654
2025-12-19 17:00:00+00:00,87946.0,88320.0,86853.0,86930.0,613.29130503
2025-12-19 18:00:00+00:00,86930.5,87447.0,86830.0,87130.0,566.36215996
2025-12-19 19:00:00+00:00,87133.0,88087.5,87103.5,87812.0,525.8736082
2025-12-19 20:00:00+00:00,87812.5,88399.5,87574.5,88070.5,502.81486067
2025-12-19 21:00:00+00:00,88070.5,88070.5,87768.0,87800.0,145.34985836
2025-12-19 22:00:00+00:00,87800.0,88392.0,87800.0,88320.5,154.75675545
2025-12-19 23:00:00+00:00,88320.0,88320.0,88108.0,88109.5,123.73766482
2025-12-20 00:00:00+00:00,88109.5,88159.5,87940.0,87980.0,83.45797467
2025-12-20 01:00:00+00:00,87980.0,88135.5,87980.0,88044.5,35.60888089
2025-12-20 02:00:00+00:00,88045.0,88284.0,87963.5,88165.5,59.92690276
2025-12-20 03:00:00+00:00,88165.5,88302.0,88147.5,88194.0,37.47780558
2025-12-20 04:00:00+00:00,88194.5,88289.5,88100.0,88257.5,74.45275821
2025-12-20 05:00:00+00:00,88257.5,88541.5,88245.0,88278.0,135.67193367
2025-12-20 06:00:00+00:00,88278.0,88433.5,88271.5,88292.0,54.2187433
2025-12-20 07:00:00+00:00,88292.0,88310.0,88183.0,88283.0,190.72388783
2025-12-20 08:00:00+00:00,88283.0,88425.0,88252.5,88253.0,190.84501231
2025-12-20 09:00:00+00:00,88252.5,88333.0,88216.5,88220.0,105.63559041
2025-12-20 10:00:00+00:00,88220.0,88265.0,88131.5,88150.5,68.17544066
2025-12-20 11:00:00+00:00,88150.5,88318.0,88115.0,88259.0,132.63856912
2025-12-20 12:00:00+00:00,88259.0,88319.0,88195.0,88236.0,43.6678494
2025-12-20 13:00:00+00:00,88236.5,88335.0,87783.0,88247.0,251.03828338
2025-12-20 14:00:00+00:00,88246.5,88246.5,87975.5,88231.5,143.41046301
2025-12-20 15:00:00+00:00,88231.0,88237.5,87987.5,88157.5,88.29356758
2025-12-20 16:00:00+00:00,88158.0,88212.0,88112.5,88123.0,46.70722805
2025-12-20 17:00:00+00:00,88123.0,88229.0,88072.0,88155.0,40.20033826
2025-12-20 18:00:00+00:00,88155.0,88388.0,88120.0,88290.5,62.77569642
2025-12-20 19:00:00+00:00,88290.0,88293.5,88176.0,88199.0,40.2162836
2025-12-20 20:00:00+00:00,88199.0,88283.5,88182.5,88250.0,33.68596175
2025-12-20 21:00:00+00:00,88250.0,88405.0,88168.0,88184.0,104.15253704
2025-12-20 22:00:00+00:00,88185.0,88322.0,88139.5,88265.5,49.55573388
2025-12-20 23:00:00+00:00,88265.5,88406.0,88243.0,88353.0,45.08743672
2025-12-21 00:00:00+00:00,88343.5,88399.5,88273.0,88379.0,77.23542441
2025-12-21 01:00:00+00:00,88379.0,88379.0,88003.5,88004.0,134.13530222
2025-12-21 02:00:00+00:00,88003.5,88123.5,87864.0,87950.0,146.70219674
2025-12-21 03:00:00+00:00,87950.0,88152.0,87941.5,88066.0,87.81563778
2025-12-21 04:00:00+00:00,88066.0,88130.5,88042.5,88059.5,54.28760708
2025-12-21 05:00:00+00:00,88059.5,88140.0,88045.5,88116.0,59.8971547
2025-12-21 06:00:00+00:00,88116.0,88165.0,88060.0,88072.5,78.79634385
2025-12-21 07:00:00+00:00,88072.5,88158.0,88023.0,88158.0,316.46199464
2025-12-21 08:00:00+00:00,88158.0,88744.5,88132.5,88521.5,210.81029274
2025-12-21 09:00:00+00:00,88525.0,89067.5,88476.5,88879.0,213.61208693
2025-12-21 10:00:00+00:00,88910.5,88958.0,88580.0,88650.0,87.70220914
2025-12-21 11:00:00+00:00,88656.5,88735.0,88580.0,88597.5,60.45855791
2025-12-21 12:00:00+00:00,88597.5,88919.5,88465.0,88630.0,109.9914963
2025-12-21 13:00:00+00:00,88637.0,88679.5,87596.5,87673.5,355.59819473
2025-12-21 14:00:00+00:00,87657.0,88136.5,87607.0,88067.5,200.34337581
2025-12-21 15:00:00+00:00,88067.0,88247.0,87820.0,88056.5,73.0201976
2025-12-21 16:00:00+00:00,88058.5,88345.5,87979.0,88345.5,91.54168339
2025-12-21 17:00:00+00:00,88345.5,88500.0,88267.5,88296.5,99.30114516
2025-12-21 18:00:00+00:00,88296.5,88440.0,87936.0,88440.0,66.50134404
2025-12-21 19:00:00+00:00,88440.0,88592.0,88199.0,88470.5,115.24541238
2025-12-21 20:00:00+00:00,88470.5,88491.5,88218.0,88218.0,69.12331655
2025-12-21 21:00:00+00:00,88218.0,88357.5,88087.0,88146.0,51.97029085
2025-12-21 22:00:00+00:00,88146.0,88487.5,88115.0,88487.0,93.4496731
2025-12-21 23:00:00+00:00,88486.5,88834.5,88375.0,88645.0,146.38003918
2025-12-22 00:00:00+00:00,88645.0,89626.0,88622.0,88622.5,432.51488631
2025-12-22 01:00:00+00:00,88622.5,89285.0,88530.5,88610.5,198.15984377
2025-12-22 02:00:00+00:00,88611.0,88649.5,87888.0,88455.5,268.3523784
2025-12-22 03:00:00+00:00,88455.5,88851.5,88291.5,88775.5,112.07606577
2025-12-22 04:00:00+00:00,88775.5,89045.5,88730.0,88907.5,219.92140764
2025-12-22 05:00:00+00:00,88908.0,88998.0,88750.5,88834.5,80.76695048
2025-12-22 06:00:00+00:00,88827.0,89000.0,88730.0,88904.5,99.69303912
2025-12-22 07:00:00+00:00,88904.5,89199.0,88890.0,89191.5,258.33290225
2025-12-22 08:00:00+00:00,89189.5,89900.0,89100.0,89317.5,615.43219381
2025-12-22 09:00:00+00:00,89334.5,89838.5,89293.0,89836.0,128.96337279
2025-12-22 10:00:00+00:00,89836.0,89868.5,89620.0,89775.0,147.04563077
2025-12-22 11:00:00+00:00,89775.0,90096.5,89660.0,89940.0,166.57134224
2025-12-22 12:00:00+00:00,89927.0,90596.5,89846.5,90200.5,341.23092553
2025-12-22 13:00:00+00:00,90200.5,90327.0,89727.5,89909.5,157.30699644
2025-12-22 14:00:00+00:00,89902.5,90288.0,89424.5,90117.5,457.69091551
2025-12-22 15:00:00+00:00,90130.5,90429.5,89186.5,89722.0,546.35463022
2025-12-22 16:00:00+00:00,89722.0,90115.5,89524.5,89557.5,251.80044979
2025-12-22 17:00:00+00:00,89539.5,89555.0,89078.0,89310.0,257.30770323
2025-12-22 18:00:00+00:00,89310.0,89511.5,89130.0,89143.0,126.45583149
2025-12-22 19:00:00+00:00,89140.0,89140.0,87965.5,88059.0,491.21747242
2025-12-22 20:00:00+00:00,88041.0,88469.5,87919.5,88347.5,240.67782681
2025-12-22 21:00:00+00:00,88337.5,88600.0,88221.5,88261.0,127.70641172
2025-12-22 22:00:00+00:00,88250.0,88804.0,88150.5,88640.5,143.95668364
2025-12-22 23:00:00+00:00,88662.5,88673.5,88420.0,88600.0,86.3462609
2025-12-23 00:00:00+00:00,88600.0,88907.5,88476.5,88749.5,133.05248388
2025-12-23 01:00:00+00:00,88749.5,88861.0,88406.5,88481.5,104.10981065
2025-12-23 02:00:00+00:00,88481.5,88730.0,88101.0,88183.5,281.25282009
2025-12-23 03:00:00+00:00,88184.0,88351.5,87734.5,88145.0,285.31081656
2025-12-23 04:00:00+00:00,88145.0,88340.0,87893.0,87893.0,160.12149111
2025-12-23 05:00:00+00:00,87893.5,87983.5,87570.0,87720.0,224.66579021
2025-12-23 06:00:00+00:00,87720.5,87751.0,87021.5,87370.0,487.89793129
2025-12-23 07:00:00+00:00,87370.0,87642.5,87344.0,87521.5,302.36702639
2025-12-23 08:00:00+00:00,87522.0,87640.0,87387.0,87409.5,180.07711582
2025-12-23 09:00:00+00:00,87409.0,87573.5,87260.0,87486.0,126.81106202
2025-12-23 10:00:00+00:00,87485.5,87607.5,87463.0,87567.0,107.87786962
2025-12-23 11:00:00+00:00,87567.0,87849.0,87508.5,87809.5,74.48265464
2025-12-23 12:00:00+00:00,87809.0,87921.0,87576.5,87756.5,130.93304749
2025-12-23 13:00:00+00:00,87756.5,87879.0,87386.5,87585.0,236.46566279
2025-12-23 14:00:00+00:00,87574.5,87793.5,86600.0,86849.0,484.40800831
2025-12-23 15:00:00+00:00,86853.5,87527.5,86703.5,87419.5,309.58345039
2025-12-23 16:00:00+00:00,87419.0,88158.0,87300.0,87980.5,406.17475076
2025-12-23 17:00:00+00:00,87980.0,88330.5,87157.0,87158.0,321.15026196
2025-12-23 18:00:00+00:00,87158.0,88159.0,87144.5,87970.0,236.47452309
2025-12-23 19:00:00+00:00,87954.5,88015.0,87626.5,87742.0,129.73601517
2025-12-23 20:00:00+00:00,87731.5,88392.5,87491.5,87685.5,318.2596063
2025-12-23 21:00:00+00:00,87686.0,87832.5,87494.0,87693.5,88.57973669
2025-12-23 22:00:00+00:00,87699.0,87761.5,87213.5,87367.0,137.72791178
2025-12-23 23:00:00+00:00,87367.0,87488.0,87149.5,87456.0,120.50112154
2025-12-24 00:00:00+00:00,87456.0,87646.0,87230.5,87631.5,87.55080252
2025-12-24 01:00:00+00:00,87620.0,87809.5,87460.0,87608.0,84.15235661
2025-12-24 02:00:00+00:00,87586.0,87617.5,86905.0,87097.0,230.26965715
2025-12-24 03:00:00+00:00,87097.5,87374.5,86833.0,87308.0,156.21304038
2025-12-24 04:00:00+00:00,87308.0,87435.0,87052.0,87099.5,157.06016972
2025-12-24 05:00:00+00:00,87100.0,87229.5,86749.0,86901.0,135.6680407
2025-12-24 06:00:00+00:00,86915.0,87028.5,86754.0,86973.5,59.66896506
2025-12-24 07:00:00+00:00,86973.5,87151.0,86873.0,86878.0,140.64075594
2025-12-24 08:00:00+00:00,86878.5,87033.0,86730.0,86745.0,109.25194881
2025-12-24 09:00:00+00:00,86745.5,86855.0,86700.0,86780.0,78.68979102
2025-12-24 10:00:00+00:00,86780.0,87178.5,86780.0,87067.0,81.52541578
2025-12-24 11:00:00+00:00,87067.0,87326.5,87067.0,87185.0,408.40562082
2025-12-24 12:00:00+00:00,87185.5,87457.5,87113.0,87412.0,290.94394078
2025-12-24 13:00:00+00:00,87411.5,87412.0,87030.0,87260.5,131.88033998
2025-12-24 14:00:00+00:00,87261.0,87421.5,86381.5,86970.0,403.53577276
2025-12-24 15:00:00+00:00,86970.0,87200.0,86550.0,87039.0,258.81010587
2025-12-24 16:00:00+00:00,87038.5,87650.0,86898.5,87254.5,410.7689881
2025-12-24 17:00:00+00:00,87254.5,87536.5,87220.0,87272.0,170.44075616
2025-12-24 18:00:00+00:00,87269.5,87521.0,87202.5,87439.5,145.39901839
2025-12-24 19:00:00+00:00,87439.0,87576.5,87309.5,87530.0,89.99872355
2025-12-24 20:00:00+00:00,87530.0,87652.0,87496.0,87521.0,66.25022746
2025-12-24 21:00:00+00:00,87521.0,87768.5,87521.0,87668.5,115.47311848
2025-12-24 22:00:00+00:00,87669.0,88026.0,87669.0,87974.0,151.37317393
2025-12-24 23:00:00+00:00,87974.0,87992.0,87548.5,87650.5,112.49791426
2025-12-25 00:00:00+00:00,87650.5,87717.0,87477.5,87544.5,91.99157558
2025-12-25 01:00:00+00:00,87544.5,87712.0,87536.5,87660.0,59.1167462
2025-12-25 02:00:00+00:00,87671.5,87937.5,87524.5,87854.0,73.57165667
2025-12-25 03:00:00+00:00,87853.5,87892.0,87732.5,87825.5,20.95851388
2025-12-25 04:00:00+00:00,87826.0,87826.0,87682.0,87736.0,59.76935828
2025-12-25 05:00:00+00:00,87736.0,87754.5,87620.0,87718.0,31.96518085
2025-12-25 06:00:00+00:00,87718.0,87812.0,87649.5,87812.0,92.62723301
2025-12-25 07:00:00+00:00,87812.0,87843.5,87750.0,87822.0,63.76400558
2025-12-25 08:00:00+00:00,87822.0,87869.5,87333.0,87550.0,351.4552075
2025-12-25 09:00:00+00:00,87550.0,87555.0,87404.0,87479.5,58.48206199
2025-12-25 10:00:00+00:00,87479.5,87479.5,87220.0,87393.5,168.04238136
2025-12-25 11:00:00+00:00,87393.5,87534.5,87393.0,87481.5,127.40667828
2025-12-25 12:00:00+00:00,87481.0,87550.5,87455.0,87538.5,50.06742233
2025-12-25 13:00:00+00:00,87538.5,87643.0,87370.0,87599.5,121.44195321
2025-12-25 14:00:00+00:00,87599.5,87720.0,87510.5,87681.5,123.31752386
2025-12-25 15:00:00+00:00,87681.5,88630.5,87681.5,88341.0,649.33948409
2025-12-25 16:00:00+00:00,88346.5,88457.0,87954.0,88043.5,499.14761098
2025-12-25 17:00:00+00:00,88043.5,88181.0,87942.0,88101.0,141.61223381
2025-12-25 18:00:00+00:00,88101.5,88283.5,88101.5,88205.0,114.2088336
2025-12-25 19:00:00+00:00,88205.0,88205.0,88035.0,88107.5,104.88336106
2025-12-25 20:00:00+00:00,88107.5,88117.0,87612.0,87844.5,241.80711888
2025-12-25 21:00:00+00:00,87844.0,87942.5,87775.5,87850.0,107.39190093
2025-12-25 22:00:00+00:00,87851.0,87867.5,87269.0,87601.5,378.91626396
2025-12-25 23:00:00+00:00,87601.5,87745.5,86903.5,87185.0,413.98742445
2025-12-26 00:00:00+00:00,87178.0,87273.0,86843.0,87075.5,448.27956051
2025-12-26 01:00:00+00:00,87075.5,87462.5,87075.5,87400.0,1755.37318232
2025-12-26 02:00:00+00:00,87392.0,89397.5,87377.5,89135.5,1325.81550173
2025-12-26 03:00:00+00:00,89152.5,89221.5,88624.0,88790.0,541.52619631
2025-12-26 04:00:00+00:00,88789.5,89109.0,88397.0,88917.0,895.83887427
2025-12-26 05:00:00+00:00,88917.0,88996.0,88782.5,88944.0,432.72650654
2025-12-26 06:00:00+00:00,88953.0,89204.5,88953.0,89080.0,400.28219986
2025-12-26 07:00:00+00:00,89080.5,89536.5,88232.0,88460.0,1564.45390294
2025-12-26 08:00:00+00:00,88458.0,88861.5,88458.0,88730.0,581.33506586
2025-12-26 09:00:00+00:00,88725.5,88886.5,88637.0,88798.5,152.64080937
2025-12-26 10:00:00+00:00,88798.5,88875.0,88666.5,88727.5,154.58960553
2025-12-26 11:00:00+00:00,88727.5,88727.5,88502.5,88502.5,129.92244126
2025-12-26 12:00:00+00:00,88502.5,88728.5,88502.5,88660.0,109.02456766
2025-12-26 13:00:00+00:00,88660.5,89032.5,88601.0,88992.0,95.65963903
2025-12-26 14:00:00+00:00,88992.0,89031.0,87325.0,87367.5,672.97543476
2025-12-26 15:00:00+00:00,87362.5,87362.5,86631.5,87095.5,935.07779589
2025-12-26 16:00:00+00:00,87110.0,87357.5,86828.0,86828.0,1030.95099544
2025-12-26 17:00:00+00:00,86828.5,87437.0,86784.0,87277.5,608.90334127
2025-12-26 18:00:00+00:00,87277.0,87333.0,87107.5,87233.5,206.25432513
2025-12-26 19:00:00+00:00,87233.5,87537.0,87205.0,87473.5,93.39111357
2025-12-26 20:00:00+00:00,87473.0,87752.0,87362.0,87556.0,165.43408682
2025-12-26 21:00:00+00:00,87558.5,87661.5,87420.0,87428.5,152.62782935
2025-12-26 22:00:00+00:00,87428.5,87541.0,87275.0,87503.0,191.95874448
2025-12-26 23:00:00+00:00,87503.0,87507.5,87300.0,87330.5,38.51615019
2025-12-27 00:00:00+00:00,87330.0,87381.5,87218.5,87367.5,56.95613601
2025-12-27 01:00:00+00:00,87368.0,87472.0,87303.0,87447.0,17.3130956
2025-12-27 02:00:00+00:00,87446.5,87450.5,87367.5,87405.0,13.08910175
2025-12-27 03:00:00+00:00,87405.0,87500.5,87362.5,87471.0,16.78689982
2025-12-27 04:00:00+00:00,87471.0,87492.0,87433.5,87443.5,15.39575562
2025-12-27 05:00:00+00:00,87444.0,87490.5,87420.0,87490.5,20.57563347
2025-12-27 06:00:00+00:00,87490.5,87542.5,87393.0,87437.0,36.71056677
2025-12-27 07:00:00+00:00,87437.0,87665.5,87437.0,87508.5,191.84525185
2025-12-27 08:00:00+00:00,87508.5,87641.0,87508.5,87566.0,75.44876885
2025-12-27 09:00:00+00:00,87566.0,87646.5,87514.0,87598.0,24.92278735
2025-12-27 10:00:00+00:00,87598.0,87610.5,87351.0,87473.0,65.56761379
2025-12-27 11:00:00+00:00,87473.0,87531.0,87427.5,87443.0,33.64593159
2025-12-27 12:00:00+00:00,87443.5,87500.0,87404.0,87458.0,9.45624225
2025-12-27 13:00:00+00:00,87458.0,87465.5,87286.5,87449.5,34.98088987
2025-12-27 14:00:00+00:00,87449.5,87542.5,87392.5,87525.0,32.66983691
2025-12-27 15:00:00+00:00,87525.5,87563.5,87463.0,87524.5,15.89171741
2025-12-27 16:00:00+00:00,87529.0,87562.5,87427.5,87481.0,31.81898887
2025-12-27 17:00:00+00:00,87481.0,87537.5,87455.0,87530.5,48.85950576
2025-12-27 18:00:00+00:00,87531.0,87531.0,87438.5,87456.5,65.92377585
2025-12-27 19:00:00+00:00,87457.0,87574.5,87457.0,87543.0,79.50938419
2025-12-27 20:00:00+00:00,87549.5,87600.0,87498.0,87518.5,45.74397273
2025-12-27 21:00:00+00:00,87518.5,87651.0,87518.0,87632.5,54.46914383
2025-12-27 22:00:00+00:00,87632.5,87918.0,87480.5,87528.0,123.73088857
2025-12-27 23:00:00+00:00,87528.0,87951.5,87528.0,87846.0,93.14537419
2025-12-28 00:00:00+00:00,87846.5,87935.0,87673.5,87814.0,87.90503834
2025-12-28 01:00:00+00:00,87814.0,87915.5,87698.5,87747.5,21.04588085
2025-12-28 02:00:00+00:00,87747.0,87835.0,87718.5,87772.5,19.7424315
2025-12-28 03:00:00+00:00,87772.5,87808.0,87709.5,87709.5,11.26138706
2025-12-28 04:00:00+00:00,87705.0,87802.5,87658.0,87690.5,23.19936435
2025-12-28 05:00:00+00:00,87690.5,87690.5,87577.0,87619.5,35.74896121
2025-12-28 06:00:00+00:00,87619.5,87754.5,87611.5,87705.5,30.56842596
2025-12-28 07:00:00+00:00,87705.5,87705.5,87637.5,87704.5,477.67349304
2025-12-28 08:00:00+00:00,87704.5,87951.0,87704.5,87782.5,358.0201679
2025-12-28 09:00:00+00:00,87782.5,87878.0,87702.5,87770.0,48.29881366
2025-12-28 10:00:00+00:00,87770.0,87983.5,87770.0,87824.0,73.59859815
2025-12-28 11:00:00+00:00,87824.0,87901.5,87791.5,87846.5,45.45178525
2025-12-28 12:00:00+00:00,87846.5,87859.5,87746.5,87830.0,45.47651479
2025-12-28 13:00:00+00:00,87821.0,87917.5,87778.0,87866.0,31.04574312
2025-12-28 14:00:00+00:00,87849.5,88070.0,87849.5,87876.5,90.9748551
2025-12-28 15:00:00+00:00,87876.5,87964.0,87792.5,87795.0,36.89553477
2025-12-28 16:00:00+00:00,87795.0,87852.5,87697.0,87772.0,51.66918187
2025-12-28 17:00:00+00:00,87772.5,87891.5,87725.0,87725.0,31.89230699
2025-12-28 18:00:00+00:00,87725.0,87725.5,87465.0,87558.0,107.89784008
2025-12-28 19:00:00+00:00,87558.0,87648.5,87456.0,87468.0,165.42449276
2025-12-28 20:00:00+00:00,87468.0,87602.5,87393.0,87457.0,142.17479272
2025-12-28 21:00:00+00:00,87457.0,87535.5,87385.0,87520.0,97.5503562
2025-12-28 22:00:00+00:00,87520.0,87949.0,87428.5,87862.5,113.81470376
2025-12-28 23:00:00+00:00,87862.0,87999.5,87607.0,87901.5,141.76248134
2025-12-29 00:00:00+00:00,87901.0,88404.5,87762.5,88266.0,291.75573021
2025-12-29 01:00:00+00:00,88256.0,88476.0,87829.0,88407.0,234.70704995
2025-12-29 02:00:00+00:00,88407.5,89357.0,88407.5,89115.0,743.41835203
2025-12-29 03:00:00+00:00,89115.5,90112.5,89037.5,90074.5,1070.22427659
2025-12-29 04:00:00+00:00,90075.0,90342.0,89900.0,90100.0,658.00609087
2025-12-29 05:00:00+00:00,90100.0,90241.0,89867.5,89916.0,493.9832001
2025-12-29 06:00:00+00:00,89916.5,90057.0,89625.0,89711.0,260.79035343
2025-12-29 07:00:00+00:00,89711.0,89790.5,89406.0,89538.0,358.78409091
2025-12-29 08:00:00+00:00,89538.5,89755.0,89270.5,89483.5,349.23513637
2025-12-29 09:00:00+00:00,89484.0,89529.5,87705.0,88019.5,1073.96116254
2025-12-29 10:00:00+00:00,88019.5,88176.0,87576.0,87696.0,509.63580431
2025-12-29 11:00:00+00:00,87696.0,87708.0,87474.5,87480.0,234.31097892
2025-12-29 12:00:00+00:00,87480.0,87537.0,86726.0,87286.5,766.27875056
2025-12-29 13:00:00+00:00,87286.5,87442.0,87067.0,87299.0,218.31973735
2025-12-29 14:00:00+00:00,87298.5,88120.0,87175.5,87349.5,620.00032916
2025-12-29 15:00:00+00:00,87349.5,87848.0,87133.5,87637.5,208.34353753
2025-12-29 16:00:00+00:00,87637.5,87788.0,87381.5,87568.5,82.6242064
2025-12-29 17:00:00+00:00,87569.0,87787.5,87295.0,87787.0,88.61765867
2025-12-29 18:00:00+00:00,87787.5,87999.5,87274.0,87374.0,224.20179258
2025-12-29 19:00:00+00:00,87374.5,87599.5,87249.5,87286.5,133.64497058
2025-12-29 20:00:00+00:00,87286.0,87522.0,87014.5,87158.0,193.03570623
2025-12-29 21:00:00+00:00,87145.5,87296.5,87118.0,87273.5,46.23720416
2025-12-29 22:00:00+00:00,87274.0,87332.5,87006.0,87275.0,59.26926409
2025-12-29 23:00:00+00:00,87271.5,87323.0,87115.0,87173.0,63.44036258
2025-12-30 00:00:00+00:00,87168.5,87278.0,87032.5,87158.0,130.28842779
2025-12-30 01:00:00+00:00,87158.0,87269.5,87029.0,87217.0,167.55294438
2025-12-30 02:00:00+00:00,87226.0,87250.0,86900.5,87029.0,313.6418999
2025-12-30 03:00:00+00:00,87029.0,87346.5,86755.0,87288.0,413.69106143
2025-12-30 04:00:00+00:00,87298.5,87411.0,87225.5,87242.5,105.95650345
2025-12-30 05:00:00+00:00,87242.5,87278.5,87087.5,87181.5,94.86210489
2025-12-30 06:00:00+00:00,87181.5,87473.0,87156.5,87357.5,133.95697664
2025-12-30 07:00:00+00:00,87358.0,87561.0,87289.0,87393.5,286.09572401
2025-12-30 08:00:00+00:00,87393.5,88170.5,87393.5,87790.5,534.20510252
2025-12-30 09:00:00+00:00,87790.5,87978.0,87576.0,87918.0,176.45036486
2025-12-30 10:00:00+00:00,87918.5,88120.0,87845.0,87888.0,216.46195719
2025-12-30 11:00:00+00:00,87888.0,87952.0,87682.0,87824.0,55.81515731
2025-12-30 12:00:00+00:00,87827.0,88011.5,87827.0,87932.5,68.66169085
2025-12-30 13:00:00+00:00,87944.5,88054.5,87828.0,88037.5,94.41254994
2025-12-30 14:00:00+00:00,88028.0,88922.0,87755.0,88784.0,735.3783375
2025-12-30 15:00:00+00:00,88803.0,89089.5,88028.0,88956.5,801.36643849
2025-12-30 16:00:00+00:00,88976.5,89339.0,88530.5,88697.0,603.31634242
2025-12-30 17:00:00+00:00,88687.0,88838.0,88020.5,88308.0,378.8800377
2025-12-30 18:00:00+00:00,88308.0,88440.0,88075.0,88248.0,139.33441923
2025-12-30 19:00:00+00:00,88242.5,88390.0,87894.0,88166.5,402.80155229
2025-12-30 20:00:00+00:00,88166.0,88166.0,87804.0,87853.5,216.99922854
2025-12-30 21:00:00+00:00,87869.5,88287.0,87810.0,88205.5,105.4245791
2025-12-30 22:00:00+00:00,88205.5,88399.5,88205.5,88367.0,185.91496837
2025-12-30 23:00:00+00:00,88367.0,88692.5,88306.0,88430.5,158.18642449
2025-12-31 00:00:00+00:00,88430.5,88431.0,88201.0,88204.5,84.55605501
2025-12-31 01:00:00+00:00,88204.5,88739.0,88110.0,88598.0,291.52160811
2025-12-31 02:00:00+00:00,88598.5,88695.0,88467.5,88619.5,111.19031872
2025-12-31 03:00:00+00:00,88619.0,88765.5,88320.0,88381.5,144.05465353
2025-12-31 04:00:00+00:00,88381.5,88484.0,88257.5,88275.5,69.93772857
2025-12-31 05:00:00+00:00,88275.5,88453.5,88245.5,88400.5,155.72445216
2025-12-31 06:00:00+00:00,88393.5,88492.5,88393.5,88443.0,60.00404767
2025-12-31 07:00:00+00:00,88442.5,88587.5,88350.5,88529.0,186.16925371
2025-12-31 08:00:00+00:00,88529.0,88640.0,88278.0,88349.5,227.49523501
2025-12-31 09:00:00+00:00,88349.5,88637.0,88349.0,88580.5,96.90356797
2025-12-31 10:00:00+00:00,88580.0,88917.5,88576.5,88760.0,182.72679294
2025-12-31 11:00:00+00:00,88760.0,89000.0,88742.5,88962.5,266.04016655
2025-12-31 12:00:00+00:00,88962.5,88980.0,88601.0,88717.0,151.68120779
2025-12-31 13:00:00+00:00,88716.5,88983.0,88676.0,88927.5,146.03403444
2025-12-31 14:00:00+00:00,88927.5,89146.0,88199.5,88420.5,574.65588636
2025-12-31 15:00:00+00:00,88420.0,88420.0,87690.0,87842.5,631.68480083
2025-12-31 16:00:00+00:00,87860.5,87948.0,87300.0,87558.5,446.02789931
2025-12-31 17:00:00+00:00,87558.0,87652.5,87404.5,87525.0,99.02438627
2025-12-31 18:00:00+00:00,87525.5,87893.5,87485.5,87587.0,131.21013269
2025-12-31 19:00:00+00:00,87597.0,87782.0,87415.5,87431.5,78.31655735
2025-12-31 20:00:00+00:00,87442.0,87601.5,87120.0,87554.0,358.25633167
2025-12-31 21:00:00+00:00,87559.5,87756.5,87559.5,87704.0,60.35230541
2025-12-31 22:00:00+00:00,87704.0,87775.0,87556.0,87632.0,74.14956623
2025-12-31 23:00:00+00:00,87632.5,87632.5,87525.0,87545.5,33.5411564
2026-01-01 00:00:00+00:00,87545.5,87745.5,87532.5,87706.0,71.99098016
2026-01-01 01:00:00+00:00,87706.0,87984.5,87706.0,87853.0,84.71809411
2026-01-01 02:00:00+00:00,87853.0,87988.0,87778.0,87798.5,47.7970285
2026-01-01 03:00:00+00:00,87798.5,87900.0,87720.0,87720.0,52.29490365
2026-01-01 04:00:00+00:00,87720.0,87730.5,87429.5,87475.0,109.72771827
2026-01-01 05:00:00+00:00,87468.0,87622.0,87467.5,87598.0,65.25343603
2026-01-01 06:00:00+00:00,87598.0,87598.0,87535.5,87555.5,19.60897126
2026-01-01 07:00:00+00:00,87555.5,87574.0,87482.0,87506.5,302.9044467
2026-01-01 08:00:00+00:00,87506.0,87690.0,87506.0,87650.0,206.43887713
2026-01-01 09:00:00+00:00,87650.0,87875.5,87634.5,87764.5,109.88553014
2026-01-01 10:00:00+00:00,87764.5,87775.5,87685.0,87758.0,39.39421908
2026-01-01 11:00:00+00:00,87758.0,87999.5,87751.0,87924.0,86.05041955
2026-01-01 12:00:00+00:00,87924.0,87924.5,87823.5,87850.0,64.51122258
2026-01-01 13:00:00+00:00,87845.0,87925.0,87765.5,87816.5,42.44785946
2026-01-01 14:00:00+00:00,87817.0,87872.5,87722.5,87870.0,186.95622225
2026-01-01 15:00:00+00:00,87870.0,88082.0,87835.0,87936.5,141.22546337
2026-01-01 16:00:00+00:00,87937.0,87937.0,87782.5,87893.0,59.48798966
2026-01-01 17:00:00+00:00,87893.0,88475.5,87875.5,88221.5,265.74116632
2026-01-01 18:00:00+00:00,88221.5,88275.0,88011.5,88100.0,53.60555893
2026-01-01 19:00:00+00:00,88100.0,88386.0,87994.5,88303.5,75.2355378
2026-01-01 20:00:00+00:00,88312.5,88312.5,88150.5,88173.0,61.49461994
2026-01-01 21:00:00+00:00,88173.5,88369.5,88173.5,88302.5,77.2013372
2026-01-01 22:00:00+00:00,88302.5,88692.5,88302.5,88566.5,181.87567074
2026-01-01 23:00:00+00:00,88566.0,88856.5,88392.5,88760.5,347.60984885
2026-01-02 00:00:00+00:00,88760.5,88819.5,88534.5,88762.5,200.61408983
2026-01-02 01:00:00+00:00,88767.5,88809.5,88470.5,88568.0,144.01279806
2026-01-02 02:00:00+00:00,88568.0,88601.0,88324.0,88573.0,115.75326003
2026-01-02 03:00:00+00:00,88573.5,89118.5,88504.0,88870.0,329.88168082
2026-01-02 04:00:00+00:00,88883.0,88936.0,88560.5,88560.5,334.26661417
2026-01-02 05:00:00+00:00,88560.5,88710.0,88502.0,88682.5,171.90417558
2026-01-02 06:00:00+00:00,88682.5,89017.0,88654.5,88867.0,320.70958622
2026-01-02 07:00:00+00:00,88867.0,88985.5,88729.0,88798.5,999.57153826
2026-01-02 08:00:00+00:00,88798.0,89157.0,88720.0,89137.5,478.84962655
2026-01-02 09:00:00+00:00,89137.5,89457.0,89044.0,89415.5,724.54972249
2026-01-02 10:00:00+00:00,89415.5,89902.0,89400.5,89600.0,803.14591667
2026-01-02 11:00:00+00:00,89600.0,89625.5,89320.5,89445.0,307.31301172
2026-01-02 12:00:00+00:00,89448.0,89539.0,89345.0,89357.5,309.66826766
2026-01-02 13:00:00+00:00,89357.5,89635.0,89244.0,89280.0,375.84349564
2026-01-02 14:00:00+00:00,89293.0,90137.0,88387.5,89542.5,1063.95317137
2026-01-02 15:00:00+00:00,89542.5,89850.0,88755.0,89353.5,674.90375181
2026-01-02 16:00:00+00:00,89371.5,90805.5,89156.0,90350.0,994.05398827
2026-01-02 17:00:00+00:00,90350.0,90979.0,90150.0,90342.0,489.35009437
2026-01-02 18:00:00+00:00,90342.0,90525.5,89521.5,89739.0,490.98214486
2026-01-02 19:00:00+00:00,89738.5,90140.0,89623.0,89870.5,211.51750942
2026-01-02 20:00:00+00:00,89865.0,90043.0,89595.0,89708.5,139.3390325
2026-01-02 21:00:00+00:00,89698.5,90136.5,89698.5,90023.0,226.9005299
2026-01-02 22:00:00+00:00,90023.0,90362.5,89966.5,90147.0,210.07545594
2026-01-02 23:00:00+00:00,90149.5,90149.5,89861.0,89961.5,66.4215283
2026-01-03 00:00:00+00:00,89961.5,90149.5,89924.5,90090.5,80.09362016
2026-01-03 01:00:00+00:00,90112.5,90259.5,90052.5,90259.5,49.42566913
2026-01-03 02:00:00+00:00,90259.5,90377.5,90110.5,90310.5,101.91917401
2026-01-03 03:00:00+00:00,90310.0,90346.5,90169.5,90290.5,30.44411459
2026-01-03 04:00:00+00:00,90290.0,90445.5,90023.0,90159.5,110.42093089
2026-01-03 05:00:00+00:00,90151.5,90174.5,89885.5,90027.0,202.34690927
2026-01-03 06:00:00+00:00,90027.0,90112.5,89822.0,89841.5,73.33343899
2026-01-03 07:00:00+00:00,89841.5,89930.0,89315.5,89585.0,812.58428558
2026-01-03 08:00:00+00:00,89585.5,89832.0,89429.5,89660.5,139.25010379
2026-01-03 09:00:00+00:00,89660.5,89970.0,89643.0,89767.5,56.85685164
2026-01-03 10:00:00+00:00,89779.0,89880.0,89710.5,89758.0,60.14153284
2026-01-03 11:00:00+00:00,89758.0,89772.0,89661.0,89745.5,109.73591165
2026-01-03 12:00:00+00:00,89741.5,90020.0,89647.5,90019.0,131.99754571
2026-01-03 13:00:00+00:00,90019.0,90045.0,89915.5,89997.5,42.98068285
2026-01-03 14:00:00+00:00,89997.5,90209.0,89957.5,90091.0,102.65259714
2026-01-03 15:00:00+00:00,90091.0,90103.5,89945.0,89946.0,33.45944268
2026-01-03 16:00:00+00:00,89945.5,90203.0,89900.0,90087.5,81.66668204
2026-01-03 17:00:00+00:00,90087.5,90105.5,90009.0,90084.5,29.62376206
2026-01-03 18:00:00+00:00,90084.5,90172.5,90012.5,90124.0,24.89281988
2026-01-03 19:00:00+00:00,90124.0,90133.5,90038.5,90100.0,26.0554686
2026-01-03 20:00:00+00:00,90100.5,90346.0,90004.5,90346.0,61.79252223
2026-01-03 21:00:00+00:00,90345.5,90717.5,90300.5,90550.0,215.29412683
2026-01-03 22:00:00+00:00,90562.5,90740.5,90507.5,90590.0,131.09543534
2026-01-03 23:00:00+00:00,90584.0,90760.0,90487.5,90638.0,169.8289948
2026-01-04 00:00:00+00:00,90638.0,91703.5,90638.0,91332.5,559.67413478
2026-01-04 01:00:00+00:00,91348.0,91481.0,91016.0,91256.5,121.21703107
2026-01-04 02:00:00+00:00,91249.0,91312.0,91087.0,91122.0,53.61710063
2026-01-04 03:00:00+00:00,91136.0,91350.0,91076.5,91248.5,159.31472538
2026-01-04 04:00:00+00:00,91248.5,91580.0,91200.0,91390.5,275.59955445
2026-01-04 05:00:00+00:00,91390.5,91497.0,91342.0,91491.0,91.50291313
2026-01-04 06:00:00+00:00,91491.0,91800.0,91232.5,91232.5,155.25197538
2026-01-04 07:00:00+00:00,91232.5,91538.0,91212.5,91534.5,288.47817497
2026-01-04 08:00:00+00:00,91534.5,91538.0,91203.5,91380.0,249.17511025
2026-01-04 09:00:00+00:00,91380.0,91478.0,91265.0,91462.0,78.92291547
2026-01-04 10:00:00+00:00,91461.5,91611.5,91420.0,91592.0,133.34473943
2026-01-04 11:00:00+00:00,91591.5,91592.0,91246.0,91298.5,92.38827377
2026-01-04 12:00:00+00:00,91298.0,91349.5,91081.0,91143.0,134.64286693
2026-01-04 13:00:00+00:00,91137.5,91261.0,91020.0,91255.0,75.48086372
2026-01-04 14:00:00+00:00,91254.5,91416.5,91139.5,91328.0,47.30452933
2026-01-04 15:00:00+00:00,91328.0,91365.0,91082.0,91333.5,30.63631888
2026-01-04 16:00:00+00:00,91333.5,91441.5,91235.5,91308.0,57.57466748
2026-01-04 17:00:00+00:00,91308.0,91457.5,91285.0,91325.0,53.13404257
2026-01-04 18:00:00+00:00,91325.0,91325.0,90940.5,91193.5,94.60801239
2026-01-04 19:00:00+00:00,91193.5,91193.5,90813.5,91145.0,70.64180379
2026-01-04 20:00:00+00:00,91135.0,91345.5,91123.0,91302.5,45.7512227
2026-01-04 21:00:00+00:00,91302.5,91412.5,91181.5,91279.0,37.85357524
2026-01-04 22:00:00+00:00,91279.0,91404.0,91152.0,91216.5,57.69313264
2026-01-04 23:00:00+00:00,91214.5,91582.0,91194.5,91538.0,149.54019117
2026-01-05 00:00:00+00:00,91532.0,92432.0,91509.5,92393.5,416.51225411
2026-01-05 01:00:00+00:00,92399.0,93389.0,92288.5,92953.5,524.78932166
2026-01-05 02:00:00+00:00,92964.0,93160.5,92750.0,93056.0,226.45608455
2026-01-05 03:00:00+00:00,93052.5,93226.5,92872.0,92872.0,150.880547
2026-01-05 04:00:00+00:00,92872.0,92958.5,92322.5,92604.5,215.92393013
2026-01-05 05:00:00+00:00,92604.0,92720.0,92336.5,92354.0,110.88891681
2026-01-05 06:00:00+00:00,92354.0,92493.5,92077.5,92485.5,139.76976851
2026-01-05 07:00:00+00:00,92485.5,92616.5,92485.5,92553.5,471.05949465
2026-01-05 08:00:00+00:00,92553.5,92766.0,92460.0,92461.5,306.14596406
2026-01-05 09:00:00+00:00,92475.0,92837.5,92325.0,92700.0,212.43235587
2026-01-05 10:00:00+00:00,92698.0,93160.0,92670.5,93089.0,313.11999457
2026-01-05 11:00:00+00:00,93089.0,93167.5,92900.0,93129.5,270.71782269
2026-01-05 12:00:00+00:00,93130.0,93200.0,92730.0,92863.5,328.36310657
2026-01-05 13:00:00+00:00,92864.0,93016.0,92530.0,92721.5,210.71241479
2026-01-05 14:00:00+00:00,92731.0,93700.0,92386.0,93421.5,533.91055585
2026-01-05 15:00:00+00:00,93422.0,94025.0,93105.5,93970.0,595.29046513
2026-01-05 16:00:00+00:00,93970.0,94072.5,93580.0,93700.0,427.85625065
2026-01-05 17:00:00+00:00,93700.5,94491.0,93250.0,94322.0,534.00944552
2026-01-05 18:00:00+00:00,94322.5,94502.0,93920.0,94468.0,256.6139979
2026-01-05 19:00:00+00:00,94458.5,94510.0,94136.0,94294.0,260.23760941
2026-01-05 20:00:00+00:00,94294.5,94797.5,94041.5,94170.5,356.7683293
2026-01-05 21:00:00+00:00,94184.0,94231.0,93810.0,94099.5,134.67396795
2026-01-05 22:00:00+00:00,94099.5,94404.0,94009.5,94165.5,110.77847061
2026-01-05 23:00:00+00:00,94172.0,94179.0,93880.5,93880.5,131.74870234
2026-01-06 00:00:00+00:00,93880.5,93999.5,93570.0,93832.0,191.9653798
2026-01-06 01:00:00+00:00,93832.0,94169.5,93761.5,93793.5,93.50348835
2026-01-06 02:00:00+00:00,93789.0,93887.0,93550.0,93634.5,62.4462071
2026-01-06 03:00:00+00:00,93637.0,93950.0,93629.0,93770.5,72.81086092
2026-01-06 04:00:00+00:00,93770.5,93999.5,93750.0,93820.0,72.33577569
2026-01-06 05:00:00+00:00,93814.5,93814.5,93575.0,93591.0,136.72632815
2026-01-06 06:00:00+00:00,93612.0,93945.0,93555.5,93790.5,140.28614434
2026-01-06 07:00:00+00:00,93790.0,93790.0,93130.0,93259.0,622.3970948
2026-01-06 08:00:00+00:00,93259.0,93439.5,93156.0,93253.0,156.54418147
2026-01-06 09:00:00+00:00,93252.5,93577.5,93243.0,93475.5,101.58997446
2026-01-06 10:00:00+00:00,93475.5,93663.0,93425.0,93570.5,78.36849998
2026-01-06 11:00:00+00:00,93580.5,93910.0,93580.0,93839.0,97.97796064
2026-01-06 12:00:00+00:00,93855.0,94000.0,93816.0,93888.5,166.74012021
2026-01-06 13:00:00+00:00,93888.5,93888.5,93673.5,93751.0,139.59029567
2026-01-06 14:00:00+00:00,93751.5,94464.5,93503.0,93846.0,720.11293217
2026-01-06 15:00:00+00:00,93846.0,94336.5,93347.5,93637.0,435.0037206
2026-01-06 16:00:00+00:00,93650.0,93761.0,92319.0,92694.5,848.42371205
2026-01-06 17:00:00+00:00,92694.0,92750.0,91520.0,91566.5,642.93160116
2026-01-06 18:00:00+00:00,91566.5,92199.0,91227.5,92020.0,501.97438097
2026-01-06 19:00:00+00:00,92020.0,92324.5,91830.0,92096.0,166.78802997
2026-01-06 20:00:00+00:00,92079.0,92655.0,92079.0,92480.5,161.11815436
2026-01-06 21:00:00+00:00,92474.5,93849.0,92344.5,93262.5,825.65308931
2026-01-06 22:00:00+00:00,93263.0,93544.0,92920.5,93365.0,236.67451813
2026-01-06 23:00:00+00:00,93365.0,93798.5,93350.5,93762.5,144.92196421
2026-01-07 00:00:00+00:00,93762.5,93762.5,92610.0,92670.0,393.13585682
2026-01-07 01:00:00+00:00,92682.0,92860.5,92219.0,92432.5,301.22597535
2026-01-07 02:00:00+00:00,92420.0,93020.5,92201.5,92924.0,250.14149411
2026-01-07 03:00:00+00:00,92932.0,93050.0,92703.5,92764.0,248.42761339
2026-01-07 04:00:00+00:00,92776.5,92895.0,92568.0,92659.5,94.71522016
2026-01-07 05:00:00+00:00,92645.0,92832.0,92405.5,92500.0,117.93729903
2026-01-07 06:00:00+00:00,92496.5,92868.5,92496.5,92588.5,82.90839215
2026-01-07 07:00:00+00:00,92589.0,92849.0,92589.0,92839.5,169.22877914
2026-01-07 08:00:00+00:00,92839.0,92938.5,92665.5,92690.0,99.11470744
2026-01-07 09:00:00+00:00,92690.5,92690.5,91555.5,91683.0,524.36793123
2026-01-07 10:00:00+00:00,91670.0,91950.0,91555.0,91949.5,139.13580059
2026-01-07 11:00:00+00:00,91945.0,92213.0,91900.0,92057.5,131.74572426
2026-01-07 12:00:00+00:00,92050.5,92142.5,91940.0,91965.0,113.23321072
2026-01-07 13:00:00+00:00,91955.5,92249.5,91836.0,91985.5,287.70842742
2026-01-07 14:00:00+00:00,91985.5,92137.5,91308.5,91930.5,508.33850518
2026-01-07 15:00:00+00:00,91931.0,91969.5,90952.5,91293.5,656.21037864
2026-01-07 16:00:00+00:00,91293.0,91748.5,91110.5,91202.0,216.98916401
2026-01-07 17:00:00+00:00,91202.0,91640.0,90931.0,91219.0,175.19571084
2026-01-07 18:00:00+00:00,91195.5,91398.5,90668.5,90849.5,459.47978758
2026-01-07 19:00:00+00:00,90849.5,91228.5,90556.5,91130.0,257.69639012
2026-01-07 20:00:00+00:00,91132.5,91249.5,90724.0,91011.5,145.90534024
2026-01-07 21:00:00+00:00,90990.5,91168.5,90981.0,91038.5,88.33467016
2026-01-07 22:00:00+00:00,91034.5,91303.0,90810.0,91123.5,186.85121658
2026-01-07 23:00:00+00:00,91123.5,91424.0,90959.5,91305.5,214.42409695
2026-01-08 00:00:00+00:00,91306.0,91468.0,91007.5,91314.0,269.00023942
2026-01-08 01:00:00+00:00,91314.0,91592.5,91232.0,91360.0,141.98381691
2026-01-08 02:00:00+00:00,91360.0,91399.5,90683.5,90882.0,315.16852694
2026-01-08 03:00:00+00:00,90881.5,91035.0,90525.5,90734.5,229.34691875
2026-01-08 04:00:00+00:00,90734.5,91081.5,90630.0,90953.5,150.71841824
2026-01-08 05:00:00+00:00,90970.0,91091.0,90707.0,90737.0,184.15856179
2026-01-08 06:00:00+00:00,90737.0,90785.0,89718.5,89764.5,852.29631426
2026-01-08 07:00:00+00:00,89764.5,90478.0,89527.5,90430.0,1078.70462745
2026-01-08 08:00:00+00:00,90430.5,90642.5,90055.5,90129.0,373.30317858
2026-01-08 09:00:00+00:00,90129.5,90281.0,89814.5,89902.5,273.58080448
2026-01-08 10:00:00+00:00,89902.0,90399.5,89673.5,90334.5,293.46964287
2026-01-08 11:00:00+00:00,90334.5,90400.0,89945.0,90127.5,157.76046942
2026-01-08 12:00:00+00:00,90132.5,90145.0,89700.5,89915.5,194.53358568
2026-01-08 13:00:00+00:00,89915.0,90015.5,89783.5,89889.5,70.84141887
2026-01-08 14:00:00+00:00,89862.5,90094.0,89221.0,89958.0,412.32211035
2026-01-08 15:00:00+00:00,89949.0,90765.0,89730.5,90750.0,343.32321123
2026-01-08 16:00:00+00:00,90724.0,90863.5,90240.5,90860.0,458.76012634
2026-01-08 17:00:00+00:00,90859.5,91379.5,90785.5,91318.0,369.30942422
2026-01-08 18:00:00+00:00,91318.0,91404.5,90890.5,91039.5,234.01037318
2026-01-08 19:00:00+00:00,91047.0,91269.5,90751.5,90868.0,148.96675878
2026-01-08 20:00:00+00:00,90868.0,90915.0,90500.5,90859.5,160.33828788
2026-01-08 21:00:00+00:00,90860.0,91257.5,90856.0,91205.0,167.94234193
2026-01-08 22:00:00+00:00,91205.5,91435.5,90921.5,91162.5,162.961901
2026-01-08 23:00:00+00:00,91162.5,91287.5,90980.5,91029.0,92.06866143
2026-01-09 00:00:00+00:00,91028.5,91243.5,91003.0,91243.5,156.46694059
2026-01-09 01:00:00+00:00,91243.5,91556.5,90687.0,90981.0,367.79263837
2026-01-09 02:00:00+00:00,90981.5,91461.0,90911.5,90945.5,419.57213052
2026-01-09 03:00:00+00:00,90945.5,91194.0,90869.0,91131.0,100.96678828
2026-01-09 04:00:00+00:00,91130.5,91154.5,90850.0,90944.0,508.68444585
2026-01-09 05:00:00+00:00,90944.0,91037.5,90812.5,91006.0,134.69448305
2026-01-09 06:00:00+00:00,91006.0,91064.0,90900.0,91061.5,206.696101
2026-01-09 07:00:00+00:00,91061.0,91061.0,90670.0,90677.5,698.00057307
2026-01-09 08:00:00+00:00,90678.0,90781.5,89626.0,89951.5,579.60312438
2026-01-09 09:00:00+00:00,89951.0,90400.0,89944.0,90260.0,151.29767968
2026-01-09 10:00:00+00:00,90270.5,90485.0,90217.5,90412.5,103.63885915
2026-01-09 11:00:00+00:00,90413.0,90652.5,90335.0,90383.0,99.66361335
2026-01-09 12:00:00+00:00,90373.5,90519.5,90157.5,90399.5,154.53257555
2026-01-09 13:00:00+00:00,90387.0,90925.5,90333.0,90540.5,367.58637116
2026-01-09 14:00:00+00:00,90531.5,90615.5,89875.0,90100.0,343.05566927
2026-01-09 15:00:00+00:00,90087.0,91970.0,89765.5,91094.0,1099.46328991
2026-01-09 16:00:00+00:00,91100.0,91719.5,91100.0,91566.5,410.63890767
2026-01-09 17:00:00+00:00,91570.0,91616.0,90950.5,91379.0,188.61507159
2026-01-09 18:00:00+00:00,91370.0,91449.0,90257.5,90753.0,567.62827983
2026-01-09 19:00:00+00:00,90752.5,90752.5,90116.0,90253.5,598.06036707
2026-01-09 20:00:00+00:00,90253.5,90497.0,90140.0,90237.0,270.59557182
2026-01-09 21:00:00+00:00,90225.5,90545.0,90050.0,90450.5,155.7261682
2026-01-09 22:00:00+00:00,90451.0,90608.0,90269.5,90543.0,68.10205548
2026-01-09 23:00:00+00:00,90543.0,90631.0,90512.0,90532.5,33.6386309
2026-01-10 00:00:00+00:00,90532.0,90564.5,90427.5,90486.5,103.7109671
2026-01-10 01:00:00+00:00,90487.5,90630.0,90485.0,90583.5,37.0793002
2026-01-10 02:00:00+00:00,90583.5,90679.0,90510.0,90594.0,73.54820428
2026-01-10 03:00:00+00:00,90594.5,90594.5,90460.0,90530.0,17.52254953
2026-01-10 04:00:00+00:00,90530.0,90551.5,90323.0,90357.5,48.27877596
2026-01-10 05:00:00+00:00,90358.0,90517.5,90340.5,90509.5,19.12672309
2026-01-10 06:00:00+00:00,90509.0,90509.5,90390.0,90420.0,11.6174339
2026-01-10 07:00:00+00:00,90420.0,90592.0,90420.0,90566.0,126.43138542
2026-01-10 08:00:00+00:00,90566.5,90632.5,90521.5,90576.5,144.89014609
2026-01-10 09:00:00+00:00,90576.5,90714.0,90546.5,90710.5,166.87480021
2026-01-10 10:00:00+00:00,90694.5,90744.0,90640.0,90736.5,70.13876781
2026-01-10 11:00:00+00:00,90736.5,90742.5,90627.5,90646.5,33.95160677
2026-01-10 12:00:00+00:00,90646.5,90712.0,90594.5,90640.0,29.30462509
2026-01-10 13:00:00+00:00,90650.0,90685.5,90562.5,90572.0,19.28151404
2026-01-10 14:00:00+00:00,90572.0,90587.5,90467.0,90514.0,39.44764539
2026-01-10 15:00:00+00:00,90514.0,90596.0,90514.0,90595.5,13.72614835
2026-01-10 16:00:00+00:00,90580.0,90640.0,90537.5,90587.0,22.88815968
2026-01-10 17:00:00+00:00,90587.0,90650.0,90467.5,90467.5,39.78979556
2026-01-10 18:00:00+00:00,90468.0,90509.5,90434.5,90508.0,27.82231984
2026-01-10 19:00:00+00:00,90507.5,90540.5,90494.0,90540.5,23.60167851
2026-01-10 20:00:00+00:00,90540.5,90562.5,90492.5,90492.5,23.98766399
2026-01-10 21:00:00+00:00,90493.0,90493.0,90421.5,90427.5,32.41550745
2026-01-10 22:00:00+00:00,90427.5,90502.5,90319.0,90360.0,54.72150685
2026-01-10 23:00:00+00:00,90360.0,90485.5,90360.0,90420.0,17.66847146
2026-01-11 00:00:00+00:00,90420.5,90563.5,90385.0,90563.0,42.4830657
2026-01-11 01:00:00+00:00,90563.0,90586.0,90480.5,90549.0,28.90203016
2026-01-11 02:00:00+00:00,90549.0,90651.0,90537.0,90611.5,31.07433742
2026-01-11 03:00:00+00:00,90614.5,90661.5,90554.0,90661.5,20.80570152
2026-01-11 04:00:00+00:00,90661.5,90700.0,90586.0,90700.0,33.70054538
2026-01-11 05:00:00+00:00,90700.0,90777.5,90662.5,90696.5,18.04680015
2026-01-11 06:00:00+00:00,90696.5,90724.5,90522.0,90661.0,35.748167
2026-01-11 07:00:00+00:00,90661.5,90664.5,90601.5,90624.5,180.06415741
2026-01-11 08:00:00+00:00,90624.5,90720.0,90532.5,90694.5,183.59700173
2026-01-11 09:00:00+00:00,90697.5,90766.5,90590.0,90648.0,56.88197803
2026-01-11 10:00:00+00:00,90648.5,90648.5,90597.5,90643.5,29.73460087
2026-01-11 11:00:00+00:00,90643.5,90656.0,90608.5,90656.0,28.94031206
2026-01-11 12:00:00+00:00,90665.5,90919.5,90627.5,90851.5,83.02616069
2026-01-11 13:00:00+00:00,90851.5,90868.0,90732.0,90750.5,26.71748904
2026-01-11 14:00:00+00:00,90750.5,91141.5,90750.5,91037.5,81.01355875
2026-01-11 15:00:00+00:00,91037.5,91069.5,90624.5,90787.0,96.76486462
2026-01-11 16:00:00+00:00,90787.0,91180.0,90787.0,90950.0,84.732416
2026-01-11 17:00:00+00:00,90944.0,91045.0,90823.0,90890.0,44.75391267
2026-01-11 18:00:00+00:00,90890.5,90890.5,90700.0,90789.5,60.60774264
2026-01-11 19:00:00+00:00,90790.0,90837.0,90571.0,90582.5,37.87138195
2026-01-11 20:00:00+00:00,90582.0,90680.0,90301.5,90606.5,166.47712456
2026-01-11 21:00:00+00:00,90606.5,90736.5,90497.5,90655.5,67.4590345
2026-01-11 22:00:00+00:00,90655.0,90667.0,90351.0,90423.5,111.18037812
2026-01-11 23:00:00+00:00,90424.0,90937.5,90140.0,90928.5,151.33690926
2026-01-12 00:00:00+00:00,90928.5,91177.0,90603.0,91177.0,477.7854115
2026-01-12 01:00:00+00:00,91177.0,91737.5,91000.5,91342.5,366.87273173
2026-01-12 02:00:00+00:00,91342.5,92313.5,91300.5,92139.0,798.12698338
2026-01-12 03:00:00+00:00,92139.5,92449.5,91720.0,91720.5,463.63196585
2026-01-12 04:00:00+00:00,91720.5,92199.5,91604.0,92087.0,198.46215908
2026-01-12 05:00:00+00:00,92086.5,92178.0,91964.5,92026.0,152.60206473
2026-01-12 06:00:00+00:00,92026.0,92119.5,91726.0,91763.0,143.67580955
2026-01-12 07:00:00+00:00,91763.0,91882.0,91305.5,91315.0,264.46232687
2026-01-12 08:00:00+00:00,91315.0,91538.0,90297.5,90663.0,455.30710891
2026-01-12 09:00:00+00:00,90662.5,90850.0,90550.5,90600.0,76.91803176
2026-01-12 10:00:00+00:00,90600.5,90697.0,90272.5,90326.5,86.79873875
2026-01-12 11:00:00+00:00,90337.0,90720.0,90336.5,90524.5,97.43771361
2026-01-12 12:00:00+00:00,90525.0,90816.5,90524.5,90685.5,141.34241198
2026-01-12 13:00:00+00:00,90685.5,90720.0,90439.5,90533.5,158.6723904
2026-01-12 14:00:00+00:00,90533.5,91030.0,90009.5,90822.5,406.45671144
2026-01-12 15:00:00+00:00,90817.0,91600.0,90623.5,91600.0,384.10667032
2026-01-12 16:00:00+00:00,91599.5,92280.0,91523.5,92077.0,543.75354393
2026-01-12 17:00:00+00:00,92081.0,92264.0,90979.0,91460.5,519.01931
2026-01-12 18:00:00+00:00,91461.0,91887.0,91350.0,91634.5,179.24048413
2026-01-12 19:00:00+00:00,91634.5,91833.0,91373.0,91819.0,86.97810083
2026-01-12 20:00:00+00:00,91819.0,91999.5,91361.0,91433.5,145.16308869
2026-01-12 21:00:00+00:00,91439.5,91451.0,90872.5,90997.0,164.97094791
2026-01-12 22:00:00+00:00,90997.0,91382.5,90997.0,91158.0,60.84523585
2026-01-12 23:00:00+00:00,91158.0,91246.5,90986.5,91226.0,45.15995205
2026-01-13 00:00:00+00:00,91226.0,91480.5,91181.5,91412.5,110.0209165
2026-01-13 01:00:00+00:00,91412.0,91468.0,90980.5,91108.0,71.1872369
2026-01-13 02:00:00+00:00,91108.5,91317.5,91046.5,91048.0,53.01240397
2026-01-13 03:00:00+00:00,91048.0,91386.5,91042.5,91349.5,85.65821024
2026-01-13 04:00:00+00:00,91349.5,91587.5,91289.5,91451.5,87.21820569
2026-01-13 05:00:00+00:00,91451.0,92219.0,91410.5,91844.0,276.79108217
2026-01-13 06:00:00+00:00,91844.0,92200.0,91733.0,92118.0,233.43474051
2026-01-13 07:00:00+00:00,92118.0,92145.0,91849.5,91899.0,109.10864104
2026-01-13 08:00:00+00:00,91891.5,92188.0,91871.5,92106.0,139.95084069
2026-01-13 09:00:00+00:00,92180.0,92814.5,91892.5,92208.0,304.65792552
2026-01-13 10:00:00+00:00,92212.5,92284.5,91975.5,92092.0,117.02628555
2026-01-13 11:00:00+00:00,92092.0,92200.0,91916.5,91953.5,73.59641104
2026-01-13 12:00:00+00:00,91953.5,92100.0,91863.5,92060.5,73.95440557
2026-01-13 13:00:00+00:00,92060.5,92556.0,91935.0,92030.0,504.40076742
2026-01-13 14:00:00+00:00,92030.0,92873.0,91726.0,92427.0,487.86539513
2026-01-13 15:00:00+00:00,92420.0,93407.0,92060.5,93407.0,769.96741281
2026-01-13 16:00:00+00:00,93409.0,93731.0,92965.0,93368.5,796.4739558
2026-01-13 17:00:00+00:00,93368.5,93466.0,93089.0,93220.0,412.69963322
2026-01-13 18:00:00+00:00,93206.0,93864.5,93128.5,93591.5,318.40513115
2026-01-13 19:00:00+00:00,93592.0,94200.0,93450.0,94187.0,313.93596853
2026-01-13 20:00:00+00:00,94187.5,94485.5,94073.0,94373.0,766.9204766
2026-01-13 21:00:00+00:00,94381.0,94499.5,94056.0,94073.5,263.79832082
2026-01-13 22:00:00+00:00,94073.5,96700.0,94073.5,95731.5,1509.75775729
2026-01-13 23:00:00+00:00,95748.5,96094.5,95051.5,95378.0,761.09613613
2026-01-14 00:00:00+00:00,95390.0,95630.5,95152.5,95215.5,242.69097274
2026-01-14 01:00:00+00:00,95216.0,95576.0,95120.0,95238.5,246.72454682
2026-01-14 02:00:00+00:00,95238.5,95570.0,95186.5,95322.5,172.86383429
2026-01-14 03:00:00+00:00,95348.5,95689.5,95269.0,95689.5,106.29747639
2026-01-14 04:00:00+00:00,95689.5,95773.5,95217.0,95225.0,145.9099813
2026-01-14 05:00:00+00:00,95224.5,95262.0,94957.0,94989.5,139.31851743
2026-01-14 06:00:00+00:00,94989.5,95022.0,94515.5,95015.5,189.64836602
2026-01-14 07:00:00+00:00,95023.0,95254.5,94834.0,95254.5,410.02552432
2026-01-14 08:00:00+00:00,95254.5,95340.0,94915.0,94927.5,249.19247176
2026-01-14 09:00:00+00:00,94926.5,95183.5,94903.0,95101.5,134.58975181
2026-01-14 10:00:00+00:00,95101.0,95290.5,94886.0,95092.5,157.81472259
2026-01-14 11:00:00+00:00,95092.5,95092.5,94732.5,94776.5,92.03956472
2026-01-14 12:00:00+00:00,94776.5,95147.5,94680.0,95060.0,111.33081823
2026-01-14 13:00:00+00:00,95059.5,95225.0,94865.5,94984.5,127.71688465
2026-01-14 14:00:00+00:00,94984.5,96834.5,94984.5,96481.0,749.76708229
2026-01-14 15:00:00+00:00,96499.5,97115.0,96184.5,96770.5,761.29957885
2026-01-14 16:00:00+00:00,96770.5,97708.0,96728.0,97305.0,733.96587736
2026-01-14 17:00:00+00:00,97291.5,97793.0,96802.5,96965.0,361.96616169
2026-01-14 18:00:00+00:00,96965.0,97135.0,96245.0,96816.0,342.7749011
2026-01-14 19:00:00+00:00,96806.5,97654.0,96685.0,97234.0,386.49988264
2026-01-14 20:00:00+00:00,97247.5,97967.5,97193.0,97656.5,309.13625532
2026-01-14 21:00:00+00:00,97656.5,97720.0,97380.0,97550.0,121.97896333
2026-01-14 22:00:00+00:00,97550.0,97564.5,96812.5,96885.5,198.96346058
2026-01-14 23:00:00+00:00,96879.0,97370.0,96851.5,96931.0,116.19569398
2026-01-15 00:00:00+00:00,96931.0,96978.5,96475.0,96648.5,387.43354934
2026-01-15 01:00:00+00:00,96649.0,96965.0,96302.5,96416.5,208.98469171
2026-01-15 02:00:00+00:00,96434.0,96607.0,96060.0,96314.5,187.62492505
2026-01-15 03:00:00+00:00,96314.5,96380.0,95763.0,95954.5,347.79376315
2026-01-15 04:00:00+00:00,95954.5,96353.5,95894.5,96282.5,147.75642546
2026-01-15 05:00:00+00:00,96281.0,96491.0,96201.0,96419.0,97.63783185
2026-01-15 06:00:00+00:00,96388.0,96549.5,96151.0,96233.0,178.58088906
2026-01-15 07:00:00+00:00,96233.0,96759.5,96161.0,96643.5,475.3599876
2026-01-15 08:00:00+00:00,96643.0,96666.5,96301.5,96656.5,215.45104408
2026-01-15 09:00:00+00:00,96656.0,97196.0,96583.0,97050.5,310.77259335
2026-01-15 10:00:00+00:00,97050.5,97078.0,96749.0,96824.5,144.27250429
2026-01-15 11:00:00+00:00,96824.5,96932.5,96597.5,96599.0,97.86891196
2026-01-15 12:00:00+00:00,96598.5,97008.0,96536.0,96998.0,386.27260853
2026-01-15 13:00:00+00:00,96998.5,97043.5,96630.0,96859.0,254.77483517
2026-01-15 14:00:00+00:00,96859.5,97153.5,95570.5,96067.5,628.60036385
2026-01-15 15:00:00+00:00,96067.0,96851.0,95411.0,96764.5,776.11310628
2026-01-15 16:00:00+00:00,96761.0,96950.0,96270.5,96733.0,574.01380494
2026-01-15 17:00:00+00:00,96720.5,97043.0,96401.0,96592.0,239.59762624
2026-01-15 18:00:00+00:00,96599.0,96600.0,95715.5,95813.0,282.24906617
2026-01-15 19:00:00+00:00,95813.5,95904.0,95160.0,95499.5,367.78520919
2026-01-15 20:00:00+00:00,95499.0,95660.0,95136.0,95222.0,299.11035643
2026-01-15 21:00:00+00:00,95242.5,95620.0,95178.0,95595.5,77.72152103
2026-01-15 22:00:00+00:00,95595.5,95860.0,95485.5,95585.0,95.28284562
2026-01-15 23:00:00+00:00,95585.0,95720.0,95373.5,95594.0,107.10205777
2026-01-16 00:00:00+00:00,95594.0,95815.5,95562.5,95610.0,57.73497811
2026-01-16 01:00:00+00:00,95609.5,95847.5,95400.5,95673.5,83.20089894
2026-01-16 02:00:00+00:00,95673.5,95686.5,95400.0,95510.5,147.55363527
2026-01-16 03:00:00+00:00,95500.5,95576.5,95325.0,95351.0,81.74373917
2026-01-16 04:00:00+00:00,95351.0,95586.5,95136.0,95268.0,171.96907268
2026-01-16 05:00:00+00:00,95267.5,95705.5,95250.0,95669.0,125.76816025
2026-01-16 06:00:00+00:00,95669.5,95831.0,95518.0,95750.0,359.6346591
2026-01-16 07:00:00+00:00,95750.0,95770.0,95494.0,95657.0,1036.7489669
2026-01-16 08:00:00+00:00,95656.5,95846.0,95576.5,95664.0,325.67947695
2026-01-16 09:00:00+00:00,95664.0,95775.5,95585.0,95623.0,133.47735765
2026-01-16 10:00:00+00:00,95623.0,95628.5,95313.0,95315.5,258.60554615
2026-01-16 11:00:00+00:00,95315.5,95477.5,95255.0,95417.0,213.44360395
2026-01-16 12:00:00+00:00,95416.5,95579.5,95370.0,95440.5,77.85281798
2026-01-16 13:00:00+00:00,95447.5,95567.0,95274.0,95437.5,117.89635194
2026-01-16 14:00:00+00:00,95438.0,95794.0,95162.0,95162.0,218.88772037
2026-01-16 15:00:00+00:00,95162.0,95640.5,94200.0,94581.0,1065.60088359
2026-01-16 16:00:00+00:00,94570.5,94981.0,94502.0,94868.5,280.77859841
2026-01-16 17:00:00+00:00,94873.5,95110.5,94541.0,95054.0,94.10115924
2026-01-16 18:00:00+00:00,95054.0,95231.0,94965.5,95004.0,186.44132018
2026-01-16 19:00:00+00:00,95004.0,95029.0,94824.0,94985.5,80.45382241
2026-01-16 20:00:00+00:00,94985.5,95538.5,94658.0,95538.0,390.12644617
2026-01-16 21:00:00+00:00,95538.5,95642.0,95350.0,95495.5,528.75912667
2026-01-16 22:00:00+00:00,95503.5,95564.5,95255.5,95502.0,108.07314159
2026-01-16 23:00:00+00:00,95502.0,95570.0,95430.5,95546.0,40.3841718
2026-01-17 00:00:00+00:00,95545.5,95566.5,95430.0,95460.0,51.7627482
2026-01-17 01:00:00+00:00,95460.0,95525.0,95377.5,95387.5,26.06816825
2026-01-17 02:00:00+00:00,95388.0,95404.5,95189.0,95354.5,65.58970563
2026-01-17 03:00:00+00:00,95354.5,95363.0,95236.5,95342.5,91.9411983
2026-01-17 04:00:00+00:00,95343.0,95343.0,95235.0,95277.5,54.08092262
2026-01-17 05:00:00+00:00,95277.5,95352.5,95250.5,95288.0,45.42059826
2026-01-17 06:00:00+00:00,95288.0,95322.5,95167.5,95216.0,41.62485735
2026-01-17 07:00:00+00:00,95216.0,95216.5,95040.5,95084.0,173.45010828
2026-01-17 08:00:00+00:00,95084.0,95233.5,94972.0,95233.0,297.50762369
2026-01-17 09:00:00+00:00,95233.5,95265.5,95155.0,95245.5,38.64516257
2026-01-17 10:00:00+00:00,95245.5,95245.5,95100.0,95100.0,41.38793475
2026-01-17 11:00:00+00:00,95100.0,95275.0,95050.0,95275.0,47.49048223
2026-01-17 12:00:00+00:00,95285.0,95376.5,95212.5,95230.0,42.51359175
2026-01-17 13:00:00+00:00,95230.0,95399.5,95173.0,95399.5,46.37509477
2026-01-17 14:00:00+00:00,95399.5,95500.5,95339.0,95465.0,113.75478708
2026-01-17 15:00:00+00:00,95451.0,95616.0,95405.0,95543.0,329.55008137
2026-01-17 16:00:00+00:00,95559.5,95559.5,95192.0,95298.0,82.03944579
2026-01-17 17:00:00+00:00,95298.0,95422.0,95279.0,95350.0,60.19213687
2026-01-17 18:00:00+00:00,95350.0,95446.0,95340.0,95418.0,29.47545999
2026-01-17 19:00:00+00:00,95418.0,95418.0,95254.0,95277.0,20.53266663
2026-01-17 20:00:00+00:00,95277.0,95362.5,95272.5,95362.5,24.58242769
2026-01-17 21:00:00+00:00,95362.5,95389.5,95277.5,95287.5,19.37737018
2026-01-17 22:00:00+00:00,95287.5,95288.0,95028.5,95148.0,132.00391868
2026-01-17 23:00:00+00:00,95148.0,95187.0,95103.5,95122.5,67.80837905
2026-01-18 00:00:00+00:00,95122.0,95212.0,95058.0,95085.5,31.59410125
2026-01-18 01:00:00+00:00,95085.5,95085.5,94838.0,94941.0,304.22418577
2026-01-18 02:00:00+00:00,94941.0,95044.5,94860.0,95000.0,53.00202514
2026-01-18 03:00:00+00:00,95000.0,95155.5,94999.5,95131.0,110.28166451
2026-01-18 04:00:00+00:00,95131.0,95131.0,95060.0,95077.0,23.33081768
2026-01-18 05:00:00+00:00,95077.0,95219.5,95040.0,95148.0,66.05749026
2026-01-18 06:00:00+00:00,95148.0,95178.5,95119.5,95132.5,30.27313113
2026-01-18 07:00:00+00:00,95132.5,95145.0,95006.5,95013.0,241.12328215
2026-01-18 08:00:00+00:00,95013.0,95170.0,95000.0,95167.5,80.93942766
2026-01-18 09:00:00+00:00,95167.5,95252.5,95139.5,95242.5,77.15001346
2026-01-18 10:00:00+00:00,95243.0,95255.5,95067.5,95138.0,44.43949393
2026-01-18 11:00:00+00:00,95138.0,95170.0,95029.0,95148.5,44.30336419
2026-01-18 12:00:00+00:00,95148.5,95151.0,95055.0,95081.0,27.1939464
2026-01-18 13:00:00+00:00,95081.0,95172.5,94875.0,95137.0,238.61385544
2026-01-18 14:00:00+00:00,95137.0,95330.0,94916.0,94934.5,137.56296567
2026-01-18 15:00:00+00:00,94934.5,95082.5,94903.5,95082.5,29.05547459
2026-01-18 16:00:00+00:00,95082.5,95151.0,95051.0,95137.0,107.23768118
2026-01-18 17:00:00+00:00,95137.0,95252.5,95100.5,95225.0,59.79902949
2026-01-18 18:00:00+00:00,95225.0,95494.5,95137.5,95425.0,86.685598
2026-01-18 19:00:00+00:00,95442.0,95490.0,95320.5,95355.0,31.95997222
2026-01-18 20:00:00+00:00,95355.0,95430.5,95259.0,95292.5,35.94572561
2026-01-18 21:00:00+00:00,95292.5,95407.5,95274.5,95407.5,47.88195798
2026-01-18 22:00:00+00:00,95407.5,95500.0,95392.0,95476.5,57.48526151
2026-01-18 23:00:00+00:00,95476.0,95476.0,93569.5,93610.5,995.22181729
2026-01-19 00:00:00+00:00,93610.0,93610.5,91867.0,92690.0,1660.28854873
2026-01-19 01:00:00+00:00,92689.5,92832.5,92200.5,92540.5,429.43815675
2026-01-19 02:00:00+00:00,92540.5,92639.5,92323.0,92554.0,188.01111363
2026-01-19 03:00:00+00:00,92545.5,92750.5,92470.5,92651.0,142.6842544
2026-01-19 04:00:00+00:00,92651.0,92700.0,92467.5,92630.5,178.62812686
2026-01-19 05:00:00+00:00,92630.5,92785.5,92462.5,92462.5,96.19802206
2026-01-19 06:00:00+00:00,92463.0,92585.0,92350.5,92530.0,125.38772624
2026-01-19 07:00:00+00:00,92540.0,92812.5,92525.0,92794.5,298.77880728
2026-01-19 08:00:00+00:00,92794.5,93338.5,92661.0,93250.0,392.85727298
2026-01-19 09:00:00+00:00,93233.5,93245.0,92925.5,93004.5,112.16243905
2026-01-19 10:00:00+00:00,93005.0,93036.0,92824.0,93024.5,75.93706418
2026-01-19 11:00:00+00:00,93024.5,93303.5,92945.0,93176.0,105.96211906
2026-01-19 12:00:00+00:00,93176.0,93203.0,92991.5,93044.5,156.12731744
2026-01-19 13:00:00+00:00,93044.5,93148.5,92794.0,93000.0,132.93655773
2026-01-19 14:00:00+00:00,93000.5,93009.5,92700.0,92808.5,111.90384356
2026-01-19 15:00:00+00:00,92808.5,93068.0,92808.5,93050.0,129.89277731
2026-01-19 16:00:00+00:00,93049.5,93413.5,92981.0,93300.0,177.41081199
2026-01-19 17:00:00+00:00,93295.0,93359.0,93130.0,93214.0,65.82578723
2026-01-19 18:00:00+00:00,93212.5,93230.0,92887.0,93025.0,73.55952432
2026-01-19 19:00:00+00:00,93024.5,93120.0,92960.0,93087.5,53.91067925
2026-01-19 20:00:00+00:00,93086.0,93245.0,93085.0,93119.5,50.02528796
2026-01-19 21:00:00+00:00,93120.0,93329.0,92963.0,92990.5,78.61070837
2026-01-19 22:00:00+00:00,92990.0,93022.0,92540.0,92540.0,191.30546061
2026-01-19 23:00:00+00:00,92540.5,92715.0,92104.5,92590.0,368.10933256
2026-01-20 00:00:00+00:00,92589.5,92830.5,92299.5,92682.0,186.37271044
2026-01-20 01:00:00+00:00,92681.5,92835.0,92482.5,92678.5,65.93320332
2026-01-20 02:00:00+00:00,92678.5,92683.5,92331.0,92530.5,90.44867784
2026-01-20 03:00:00+00:00,92520.0,92610.0,92218.5,92390.5,71.84079234
2026-01-20 04:00:00+00:00,92387.5,92428.0,91951.5,92022.0,129.7348157
2026-01-20 05:00:00+00:00,92021.5,92022.0,91238.0,91600.0,569.29534898
2026-01-20 06:00:00+00:00,91578.5,91583.0,90718.0,90856.5,626.97467001
2026-01-20 07:00:00+00:00,90856.0,91230.5,90788.0,91117.0,430.82216185
2026-01-20 08:00:00+00:00,91105.5,91168.0,90600.0,91050.0,346.93036136
2026-01-20 09:00:00+00:00,91042.0,91042.0,90830.5,90969.0,105.67197854
2026-01-20 10:00:00+00:00,90969.0,91218.0,90935.5,91196.5,119.19844253
2026-01-20 11:00:00+00:00,91196.5,91380.0,91160.5,91161.0,97.55149747
2026-01-20 12:00:00+00:00,91161.0,91270.5,91000.0,91214.5,148.02340968
2026-01-20 13:00:00+00:00,91214.5,91219.0,90713.0,90875.0,232.34622535
2026-01-20 14:00:00+00:00,90880.0,91318.0,90217.5,90457.5,889.82139562
2026-01-20 15:00:00+00:00,90442.0,90715.0,89785.5,90639.0,698.11339297
2026-01-20 16:00:00+00:00,90603.5,90883.0,89950.5,90080.0,310.98115443
2026-01-20 17:00:00+00:00,90075.0,90419.5,89359.5,89694.0,433.83391439
2026-01-20 18:00:00+00:00,89694.0,89857.5,89301.0,89401.5,454.02813056
2026-01-20 19:00:00+00:00,89394.5,89693.0,89214.5,89643.0,444.67778275
2026-01-20 20:00:00+00:00,89643.0,89795.5,89311.0,89639.0,397.29595708
2026-01-20 21:00:00+00:00,89634.0,89742.5,89337.0,89395.0,186.4527965
2026-01-20 22:00:00+00:00,89379.0,89566.0,87755.5,88398.5,772.41914661
2026-01-20 23:00:00+00:00,88415.5,88448.0,87805.0,88336.5,456.8101997
2026-01-21 00:00:00+00:00,88336.5,88900.0,88175.0,88872.0,628.78853028
2026-01-21 01:00:00+00:00,88871.5,89093.0,88781.0,88947.5,230.11332026
2026-01-21 02:00:00+00:00,88947.5,89296.5,88945.0,89000.5,373.30013988
2026-01-21 03:00:00+00:00,89000.5,89526.0,89000.5,89358.5,282.89366569
2026-01-21 04:00:00+00:00,89358.5,89562.0,89284.5,89390.0,196.86017364
2026-01-21 05:00:00+00:00,89390.5,90075.5,89380.0,89885.5,466.28147341
2026-01-21 06:00:00+00:00,89885.0,89885.0,89429.0,89571.0,296.43400627
2026-01-21 07:00:00+00:00,89571.0,89698.5,89011.0,89167.5,457.78623366
2026-01-21 08:00:00+00:00,89167.0,89313.0,88911.5,89142.5,520.47778356
2026-01-21 09:00:00+00:00,89143.0,89431.5,89005.0,89047.0,215.13151778
2026-01-21 10:00:00+00:00,89047.5,89328.0,89007.5,89181.0,162.71376271
2026-01-21 11:00:00+00:00,89181.5,89316.5,88636.0,88730.5,222.68190959
2026-01-21 12:00:00+00:00,88730.5,88791.0,88149.0,88684.0,449.64069892
2026-01-21 13:00:00+00:00,88683.5,88977.0,88504.5,88621.0,264.16118918
2026-01-21 14:00:00+00:00,88621.0,89973.5,88558.5,89745.5,948.49236651
2026-01-21 15:00:00+00:00,89746.0,90546.0,89709.0,90242.0,446.74751797
2026-01-21 16:00:00+00:00,90242.0,90309.5,87520.5,87525.0,953.69132567
2026-01-21 17:00:00+00:00,87525.5,88113.5,87202.0,87883.5,687.97085512
2026-01-21 18:00:00+00:00,87868.5,88583.0,87540.5,88430.0,270.00129645
2026-01-21 19:00:00+00:00,88415.5,90400.0,88224.0,90296.0,1104.51154068
2026-01-21 20:00:00+00:00,90311.0,90323.5,89407.5,90165.5,471.03641712
2026-01-21 21:00:00+00:00,90169.5,90293.0,89916.5,90200.0,154.15822733
2026-01-21 22:00:00+00:00,90200.0,90327.5,89717.5,89717.5,110.55682179
2026-01-21 23:00:00+00:00,89717.5,90177.5,89318.5,89418.5,278.48166785
2026-01-22 00:00:00+00:00,89418.5,89992.0,89418.5,89861.5,122.4807953
2026-01-22 01:00:00+00:00,89861.5,90150.0,89778.5,90071.5,139.09750041
2026-01-22 02:00:00+00:00,90071.5,90320.0,89797.0,89894.5,132.44804239
2026-01-22 03:00:00+00:00,89894.5,90119.0,89644.5,89844.5,207.77678783
2026-01-22 04:00:00+00:00,89845.0,90022.5,89784.0,89951.5,85.45339999
2026-01-22 05:00:00+00:00,89946.0,90030.0,89870.5,89964.0,82.68264409
2026-01-22 06:00:00+00:00,89964.0,90161.5,89850.0,90115.0,86.69744687
2026-01-22 07:00:00+00:00,90115.0,90133.5,89733.5,89748.0,241.74735019
2026-01-22 08:00:00+00:00,89747.5,89915.0,89701.0,89848.5,74.32681145
2026-01-22 09:00:00+00:00,89848.0,90060.0,89830.0,89978.5,52.74196537
2026-01-22 10:00:00+00:00,89979.0,90070.0,89903.0,90038.0,102.67820054
2026-01-22 11:00:00+00:00,90023.5,90098.0,89832.5,89882.5,85.42207427
2026-01-22 12:00:00+00:00,89882.5,90032.0,89819.5,89973.0,95.93632266
2026-01-22 13:00:00+00:00,89970.5,90271.0,89432.5,89572.0,481.03637035
2026-01-22 14:00:00+00:00,89571.5,89701.0,89020.0,89048.0,499.77092359
2026-01-22 15:00:00+00:00,89046.5,89433.0,88423.5,88942.5,636.47131817
2026-01-22 16:00:00+00:00,88942.5,89211.5,88619.0,89001.5,364.51144433
2026-01-22 17:00:00+00:00,89001.5,89548.0,88972.5,89500.5,265.37396196
2026-01-22 18:00:00+00:00,89496.0,89750.0,89250.0,89279.5,272.40863763
2026-01-22 19:00:00+00:00,89279.5,89864.0,89060.5,89733.5,225.50430265
2026-01-22 20:00:00+00:00,89733.0,89886.5,89350.0,89364.5,170.66532691
2026-01-22 21:00:00+00:00,89356.0,89631.5,89179.0,89215.0,97.64082051
2026-01-22 22:00:00+00:00,89206.0,89505.0,89079.5,89309.0,124.94301168
2026-01-22 23:00:00+00:00,89287.5,89520.5,89108.5,89500.0,218.83817471
2026-01-23 00:00:00+00:00,89500.0,89588.5,89388.5,89468.5,51.34256667
2026-01-23 01:00:00+00:00,89468.5,89887.5,89468.5,89884.5,96.37931159
2026-01-23 02:00:00+00:00,89879.0,89917.5,89600.0,89603.5,124.97149653
2026-01-23 03:00:00+00:00,89603.5,89876.0,89595.0,89868.5,105.35113937
2026-01-23 04:00:00+00:00,89870.0,90027.5,89821.0,89925.0,231.72412924
2026-01-23 05:00:00+00:00,89906.5,89907.0,89429.5,89561.5,253.74432876
2026-01-23 06:00:00+00:00,89556.5,89729.5,89342.0,89426.0,162.79089659
2026-01-23 07:00:00+00:00,89426.5,89588.0,89361.0,89460.5,759.12075704
2026-01-23 08:00:00+00:00,89460.5,89528.0,88999.5,89113.5,471.77487032
2026-01-23 09:00:00+00:00,89113.5,89277.0,88825.0,88886.0,383.70828874
2026-01-23 10:00:00+00:00,88886.0,89076.5,88785.0,88964.5,128.81118592
2026-01-23 11:00:00+00:00,88964.5,89278.0,88930.0,89116.0,112.24702766
2026-01-23 12:00:00+00:00,89122.0,89292.0,89028.0,89190.0,33.21698254
2026-01-23 13:00:00+00:00,89189.0,89365.0,89149.0,89244.5,221.14565533
2026-01-23 14:00:00+00:00,89259.0,89629.0,88580.5,88922.0,413.97407943
2026-01-23 15:00:00+00:00,88921.5,89800.0,88500.0,89678.0,525.46601113
2026-01-23 16:00:00+00:00,89692.5,90433.0,89419.5,90056.0,811.36013186
2026-01-23 17:00:00+00:00,90050.5,91159.0,89922.0,90545.5,859.15017894
2026-01-23 18:00:00+00:00,90545.5,90980.0,90406.5,90462.5,605.08302094
2026-01-23 19:00:00+00:00,90464.0,90465.5,89556.0,89927.0,684.20637234
2026-01-23 20:00:00+00:00,89926.5,90098.5,89109.0,89402.5,757.04893496
2026-01-23 21:00:00+00:00,89423.0,89656.0,89249.5,89274.5,112.21099945
2026-01-23 22:00:00+00:00,89274.5,89674.0,89274.5,89543.0,117.42524687
2026-01-23 23:00:00+00:00,89542.5,89549.0,89400.0,89530.5,39.91581805
2026-01-24 00:00:00+00:00,89530.5,89553.5,89343.5,89372.0,35.58056951
2026-01-24 01:00:00+00:00,89372.5,89510.0,89372.0,89464.5,50.07813429
2026-01-24 02:00:00+00:00,89464.5,89618.5,89464.5,89618.0,43.5375662
2026-01-24 03:00:00+00:00,89607.5,89846.0,89585.0,89658.0,67.13058487
2026-01-24 04:00:00+00:00,89658.5,89748.5,89615.0,89735.0,24.9780526
2026-01-24 05:00:00+00:00,89735.0,89739.5,89662.5,89668.5,31.38720196
2026-01-24 06:00:00+00:00,89668.5,89687.0,89540.5,89560.0,50.21814789
2026-01-24 07:00:00+00:00,89560.0,89603.0,89465.0,89525.0,150.02839833
2026-01-24 08:00:00+00:00,89525.5,89572.5,89479.0,89566.0,31.22789017
2026-01-24 09:00:00+00:00,89566.0,89566.5,89487.5,89506.0,29.35010202
2026-01-24 10:00:00+00:00,89506.0,89556.0,89495.5,89535.5,23.44724039
2026-01-24 11:00:00+00:00,89535.5,89569.5,89505.5,89505.5,28.32749321
2026-01-24 12:00:00+00:00,89505.0,89505.0,89400.0,89430.5,36.19361411
2026-01-24 13:00:00+00:00,89430.5,89448.5,89280.0,89280.0,26.57989122
2026-01-24 14:00:00+00:00,89270.0,89413.0,89080.0,89362.0,140.50488744
2026-01-24 15:00:00+00:00,89362.0,89401.5,89162.5,89174.0,35.22132921
2026-01-24 16:00:00+00:00,89174.5,89275.0,89059.5,89192.0,52.41302143
2026-01-24 17:00:00+00:00,89192.0,89303.0,89148.0,89285.5,55.55390475
2026-01-24 18:00:00+00:00,89291.0,89349.0,89259.0,89289.5,20.19470428
2026-01-24 19:00:00+00:00,89289.5,89289.5,89171.5,89219.0,37.52524712
2026-01-24 20:00:00+00:00,89218.5,89287.5,89218.5,89272.5,8.60828636
2026-01-24 21:00:00+00:00,89272.5,89282.5,89165.0,89282.5,18.70887768
2026-01-24 22:00:00+00:00,89282.5,89389.0,89194.5,89324.5,28.56477564
2026-01-24 23:00:00+00:00,89324.5,89374.5,89100.0,89127.0,79.74889926
2026-01-25 00:00:00+00:00,89127.0,89186.0,89076.0,89186.0,97.04253384
2026-01-25 01:00:00+00:00,89186.0,89186.0,88986.5,89072.5,59.15952431
2026-01-25 02:00:00+00:00,89072.0,89143.0,89032.5,89032.5,27.62273788
2026-01-25 03:00:00+00:00,89032.5,89072.5,88704.5,88848.0,328.7369275
2026-01-25 04:00:00+00:00,88847.5,88984.0,88830.5,88901.5,77.25882681
2026-01-25 05:00:00+00:00,88901.5,88937.5,88777.5,88890.0,35.39188183
2026-01-25 06:00:00+00:00,88890.0,88890.0,88550.0,88756.0,108.42509457
2026-01-25 07:00:00+00:00,88756.0,88756.0,88560.0,88560.0,533.20005179
2026-01-25 08:00:00+00:00,88560.0,88655.5,88020.5,88191.5,392.97853548
2026-01-25 09:00:00+00:00,88190.0,88376.5,88111.5,88287.0,178.57998768
2026-01-25 10:00:00+00:00,88287.0,88563.0,88287.0,88559.0,89.32520642
2026-01-25 11:00:00+00:00,88558.5,88585.0,88437.5,88456.5,39.58182069
2026-01-25 12:00:00+00:00,88456.5,88700.0,88329.5,88687.0,81.50620148
2026-01-25 13:00:00+00:00,88686.5,88864.5,88559.0,88819.0,40.27682575
2026-01-25 14:00:00+00:00,88819.0,88846.0,88534.5,88614.0,65.71099941
2026-01-25 15:00:00+00:00,88614.5,88657.0,88276.5,88346.5,56.12690625
2026-01-25 16:00:00+00:00,88346.5,88346.5,87460.5,87982.5,554.34268186
2026-01-25 17:00:00+00:00,87990.0,88008.5,87672.0,87794.5,122.8972319
2026-01-25 18:00:00+00:00,87794.5,87892.5,86720.5,87338.5,504.36303359
2026-01-25 19:00:00+00:00,87339.0,87403.5,86120.0,86422.0,872.45665796
2026-01-25 20:00:00+00:00,86422.5,86639.5,86163.0,86589.0,315.82428916
2026-01-25 21:00:00+00:00,86594.5,86954.0,86339.0,86526.5,215.49354232
2026-01-25 22:00:00+00:00,86511.0,86621.5,86155.0,86459.0,234.09007936
2026-01-25 23:00:00+00:00,86459.0,86728.5,86006.0,86599.5,405.49863442
2026-01-26 00:00:00+00:00,86599.0,87100.0,86428.0,86769.0,273.44002229
2026-01-26 01:00:00+00:00,86769.0,87740.0,86735.5,87624.5,339.32506285
2026-01-26 02:00:00+00:00,87624.0,87882.0,87358.5,87465.0,123.15490782
2026-01-26 03:00:00+00:00,87475.5,87586.0,87003.0,87180.0,110.87946554
2026-01-26 04:00:00+00:00,87180.0,87860.0,87139.5,87645.5,208.78227556
2026-01-26 05:00:00+00:00,87645.5,87863.0,87581.5,87740.0,48.84892313
2026-01-26 06:00:00+00:00,87751.5,87940.0,87675.0,87849.5,181.15324788
2026-01-26 07:00:00+00:00,87849.0,87993.5,87620.5,87929.5,326.62163488
2026-01-26 08:00:00+00:00,87929.0,88315.5,87772.5,87906.0,184.85875309
2026-01-26 09:00:00+00:00,87906.5,87926.5,87529.0,87594.0,288.4538989
2026-01-26 10:00:00+00:00,87594.5,87886.0,87594.0,87844.5,92.35627139
2026-01-26 11:00:00+00:00,87844.5,87921.0,87707.0,87796.5,79.74491789
2026-01-26 12:00:00+00:00,87796.5,87896.5,87675.0,87726.0,95.35113675
2026-01-26 13:00:00+00:00,87726.0,87979.0,87641.5,87907.0,93.48468725
2026-01-26 14:00:00+00:00,87907.0,88452.0,87411.5,88142.5,392.45432781
2026-01-26 15:00:00+00:00,88138.0,88798.5,87274.0,87588.0,707.93258116
2026-01-26 16:00:00+00:00,87574.0,87888.0,87145.5,87544.0,308.81249409
2026-01-26 17:00:00+00:00,87544.0,87727.5,86959.5,87642.0,250.22480257
2026-01-26 18:00:00+00:00,87641.5,88342.0,87603.5,88342.0,309.37174994
2026-01-26 19:00:00+00:00,88342.0,88477.5,87900.0,87952.5,156.27886786
2026-01-26 20:00:00+00:00,87952.5,88066.0,87477.0,87552.5,94.2261937
2026-01-26 21:00:00+00:00,87566.0,88178.5,87522.5,88008.0,154.06660329
2026-01-26 22:00:00+00:00,88008.0,88210.0,87939.0,88082.0,85.91871279
2026-01-26 23:00:00+00:00,88082.0,88600.0,87960.5,88281.0,163.65423454
2026-01-27 00:00:00+00:00,88281.0,88391.5,88140.0,88281.5,57.77217331
2026-01-27 01:00:00+00:00,88281.5,88640.0,88132.5,88485.5,98.20205726
2026-01-27 02:00:00+00:00,88486.5,88798.0,88465.5,88746.0,101.12124027
2026-01-27 03:00:00+00:00,88745.5,88853.0,88517.5,88704.5,56.18370637
2026-01-27 04:00:00+00:00,88704.0,88926.5,88440.0,88501.5,126.09712809
2026-01-27 05:00:00+00:00,88501.5,88510.0,88316.0,88371.0,70.50079028
2026-01-27 06:00:00+00:00,88371.0,88435.0,88203.0,88251.5,82.98308527
2026-01-27 07:00:00+00:00,88251.0,88474.5,88237.5,88237.5,129.69117008
2026-01-27 08:00:00+00:00,88238.0,88314.5,88010.5,88083.5,128.71393314
2026-01-27 09:00:00+00:00,88083.5,88084.0,87780.5,87788.0,90.84178802
2026-01-27 10:00:00+00:00,87788.0,87961.5,87670.0,87688.5,114.87837712
2026-01-27 11:00:00+00:00,87689.0,88013.0,87660.0,87908.5,190.39075239
2026-01-27 12:00:00+00:00,87906.0,88070.5,87856.0,87894.0,186.54558444
2026-01-27 13:00:00+00:00,87894.0,87977.5,87720.0,87896.0,53.97518945
2026-01-27 14:00:00+00:00,87893.0,88376.5,87539.5,87642.5,372.157459
2026-01-27 15:00:00+00:00,87642.5,88114.5,87472.5,87945.5,328.95004627
2026-01-27 16:00:00+00:00,87946.0,88719.5,87905.0,88543.5,501.43900523
2026-01-27 17:00:00+00:00,88544.0,88608.0,87220.0,87457.0,620.88571198
2026-01-27 18:00:00+00:00,87457.0,88400.0,87368.0,88186.0,398.23414172
2026-01-27 19:00:00+00:00,88185.5,88450.0,87966.0,88322.0,178.47845952
2026-01-27 20:00:00+00:00,88322.0,89411.0,88294.0,89314.5,495.35034169
2026-01-27 21:00:00+00:00,89319.5,89450.0,88924.0,89001.0,281.18632451
2026-01-27 22:00:00+00:00,89001.5,89344.5,88949.0,89163.5,135.71935558
2026-01-27 23:00:00+00:00,89163.5,89440.0,89081.0,89170.0,157.84224804
2026-01-28 00:00:00+00:00,89170.0,89403.0,89071.0,89378.0,76.87068394
2026-01-28 01:00:00+00:00,89396.5,89416.5,89133.0,89335.5,82.87150526
2026-01-28 02:00:00+00:00,89335.0,89369.5,89025.0,89196.5,83.13314005
2026-01-28 03:00:00+00:00,89196.5,89217.5,88908.0,89043.0,87.64593136
2026-01-28 04:00:00+00:00,89042.5,89087.5,88751.5,88900.0,91.34384009
2026-01-28 05:00:00+00:00,88900.5,89049.5,88758.0,89041.0,293.93637287
2026-01-28 06:00:00+00:00,89041.5,89315.0,89041.5,89231.0,287.0828701
2026-01-28 07:00:00+00:00,89241.5,89268.5,89054.0,89086.5,214.22710096
2026-01-28 08:00:00+00:00,89086.5,89183.5,88822.0,88841.5,144.83869432
2026-01-28 09:00:00+00:00,88841.5,89511.0,88800.0,89500.0,202.67790518
2026-01-28 10:00:00+00:00,89499.5,89645.0,89253.5,89320.0,243.24594922
2026-01-28 11:00:00+00:00,89320.0,90078.0,89240.0,89991.0,518.23254999
2026-01-28 12:00:00+00:00,89991.0,90085.0,89700.0,89909.5,347.57254784
2026-01-28 13:00:00+00:00,89931.0,90396.0,89895.0,90152.5,405.78215904
2026-01-28 14:00:00+00:00,90156.5,90156.5,89347.0,89520.0,264.76887931
2026-01-28 15:00:00+00:00,89520.0,89760.0,88800.5,89369.0,493.99616089
2026-01-28 16:00:00+00:00,89369.5,89729.5,89157.5,89535.0,238.60248213
2026-01-28 17:00:00+00:00,89535.5,90489.0,89193.5,90091.0,339.35099549
2026-01-28 18:00:00+00:00,90074.5,90074.5,89146.0,89432.5,359.47967826
2026-01-28 19:00:00+00:00,89462.0,89623.5,88920.0,89304.0,348.15231817
2026-01-28 20:00:00+00:00,89303.5,89820.0,88907.0,89027.5,281.44306054
2026-01-28 21:00:00+00:00,89042.0,89386.0,88766.5,89297.0,301.34929228
2026-01-28 22:00:00+00:00,89310.0,89375.0,89033.0,89282.5,121.24577243
2026-01-28 23:00:00+00:00,89282.5,89370.5,89112.0,89191.5,111.35404063
2026-01-29 00:00:00+00:00,89200.5,89245.0,88806.0,89040.0,105.16407712
2026-01-29 01:00:00+00:00,89040.5,89062.5,88451.0,88498.0,142.49818098
2026-01-29 02:00:00+00:00,88498.5,88657.5,87600.0,87799.0,637.34406692
2026-01-29 03:00:00+00:00,87798.5,88160.0,87675.0,87926.0,297.3089463
2026-01-29 04:00:00+00:00,87926.0,88226.0,87773.0,88198.5,249.92750676
2026-01-29 05:00:00+00:00,88198.0,88302.0,88027.0,88082.5,101.91369164
2026-01-29 06:00:00+00:00,88073.0,88245.0,88064.0,88214.0,198.15368724
2026-01-29 07:00:00+00:00,88214.0,88333.0,88146.0,88244.5,201.05815722
2026-01-29 08:00:00+00:00,88244.5,88386.0,87788.5,87973.0,331.32787198
2026-01-29 09:00:00+00:00,87964.5,88066.0,87773.0,87773.0,220.35130725
2026-01-29 10:00:00+00:00,87772.5,87884.5,87695.0,87830.0,127.45694331
2026-01-29 11:00:00+00:00,87830.0,87946.5,87627.5,87720.5,186.49951215
2026-01-29 12:00:00+00:00,87720.5,87995.0,87694.5,87995.0,172.81804578
2026-01-29 13:00:00+00:00,88000.0,88042.5,87830.0,87913.5,162.62417961
2026-01-29 14:00:00+00:00,87914.0,87945.0,86872.5,86891.5,708.61371061
2026-01-29 15:00:00+00:00,86892.0,86923.5,84232.0,84812.5,3258.81637661
2026-01-29 16:00:00+00:00,84823.0,85285.0,84151.5,85181.0,1017.55478356
2026-01-29 17:00:00+00:00,85173.0,85508.0,83900.0,84142.5,1040.04417845
2026-01-29 18:00:00+00:00,84155.0,84545.0,83292.0,83351.5,750.66327197
2026-01-29 19:00:00+00:00,83351.5,84160.5,83270.5,83865.0,1165.92825086
2026-01-29 20:00:00+00:00,83865.5,84284.0,83693.0,84094.0,393.34919683
2026-01-29 21:00:00+00:00,84079.5,84534.0,84066.5,84404.5,323.11543032
2026-01-29 22:00:00+00:00,84405.0,84497.5,84184.0,84448.5,97.07144556
2026-01-29 23:00:00+00:00,84448.5,84609.5,84317.0,84523.5,207.6611135
2026-01-30 00:00:00+00:00,84510.5,84584.0,84045.5,84080.0,866.00695226
2026-01-30 01:00:00+00:00,84079.0,84079.0,80890.5,82384.5,2492.83840057
2026-01-30 02:00:00+00:00,82385.0,82451.0,81033.5,82070.5,1462.41879432
2026-01-30 03:00:00+00:00,82070.5,82649.0,81940.5,82581.5,687.72505324
2026-01-30 04:00:00+00:00,82581.0,83214.5,82577.0,82789.5,644.38865817
2026-01-30 05:00:00+00:00,82790.0,83191.0,82765.0,82765.0,471.1629098
2026-01-30 06:00:00+00:00,82765.0,82769.5,81929.0,82471.0,1513.30961404
2026-01-30 07:00:00+00:00,82471.0,82947.5,82317.0,82627.5,1770.55981554
2026-01-30 08:00:00+00:00,82627.5,82758.0,82261.0,82496.5,876.47150703
2026-01-30 09:00:00+00:00,82497.0,82660.5,82006.0,82210.0,379.20936961
2026-01-30 10:00:00+00:00,82211.0,82733.5,82031.0,82673.5,378.39612048
2026-01-30 11:00:00+00:00,82673.0,83162.0,82538.0,83008.5,302.22970136
2026-01-30 12:00:00+00:00,82998.0,83171.0,82496.0,82649.0,435.8719058
2026-01-30 13:00:00+00:00,82648.5,82939.5,82243.0,82610.5,376.63936823
2026-01-30 14:00:00+00:00,82610.0,83680.5,82596.5,82956.0,592.62821678
2026-01-30 15:00:00+00:00,82970.0,83537.5,82267.0,82772.0,622.19730226
2026-01-30 16:00:00+00:00,82772.0,83384.5,82449.0,83023.5,400.6045793
2026-01-30 17:00:00+00:00,83033.0,83360.5,82530.5,82836.5,389.00765848
2026-01-30 18:00:00+00:00,82835.5,84080.0,81774.0,83844.5,1106.49768761
2026-01-30 19:00:00+00:00,83833.5,84539.5,83827.5,84131.5,796.67544725
2026-01-30 20:00:00+00:00,84157.0,84187.5,83450.5,83790.0,604.1569488
2026-01-30 21:00:00+00:00,83804.0,84409.5,83679.0,84171.0,277.91438567
2026-01-30 22:00:00+00:00,84163.0,84217.5,83807.0,84124.5,168.91991941
2026-01-30 23:00:00+00:00,84124.0,84199.0,83826.5,84150.0,166.69162791
2026-01-31 00:00:00+00:00,84149.5,84181.0,83920.0,83961.5,115.70470121
2026-01-31 01:00:00+00:00,83961.5,84142.5,83805.0,83899.5,72.02706789
2026-01-31 02:00:00+00:00,83899.0,84082.5,83716.0,84030.5,95.4508239
2026-01-31 03:00:00+00:00,84030.5,84120.0,83919.5,83919.5,32.53672075
2026-01-31 04:00:00+00:00,83919.0,84036.5,83835.0,83885.5,74.79238356
2026-01-31 05:00:00+00:00,83886.0,83990.0,83795.0,83895.5,49.04276507
2026-01-31 06:00:00+00:00,83895.5,83932.5,83546.0,83675.0,69.09586896
2026-01-31 07:00:00+00:00,83675.0,83688.0,83282.5,83413.0,351.83379984
2026-01-31 08:00:00+00:00,83413.0,83544.5,82468.0,82954.5,787.77694587
2026-01-31 09:00:00+00:00,82954.0,83179.0,82778.0,82978.0,175.75598664
2026-01-31 10:00:00+00:00,82978.5,83078.5,82800.0,83045.5,239.61972443
2026-01-31 11:00:00+00:00,83044.5,83045.0,82722.5,82903.0,70.48605176
2026-01-31 12:00:00+00:00,82902.5,83031.0,82610.0,82651.0,184.60967379
2026-01-31 13:00:00+00:00,82654.0,82817.0,82368.0,82654.0,175.14561211
2026-01-31 14:00:00+00:00,82661.5,82817.5,80730.5,81393.0,1593.82971147
2026-01-31 15:00:00+00:00,81392.5,81673.5,80993.0,81201.5,713.49202167
2026-01-31 16:00:00+00:00,81188.5,82176.0,79972.5,80250.0,1720.20837895
2026-01-31 17:00:00+00:00,80238.0,80413.5,78008.0,78776.5,2280.61098639
2026-01-31 18:00:00+00:00,78776.0,79049.0,75524.5,77906.0,2786.62352123
2026-01-31 19:00:00+00:00,77915.0,78436.0,77060.5,77642.5,1418.68884839
2026-01-31 20:00:00+00:00,77641.5,78007.5,76977.5,77881.5,760.90435512
2026-01-31 21:00:00+00:00,77875.5,78266.5,77268.0,78201.5,499.38453005
2026-01-31 22:00:00+00:00,78201.5,78396.0,77884.5,78055.5,282.740773
2026-01-31 23:00:00+00:00,78054.5,79136.0,77978.5,78644.5,468.9124218
2026-02-01 00:00:00+00:00,78647.5,79338.5,78562.5,78820.5,430.2315782
2026-02-01 01:00:00+00:00,78820.5,78860.0,78197.5,78447.5,369.91003208
2026-02-01 02:00:00+00:00,78447.5,78965.5,78306.0,78823.0,160.59298991
2026-02-01 03:00:00+00:00,78823.0,78918.0,78577.0,78784.0,206.18266868
2026-02-01 04:00:00+00:00,78784.0,79038.0,78640.0,78884.0,142.74869405
2026-02-01 05:00:00+00:00,78880.5,78896.0,78431.0,78517.5,267.21363185
2026-02-01 06:00:00+00:00,78517.5,78725.0,78200.0,78231.5,186.7797808
2026-02-01 07:00:00+00:00,78231.5,78649.5,77904.0,78278.0,1222.43971764
2026-02-01 08:00:00+00:00,78278.0,78784.0,78176.0,78533.5,331.18054832
2026-02-01 09:00:00+00:00,78533.5,79067.5,78475.0,78958.0,201.03284965
2026-02-01 10:00:00+00:00,78958.5,79140.0,78065.5,78192.5,545.56111138
2026-02-01 11:00:00+00:00,78193.0,78818.0,78193.0,78680.0,434.03896286
2026-02-01 12:00:00+00:00,78680.0,78692.0,78179.0,78380.0,175.45872951
2026-02-01 13:00:00+00:00,78380.0,78699.5,78129.5,78249.0,174.07330852
2026-02-01 14:00:00+00:00,78266.0,78452.5,77046.5,78133.0,977.33659182
2026-02-01 15:00:00+00:00,78142.5,78193.0,76720.5,77503.5,673.60453204
2026-02-01 16:00:00+00:00,77535.5,77764.0,77025.0,77427.5,409.24029806
2026-02-01 17:00:00+00:00,77422.0,77677.0,77223.5,77677.0,277.86733172
2026-02-01 18:00:00+00:00,77677.0,78367.0,77652.0,77954.5,421.70079867
2026-02-01 19:00:00+00:00,77954.0,78033.0,76917.0,77119.5,312.51596473
2026-02-01 20:00:00+00:00,77119.5,77670.0,76512.5,77037.5,541.52607357
2026-02-01 21:00:00+00:00,77037.5,77095.0,76288.5,76453.0,391.26329353
2026-02-01 22:00:00+00:00,76462.0,77695.0,76383.0,77178.0,414.93977621
2026-02-01 23:00:00+00:00,77182.5,77556.5,75642.5,76900.0,1390.96996444
2026-02-02 00:00:00+00:00,76900.0,78100.0,76541.5,77625.0,772.18219146
2026-02-02 01:00:00+00:00,77615.0,77892.5,76571.5,77477.0,480.46879749
2026-02-02 02:00:00+00:00,77468.5,77498.0,76380.0,76439.5,404.6219661
2026-02-02 03:00:00+00:00,76425.5,76515.0,74536.0,76223.5,1786.94118524
2026-02-02 04:00:00+00:00,76236.5,76549.0,75255.5,75816.0,573.24584784
2026-02-02 05:00:00+00:00,75816.0,75909.5,74831.0,75425.5,683.83177306
2026-02-02 06:00:00+00:00,75425.0,76758.5,74872.5,76479.0,1148.03973762
2026-02-02 07:00:00+00:00,76479.0,76855.5,76262.5,76547.0,1047.60649807
2026-02-02 08:00:00+00:00,76552.0,77088.5,76520.5,76827.0,352.90970626
2026-02-02 09:00:00+00:00,76807.5,77757.0,76580.5,77650.0,1065.22586215
2026-02-02 10:00:00+00:00,77650.0,77800.0,77387.5,77428.0,369.34871057
2026-02-02 11:00:00+00:00,77428.0,77890.0,77385.0,77666.0,541.24030399
2026-02-02 12:00:00+00:00,77682.5,78319.0,77633.5,77920.5,294.0160614
2026-02-02 13:00:00+00:00,77920.5,78384.5,77730.5,78156.0,1110.89813465
2026-02-02 14:00:00+00:00,78152.0,78839.5,77553.5,77761.5,772.94864154
2026-02-02 15:00:00+00:00,77774.5,79305.0,77483.5,78784.5,1068.04728103
2026-02-02 16:00:00+00:00,78797.0,79254.5,78518.0,78568.0,621.53972217
2026-02-02 17:00:00+00:00,78568.0,79139.5,78547.5,78922.5,454.66722706
2026-02-02 18:00:00+00:00,78922.5,78922.5,78305.0,78513.0,571.62034449
2026-02-02 19:00:00+00:00,78503.0,78638.5,78220.5,78263.0,214.33600565
2026-02-02 20:00:00+00:00,78273.5,78600.0,77817.5,77950.0,287.56687118
2026-02-02 21:00:00+00:00,77939.0,78496.5,77849.5,78456.5,194.96698045
2026-02-02 22:00:00+00:00,78456.5,78792.0,78456.5,78719.5,123.75916244
2026-02-02 23:00:00+00:00,78720.0,78888.0,78487.5,78659.5,171.64919227
2026-02-03 00:00:00+00:00,78659.0,79041.5,78338.5,79006.5,235.57989535
2026-02-03 01:00:00+00:00,79006.5,79128.0,78658.5,78945.5,109.22788064
2026-02-03 02:00:00+00:00,78945.5,78945.5,77726.5,77736.0,395.49169905
2026-02-03 03:00:00+00:00,77735.5,78819.5,77575.0,78672.0,744.106095
2026-02-03 04:00:00+00:00,78671.5,78920.5,78412.5,78725.0,175.08062962
2026-02-03 05:00:00+00:00,78725.0,78725.0,78135.0,78161.0,311.06542018
2026-02-03 06:00:00+00:00,78160.5,78599.5,77869.0,78523.0,223.62129622
2026-02-03 07:00:00+00:00,78523.0,78867.5,78417.5,78712.5,246.63801697
2026-02-03 08:00:00+00:00,78721.5,79017.0,78402.5,78668.0,304.86567506
2026-02-03 09:00:00+00:00,78675.0,78770.5,77836.0,78338.0,558.57628807
2026-02-03 10:00:00+00:00,78337.5,78505.5,77997.5,78065.5,180.32149536
2026-02-03 11:00:00+00:00,78065.0,78288.5,77930.0,78002.5,149.30033307
2026-02-03 12:00:00+00:00,78003.0,78341.5,77921.5,78267.0,145.10494644
2026-02-03 13:00:00+00:00,78260.5,78384.5,78120.0,78226.0,111.92926499
2026-02-03 14:00:00+00:00,78235.5,78359.5,77076.0,77123.0,788.02490176
2026-02-03 15:00:00+00:00,77123.0,78137.0,76977.0,78079.0,925.93522244
2026-02-03 16:00:00+00:00,78078.5,78078.5,76405.5,76439.0,860.36287705
2026-02-03 17:00:00+00:00,76432.5,76461.5,74807.5,74835.0,1402.99357498
2026-02-03 18:00:00+00:00,74844.0,75229.5,73068.0,73089.0,1908.64487141
2026-02-03 19:00:00+00:00,73081.0,75196.0,72771.5,74866.5,1357.0919199
2026-02-03 20:00:00+00:00,74842.5,76674.5,74516.0,76399.5,1611.85977473
2026-02-03 21:00:00+00:00,76391.0,76886.0,76043.5,76156.5,409.89538854
2026-02-03 22:00:00+00:00,76157.0,76218.5,75336.0,75642.0,467.15029947
2026-02-03 23:00:00+00:00,75641.5,75945.0,75355.5,75694.5,446.97350401
2026-02-04 00:00:00+00:00,75698.5,76186.5,75400.0,75825.5,280.56106035
2026-02-04 01:00:00+00:00,75826.0,76700.0,75826.0,76351.5,228.64669358
2026-02-04 02:00:00+00:00,76352.0,76520.0,75634.0,75886.5,223.52678257
2026-02-04 03:00:00+00:00,75886.5,76890.0,75831.5,76629.0,222.81691778
2026-02-04 04:00:00+00:00,76629.0,76749.0,76352.5,76409.5,125.50865762
2026-02-04 05:00:00+00:00,76409.5,76452.5,76029.5,76200.0,126.69684067
2026-02-04 06:00:00+00:00,76211.5,76705.0,76192.5,76579.0,193.58381352
2026-02-04 07:00:00+00:00,76579.0,76579.0,76270.5,76429.5,360.12506155
2026-02-04 08:00:00+00:00,76429.5,76512.0,75932.0,76502.0,410.39312271
2026-02-04 09:00:00+00:00,76502.0,76520.0,75826.5,76008.0,265.58088259
2026-02-04 10:00:00+00:00,76024.5,76262.5,75969.5,76209.0,143.58496743
2026-02-04 11:00:00+00:00,76209.0,76209.0,75558.5,75935.5,385.25630896
2026-02-04 12:00:00+00:00,75936.0,76178.5,75906.5,76088.5,237.78798821
2026-02-04 13:00:00+00:00,76080.0,76089.5,74762.0,74777.0,536.16466736
2026-02-04 14:00:00+00:00,74760.0,75676.5,74132.0,74237.5,789.63907186
2026-02-04 15:00:00+00:00,74237.5,75217.0,73708.5,74024.0,1426.30668063
2026-02-04 16:00:00+00:00,74025.5,74137.0,72975.0,73526.5,1086.64071657
2026-02-04 17:00:00+00:00,73527.0,73749.5,72037.5,72439.0,1326.04729553
2026-02-04 18:00:00+00:00,72439.0,73994.5,72144.0,73287.5,1190.54802841
2026-02-04 19:00:00+00:00,73295.0,73902.5,72920.5,73812.5,848.10538835
2026-02-04 20:00:00+00:00,73796.0,74019.0,73300.0,73366.5,267.27624517
2026-02-04 21:00:00+00:00,73380.5,73508.0,72037.5,72670.0,554.50291495
2026-02-04 22:00:00+00:00,72670.0,73556.0,71673.0,72410.5,1126.77576374
2026-02-04 23:00:00+00:00,72385.0,73380.5,72323.5,73021.0,434.70255369
2026-02-05 00:00:00+00:00,73021.5,73179.5,72610.5,72753.0,245.34254994
2026-02-05 01:00:00+00:00,72734.5,73199.5,71846.5,72258.0,908.25508356
2026-02-05 02:00:00+00:00,72257.0,72691.5,71125.5,71313.0,1223.87126051
2026-02-05 03:00:00+00:00,71314.5,71751.5,71033.0,71096.5,719.22818593
2026-02-05 04:00:00+00:00,71109.0,71297.0,70588.0,70760.5,979.39200074
2026-02-05 05:00:00+00:00,70761.0,71015.0,70023.5,70595.0,825.08367097
2026-02-05 06:00:00+00:00,70595.5,70855.0,70300.0,70824.5,613.35807115
2026-02-05 07:00:00+00:00,70824.5,71494.0,70462.5,70573.5,1477.277665
2026-02-05 08:00:00+00:00,70573.5,71398.0,70510.5,70920.0,734.90217424
2026-02-05 09:00:00+00:00,70921.0,71840.0,70921.0,71421.0,632.7510685
2026-02-05 10:00:00+00:00,71435.0,71592.0,70520.0,70725.5,464.79632506
2026-02-05 11:00:00+00:00,70725.5,70924.0,69801.0,70199.0,1304.1537267
2026-02-05 12:00:00+00:00,70205.5,70490.0,69030.5,69428.5,2183.94790659
2026-02-05 13:00:00+00:00,69430.5,69700.0,69114.0,69546.5,737.17315936
2026-02-05 14:00:00+00:00,69546.5,70746.0,69181.0,69287.5,1773.94298157
2026-02-05 15:00:00+00:00,69293.0,69511.0,66578.5,67370.5,3440.46599181
2026-02-05 16:00:00+00:00,67372.0,68562.0,66821.5,68162.0,1507.82262111
2026-02-05 17:00:00+00:00,68188.5,68263.0,66020.0,66042.5,1771.90160007
2026-02-05 18:00:00+00:00,66045.0,66432.5,65095.0,66202.5,1956.77404982
2026-02-05 19:00:00+00:00,66210.5,66561.0,65056.0,65137.0,1085.53019903
2026-02-05 20:00:00+00:00,65134.0,65569.0,62162.0,63620.5,3259.85116977
2026-02-05 21:00:00+00:00,63625.0,64639.0,62714.5,63116.0,2498.80434361
2026-02-05 22:00:00+00:00,63093.5,64479.0,62555.5,63782.5,1825.56069356
2026-02-05 23:00:00+00:00,63784.5,64788.0,62593.5,62787.0,1323.30329361
2026-02-06 00:00:00+00:00,62774.0,63739.5,59800.0,63379.5,5289.19592087
2026-02-06 01:00:00+00:00,63383.5,65650.0,63383.5,65622.0,1684.50858494
2026-02-06 02:00:00+00:00,65610.0,65935.0,64128.5,64907.0,1093.14926482
2026-02-06 03:00:00+00:00,64907.0,65075.5,63618.5,64073.5,1309.73895214
2026-02-06 04:00:00+00:00,64073.0,64909.0,63870.5,64815.0,890.46486503
2026-02-06 05:00:00+00:00,64814.5,66749.5,64707.5,66312.5,1757.79316458
2026-02-06 06:00:00+00:00,66314.5,66694.5,64777.5,64896.0,928.62868494
2026-02-06 07:00:00+00:00,64883.5,65437.5,64515.0,64711.5,2429.94918141
2026-02-06 08:00:00+00:00,64724.0,65094.0,64382.0,64801.0,1190.53043808
2026-02-06 09:00:00+00:00,64800.5,66071.5,64664.0,65715.5,1073.74160019
2026-02-06 10:00:00+00:00,65715.5,66127.5,65449.0,65889.0,803.14736804
2026-02-06 11:00:00+00:00,65888.5,66808.5,65692.0,66562.0,1093.86914008
2026-02-06 12:00:00+00:00,66550.0,66550.0,66033.0,66481.5,482.25964012
2026-02-06 13:00:00+00:00,66482.0,67626.5,66408.0,67252.5,1441.13469714
2026-02-06 14:00:00+00:00,67252.0,68718.0,66531.0,68177.0,1920.14417217
2026-02-06 15:00:00+00:00,68151.5,69182.0,67738.0,68569.0,2889.59779986
2026-02-06 16:00:00+00:00,68583.5,70190.0,68380.0,69921.5,1731.80121391
2026-02-06 17:00:00+00:00,69907.5,71465.5,69550.0,70702.5,1768.67112922
2026-02-06 18:00:00+00:00,70702.5,70755.5,69283.5,69695.5,1081.64152417
2026-02-06 19:00:00+00:00,69696.0,70936.5,69580.0,70654.5,787.10851451
2026-02-06 20:00:00+00:00,70654.5,71090.0,69914.5,69918.0,913.60648201
2026-02-06 21:00:00+00:00,69924.5,70429.5,69762.0,70278.5,327.48687224
2026-02-06 22:00:00+00:00,70296.5,71607.5,70210.5,71286.0,596.82492191
2026-02-06 23:00:00+00:00,71286.0,71682.0,70437.5,70507.5,529.52726642
2026-02-07 00:00:00+00:00,70516.5,70525.0,69671.5,69915.5,509.09156132
2026-02-07 01:00:00+00:00,69915.5,70642.0,69709.0,70438.5,307.00688337
2026-02-07 02:00:00+00:00,70430.0,70579.5,70104.5,70319.5,124.39400162
2026-02-07 03:00:00+00:00,70318.0,70895.5,70234.0,70875.5,227.32914789
2026-02-07 04:00:00+00:00,70875.0,71678.0,70573.5,70723.5,789.76334166
2026-02-07 05:00:00+00:00,70714.5,71136.5,69912.5,70092.5,476.57782514
2026-02-07 06:00:00+00:00,70118.5,70270.0,68711.0,68711.5,694.57217553
2026-02-07 07:00:00+00:00,68723.5,69033.5,67272.0,68061.5,2151.14168679
2026-02-07 08:00:00+00:00,68061.0,68751.5,67726.5,68465.0,446.3584624
2026-02-07 09:00:00+00:00,68453.0,68730.0,67865.0,68105.5,324.35095051
2026-02-07 10:00:00+00:00,68101.0,68261.5,67583.0,67971.0,307.92352351
2026-02-07 11:00:00+00:00,67971.0,68124.0,67670.5,67941.5,162.83111012
2026-02-07 12:00:00+00:00,67923.5,69962.5,67878.0,68975.0,1239.70473147
2026-02-07 13:00:00+00:00,68969.0,69297.5,68758.5,69012.5,172.65044419
2026-02-07 14:00:00+00:00,69033.5,69117.0,68311.5,68580.5,337.75605285
2026-02-07 15:00:00+00:00,68581.0,69711.5,68503.5,69080.5,447.08346852
2026-02-07 16:00:00+00:00,69100.5,69853.5,68790.5,68950.0,833.08569689
2026-02-07 17:00:00+00:00,68914.0,69379.5,68501.5,69151.5,266.93827899
2026-02-07 18:00:00+00:00,69143.0,69651.5,68973.0,69489.0,255.56101294
2026-02-07 19:00:00+00:00,69489.0,69533.5,69233.0,69338.0,89.32429137
2026-02-07 20:00:00+00:00,69340.5,69705.0,69228.0,69596.5,137.72507163
2026-02-07 21:00:00+00:00,69596.5,69656.5,69319.5,69456.0,74.16325961
2026-02-07 22:00:00+00:00,69460.0,69652.5,69281.5,69351.5,70.40769794
2026-02-07 23:00:00+00:00,69365.0,69414.5,68743.5,69250.5,223.24678778
2026-02-08 00:00:00+00:00,69255.0,69400.0,68851.5,69093.5,100.66661383
2026-02-08 01:00:00+00:00,69093.5,69472.0,69056.0,69346.5,68.29949711
2026-02-08 02:00:00+00:00,69346.5,69658.5,69130.0,69330.0,126.75642185
2026-02-08 03:00:00+00:00,69330.0,69387.5,69030.5,69059.5,64.07588343
2026-02-08 04:00:00+00:00,69059.5,69317.0,68919.5,69306.5,57.76550902
2026-02-08 05:00:00+00:00,69306.0,69376.5,69124.0,69193.0,60.85033182
2026-02-08 06:00:00+00:00,69187.0,69376.0,69052.0,69310.0,177.42343193
2026-02-08 07:00:00+00:00,69309.5,69656.0,69180.0,69647.5,380.69976119
2026-02-08 08:00:00+00:00,69647.0,70736.5,69467.5,70596.5,850.52522274
2026-02-08 09:00:00+00:00,70601.5,70651.0,70051.0,70066.5,354.47600926
2026-02-08 10:00:00+00:00,70063.0,70402.0,69806.5,70219.0,262.82390937
2026-02-08 11:00:00+00:00,70218.5,71171.0,70173.0,70940.5,464.58747139
2026-02-08 12:00:00+00:00,70940.5,71225.0,70659.0,71206.0,225.92514228
2026-02-08 13:00:00+00:00,71204.0,71486.5,70930.0,71468.0,334.01771462
2026-02-08 14:00:00+00:00,71468.5,71519.0,71045.0,71211.5,269.21753317
2026-02-08 15:00:00+00:00,71211.0,71419.5,70739.0,71143.0,275.49610988
2026-02-08 16:00:00+00:00,71142.5,71203.0,70209.0,70360.0,313.02096074
2026-02-08 17:00:00+00:00,70394.5,70833.5,70394.5,70736.5,134.06454819
2026-02-08 18:00:00+00:00,70736.0,71375.5,70712.5,71100.0,184.88908192
2026-02-08 19:00:00+00:00,71100.0,71484.5,71100.0,71371.0,148.86416893
2026-02-08 20:00:00+00:00,71371.0,71371.0,70638.0,70785.0,208.92832974
2026-02-08 21:00:00+00:00,70785.0,71086.5,70500.0,70673.0,123.37610759
2026-02-08 22:00:00+00:00,70655.5,71049.5,70621.5,71014.5,97.89168019
2026-02-08 23:00:00+00:00,71023.0,72268.0,69902.0,70274.0,1145.9931395
2026-02-09 00:00:00+00:00,70273.5,70727.5,70070.0,70460.5,288.33527869
2026-02-09 01:00:00+00:00,70443.0,70890.5,70008.5,70314.0,308.62244747
2026-02-09 02:00:00+00:00,70330.0,70998.5,70168.0,70570.5,148.80099147
2026-02-09 03:00:00+00:00,70586.0,71394.0,70575.0,71264.0,274.68276747
2026-02-09 04:00:00+00:00,71263.5,71299.0,70888.0,70954.0,259.74408309
2026-02-09 05:00:00+00:00,70954.0,71064.5,70770.5,70998.5,118.25067474
2026-02-09 06:00:00+00:00,70998.5,70998.5,70248.0,70629.5,331.66978884
2026-02-09 07:00:00+00:00,70629.0,70856.5,70307.0,70380.5,476.40293396
2026-02-09 08:00:00+00:00,70380.5,70563.5,69355.5,69833.5,523.88563785
2026-02-09 09:00:00+00:00,69833.0,70073.0,69417.0,69553.0,289.87061328
2026-02-09 10:00:00+00:00,69566.5,69658.0,68360.5,68680.0,632.33416037
2026-02-09 11:00:00+00:00,68680.5,68966.0,68524.5,68874.5,200.54178671
2026-02-09 12:00:00+00:00,68874.5,69190.0,68812.5,69076.5,219.01567729
2026-02-09 13:00:00+00:00,69086.0,69246.0,68540.0,68540.0,218.98395119
2026-02-09 14:00:00+00:00,68540.0,69758.0,68261.5,69238.5,1045.18622676
2026-02-09 15:00:00+00:00,69225.0,69808.0,68759.5,69532.5,681.47392222
2026-02-09 16:00:00+00:00,69515.5,70362.5,69034.0,70024.0,623.45337557
2026-02-09 17:00:00+00:00,70045.0,70941.5,69825.5,70579.0,900.05718129
2026-02-09 18:00:00+00:00,70572.5,70999.5,70045.5,70362.0,427.58821733
2026-02-09 19:00:00+00:00,70353.5,71033.0,70226.0,70911.0,197.78506706
2026-02-09 20:00:00+00:00,70924.0,71092.0,70461.0,70711.5,267.55683751
2026-02-09 21:00:00+00:00,70700.0,70756.5,69787.0,70384.5,427.46077685
2026-02-09 22:00:00+00:00,70373.0,70698.0,70250.5,70340.0,134.3799447
2026-02-09 23:00:00+00:00,70336.0,70550.5,70044.0,70099.0,101.07155639
2026-02-10 00:00:00+00:00,70105.5,70224.5,69708.5,69790.5,197.19613025
2026-02-10 01:00:00+00:00,69792.5,70487.0,69792.5,70450.0,192.60091913
2026-02-10 02:00:00+00:00,70456.0,70456.0,69950.5,70063.5,233.67921351
2026-02-10 03:00:00+00:00,70064.0,70132.5,69159.0,69460.0,409.18018134
2026-02-10 04:00:00+00:00,69460.5,69864.5,69437.5,69790.0,169.89570774
2026-02-10 05:00:00+00:00,69790.0,69812.0,69160.5,69404.0,251.41111163
2026-02-10 06:00:00+00:00,69404.0,69441.5,68622.0,68861.5,447.82703014
2026-02-10 07:00:00+00:00,68861.5,69144.0,68792.5,68866.5,613.35633377
2026-02-10 08:00:00+00:00,68866.5,69161.5,68682.0,69078.5,374.83473091
2026-02-10 09:00:00+00:00,69077.5,69172.0,68863.5,69066.0,58.83564945
2026-02-10 10:00:00+00:00,69090.5,69199.5,68857.5,68857.5,168.750929
2026-02-10 11:00:00+00:00,68851.0,69024.0,68393.5,68477.5,239.15050759
2026-02-10 12:00:00+00:00,68478.5,68789.5,68375.0,68565.0,145.64146717
2026-02-10 13:00:00+00:00,68556.0,69082.0,68283.5,68981.0,245.00552758
2026-02-10 14:00:00+00:00,68969.5,69536.0,67788.5,68399.0,1038.96584999
2026-02-10 15:00:00+00:00,68398.5,69471.5,68237.0,69240.5,745.15496131
2026-02-10 16:00:00+00:00,69256.5,69761.5,68900.5,69466.0,468.65558846
2026-02-10 17:00:00+00:00,69473.5,69974.5,69282.5,69891.0,390.52062826
2026-02-10 18:00:00+00:00,69899.0,69914.0,68571.5,68864.5,392.45982269
2026-02-10 19:00:00+00:00,68864.5,69265.0,68662.5,69035.0,192.83861493
2026-02-10 20:00:00+00:00,69035.0,69096.0,68595.5,68727.5,180.32131875
2026-02-10 21:00:00+00:00,68728.5,68973.5,68318.5,68617.0,279.61868121
2026-02-10 22:00:00+00:00,68630.5,68823.5,68525.5,68662.5,128.60196277
2026-02-10 23:00:00+00:00,68659.5,68809.0,68453.0,68795.0,98.19702768
2026-02-11 00:00:00+00:00,68798.0,69200.0,68744.5,69165.0,124.13804742
2026-02-11 01:00:00+00:00,69171.5,69246.0,68868.5,68922.5,108.26885477
2026-02-11 02:00:00+00:00,68935.5,69112.5,68560.0,68626.0,188.43681561
2026-02-11 03:00:00+00:00,68626.5,68703.5,67940.0,68134.5,447.48874253
2026-02-11 04:00:00+00:00,68134.5,68267.0,67305.0,67518.0,556.9859033
2026-02-11 05:00:00+00:00,67518.5,67759.5,67330.0,67350.0,228.80236578
2026-02-11 06:00:00+00:00,67368.0,67448.0,66490.0,66751.5,819.15105025
2026-02-11 07:00:00+00:00,66750.5,67204.5,66590.0,66955.0,500.88366449
2026-02-11 08:00:00+00:00,66955.5,67063.5,66746.5,66956.0,204.87075757
2026-02-11 09:00:00+00:00,66957.5,67054.5,66669.0,66810.0,331.18569369
2026-02-11 10:00:00+00:00,66823.5,66828.5,66333.0,66470.0,338.42300831
2026-02-11 11:00:00+00:00,66477.0,67081.0,66470.5,67011.5,204.66305807
2026-02-11 12:00:00+00:00,67011.5,67397.5,66926.5,67085.0,408.23224801
2026-02-11 13:00:00+00:00,67085.0,67654.0,66766.0,67419.0,767.52644809
2026-02-11 14:00:00+00:00,67425.0,68956.0,66342.5,66540.0,1729.85023271
2026-02-11 15:00:00+00:00,66547.0,66795.0,65711.5,66486.5,994.09234978
2026-02-11 16:00:00+00:00,66483.5,67233.0,65900.0,65992.5,609.80165847
2026-02-11 17:00:00+00:00,65992.0,66876.0,65839.5,66480.5,470.97401359
2026-02-11 18:00:00+00:00,66492.0,67271.5,66106.5,67239.5,505.92109909
2026-02-11 19:00:00+00:00,67239.0,67818.5,67090.0,67560.0,488.2308565
2026-02-11 20:00:00+00:00,67540.5,67714.5,67145.5,67510.0,233.0028361
2026-02-11 21:00:00+00:00,67514.5,68307.0,67371.5,67759.0,435.36636372
2026-02-11 22:00:00+00:00,67761.0,67826.0,67332.5,67387.5,283.34318428
2026-02-11 23:00:00+00:00,67391.5,67515.5,66738.0,67051.5,339.55952706
2026-02-12 00:00:00+00:00,67036.5,67663.0,67010.5,67413.5,236.38581566
2026-02-12 01:00:00+00:00,67414.0,68010.5,67414.0,67659.5,224.00954475
2026-02-12 02:00:00+00:00,67659.5,67758.0,67375.0,67390.5,142.68145408
2026-02-12 03:00:00+00:00,67398.5,67555.0,67276.5,67553.5,765.88913056
2026-02-12 04:00:00+00:00,67553.5,67649.0,66949.5,66982.5,325.06552947
2026-02-12 05:00:00+00:00,66973.5,67154.5,66620.5,67103.0,619.44232254
2026-02-12 06:00:00+00:00,67102.5,67311.0,66977.5,67091.0,261.80954736
2026-02-12 07:00:00+00:00,67084.5,67296.0,66890.5,67181.5,291.68841545
2026-02-12 08:00:00+00:00,67181.5,67300.5,66840.5,67100.0,241.23220628
2026-02-12 09:00:00+00:00,67100.0,67681.5,67017.0,67533.5,585.51210709
2026-02-12 10:00:00+00:00,67533.0,68061.5,67395.5,67997.0,929.12233152
2026-02-12 11:00:00+00:00,67996.5,68258.5,67731.0,68098.0,552.158815
2026-02-12 12:00:00+00:00,68060.0,68131.5,67705.0,67830.5,192.93412933
2026-02-12 13:00:00+00:00,67842.0,68379.0,67663.5,68332.0,300.28612037
2026-02-12 14:00:00+00:00,68356.5,68398.0,67461.5,67558.0,542.27315726
2026-02-12 15:00:00+00:00,67567.0,67990.0,66975.5,67113.0,801.86552458
2026-02-12 16:00:00+00:00,67113.5,67200.0,65509.5,65791.5,1416.1584768
2026-02-12 17:00:00+00:00,65816.0,66235.5,65315.0,65369.0,663.8495902
2026-02-12 18:00:00+00:00,65369.5,65753.0,65066.0,65551.5,1255.12080909
2026-02-12 19:00:00+00:00,65544.0,66096.0,65226.0,65752.0,410.47285181
2026-02-12 20:00:00+00:00,65746.0,65998.0,65173.5,65378.5,289.36709724
2026-02-12 21:00:00+00:00,65394.5,65849.5,65390.0,65790.5,201.07420475
2026-02-12 22:00:00+00:00,65799.0,66352.0,65599.5,66253.0,294.6526176
2026-02-12 23:00:00+00:00,66247.0,66449.5,66115.0,66233.5,296.74477327
2026-02-13 00:00:00+00:00,66233.0,66485.5,65821.0,65898.5,260.27420086
2026-02-13 01:00:00+00:00,65891.5,66580.0,65882.0,66411.5,432.30948789
2026-02-13 02:00:00+00:00,66411.5,66712.0,66333.5,66625.0,273.04070209
2026-02-13 03:00:00+00:00,66622.0,66763.5,66421.5,66500.5,789.68779738
2026-02-13 04:00:00+00:00,66508.5,66629.5,66252.5,66277.0,302.74011304
2026-02-13 05:00:00+00:00,66277.0,66453.5,66140.0,66140.0,260.49783527
2026-02-13 06:00:00+00:00,66137.5,66352.5,65964.0,66332.5,390.12321214
2026-02-13 07:00:00+00:00,66332.5,66530.0,65958.0,66140.0,1736.03954623
2026-02-13 08:00:00+00:00,66140.5,66686.5,66122.0,66636.5,432.71109026
2026-02-13 09:00:00+00:00,66637.5,67014.5,66555.5,66922.5,364.53908873
2026-02-13 10:00:00+00:00,66910.0,67057.5,66749.5,66932.0,163.8847492
2026-02-13 11:00:00+00:00,66921.0,67184.5,66740.5,67118.5,267.44206919
2026-02-13 12:00:00+00:00,67124.5,67156.5,66890.5,67046.5,142.1542262
2026-02-13 13:00:00+00:00,67046.5,67576.0,66900.5,67228.5,558.16988298
2026-02-13 14:00:00+00:00,67227.0,67976.5,66820.5,67701.5,703.70172485
2026-02-13 15:00:00+00:00,67701.0,69262.0,67660.0,68653.5,1273.72759213
2026-02-13 16:00:00+00:00,68646.5,69449.5,68509.5,68897.5,670.26085702
2026-02-13 17:00:00+00:00,68897.5,69171.5,68582.0,68975.5,406.1557124
2026-02-13 18:00:00+00:00,68976.0,69349.5,68840.5,69069.5,286.30241617
2026-02-13 19:00:00+00:00,69070.0,69172.0,68846.0,68860.0,206.13999948
2026-02-13 20:00:00+00:00,68860.0,68902.5,68630.0,68726.5,213.05112685
2026-02-13 21:00:00+00:00,68720.5,69018.0,68673.0,68856.5,141.05478017
2026-02-13 22:00:00+00:00,68853.5,68950.0,68680.5,68929.0,113.49058893
2026-02-13 23:00:00+00:00,68935.0,68948.5,68786.0,68800.0,87.26878191
2026-02-14 00:00:00+00:00,68800.0,69088.5,68725.0,69042.5,129.73173384
2026-02-14 01:00:00+00:00,69045.5,69066.0,68881.5,68921.0,54.9926376
2026-02-14 02:00:00+00:00,68921.0,68966.5,68813.0,68839.5,79.10098744
2026-02-14 03:00:00+00:00,68840.0,68976.5,68812.5,68935.5,56.74399975
2026-02-14 04:00:00+00:00,68935.5,68956.5,68750.0,68750.0,44.32716406
2026-02-14 05:00:00+00:00,68750.5,68862.0,68726.0,68733.0,39.68383527
2026-02-14 06:00:00+00:00,68729.5,68888.5,68680.5,68888.5,57.39196534
2026-02-14 07:00:00+00:00,68888.5,69324.0,68853.0,69180.0,274.22898219
2026-02-14 08:00:00+00:00,69180.0,69844.5,69180.0,69718.5,497.72639449
2026-02-14 09:00:00+00:00,69714.0,69887.0,69550.0,69688.5,139.71084285
2026-02-14 10:00:00+00:00,69687.5,69687.5,69565.0,69647.0,45.73945324
2026-02-14 11:00:00+00:00,69647.0,70585.0,69647.0,70485.5,454.87325694
2026-02-14 12:00:00+00:00,70485.5,70500.0,69585.5,69609.0,581.65502612
2026-02-14 13:00:00+00:00,69610.0,69752.5,69165.5,69441.0,514.67662264
2026-02-14 14:00:00+00:00,69446.0,69840.0,69324.5,69693.0,211.71825598
2026-02-14 15:00:00+00:00,69695.0,70042.5,69561.5,69772.0,250.24921133
2026-02-14 16:00:00+00:00,69772.0,69795.0,69282.5,69741.0,169.72142726
2026-02-14 17:00:00+00:00,69740.5,69909.0,69602.5,69714.5,46.81449628
2026-02-14 18:00:00+00:00,69714.5,69834.0,69655.0,69730.5,100.9321087
2026-02-14 19:00:00+00:00,69741.0,69890.0,69600.5,69853.0,49.7314233
2026-02-14 20:00:00+00:00,69853.0,69995.0,69719.0,69995.0,92.14367325
2026-02-14 21:00:00+00:00,69995.0,70220.0,69624.5,69900.0,157.53574884
2026-02-14 22:00:00+00:00,69900.0,70064.5,69760.0,69939.0,40.16406906
2026-02-14 23:00:00+00:00,69930.0,69989.5,69695.0,69784.5,44.58697672
2026-02-15 00:00:00+00:00,69784.5,69829.5,69573.5,69748.5,79.11130057
2026-02-15 01:00:00+00:00,69748.5,69861.5,69321.5,69678.5,127.74309813
2026-02-15 02:00:00+00:00,69678.5,69717.5,69330.0,69470.0,54.12545821
2026-02-15 03:00:00+00:00,69462.0,69974.5,69227.5,69930.5,281.08328604
2026-02-15 04:00:00+00:00,69930.5,70505.5,69930.0,70155.0,417.28891302
2026-02-15 05:00:00+00:00,70162.5,70450.5,70116.0,70235.5,143.05136208
2026-02-15 06:00:00+00:00,70235.5,70500.0,70153.0,70377.0,114.11979351
2026-02-15 07:00:00+00:00,70377.0,70878.0,70284.5,70760.0,796.84234025
2026-02-15 08:00:00+00:00,70778.0,70937.5,70126.5,70399.0,352.65507955
2026-02-15 09:00:00+00:00,70399.0,70622.0,70340.0,70384.5,105.98215662
2026-02-15 10:00:00+00:00,70385.0,70480.0,70173.5,70398.0,107.72040252
2026-02-15 11:00:00+00:00,70398.0,70501.5,70240.0,70275.0,44.04130606
2026-02-15 12:00:00+00:00,70259.0,70369.5,69250.0,69261.0,329.98266272
2026-02-15 13:00:00+00:00,69261.0,69569.5,68736.0,68902.0,508.64153874
2026-02-15 14:00:00+00:00,68900.0,69189.5,68813.5,69124.0,122.28940541
2026-02-15 15:00:00+00:00,69135.0,69219.0,68847.5,69054.5,223.33377964
2026-02-15 16:00:00+00:00,69039.0,69065.0,68757.5,69000.0,133.13368883
2026-02-15 17:00:00+00:00,68994.0,69048.0,68166.5,68597.5,453.07228294
2026-02-15 18:00:00+00:00,68597.0,68751.5,68328.0,68405.0,268.978412
2026-02-15 19:00:00+00:00,68417.5,68516.5,68039.0,68262.5,332.69861684
2026-02-15 20:00:00+00:00,68262.0,68520.5,68085.5,68420.5,65.88493925
2026-02-15 21:00:00+00:00,68420.5,68921.5,68420.5,68832.5,188.1882587
2026-02-15 22:00:00+00:00,68832.5,69064.5,68785.0,68976.0,249.80588183
2026-02-15 23:00:00+00:00,68977.5,68977.5,68294.0,68800.5,256.43181967
2026-02-16 00:00:00+00:00,68806.0,69048.0,68680.0,68822.5,83.73798448
2026-02-16 01:00:00+00:00,68822.5,69023.0,68415.5,68616.5,87.76109197
2026-02-16 02:00:00+00:00,68616.5,68710.0,68228.0,68309.5,82.15841866
2026-02-16 03:00:00+00:00,68309.5,68431.0,68127.5,68400.0,76.37062618
2026-02-16 04:00:00+00:00,68400.0,68867.5,68399.5,68847.0,110.71696645
2026-02-16 05:00:00+00:00,68847.0,68875.0,68274.0,68370.5,225.31099821
2026-02-16 06:00:00+00:00,68366.0,68499.5,68207.5,68428.0,50.69102583
2026-02-16 07:00:00+00:00,68428.0,68642.5,68355.5,68562.0,310.14376434
2026-02-16 08:00:00+00:00,68562.0,68770.0,68526.5,68733.5,127.19156885
2026-02-16 09:00:00+00:00,68733.5,69019.5,68727.0,68966.5,167.74358863
2026-02-16 10:00:00+00:00,68966.0,68966.0,68680.5,68771.5,86.75573332
2026-02-16 11:00:00+00:00,68771.5,68890.0,68303.0,68797.0,224.7648606
2026-02-16 12:00:00+00:00,68801.0,69825.0,68791.5,69751.5,632.0747547
2026-02-16 13:00:00+00:00,69754.0,70099.0,68183.5,68364.0,940.26479251
2026-02-16 14:00:00+00:00,68349.5,68672.5,68227.5,68378.5,230.76379433
2026-02-16 15:00:00+00:00,68382.0,68566.5,67252.0,67483.0,717.78193279
2026-02-16 16:00:00+00:00,67483.0,67922.0,67464.0,67822.5,234.69316847
2026-02-16 17:00:00+00:00,67822.5,68032.5,67557.0,67900.5,131.21483229
2026-02-16 18:00:00+00:00,67901.0,68186.5,67787.0,67814.5,137.00493346
2026-02-16 19:00:00+00:00,67814.5,68084.0,67777.0,67861.5,66.99715002
2026-02-16 20:00:00+00:00,67861.5,68538.5,67797.0,68499.0,195.45494373
2026-02-16 21:00:00+00:00,68499.0,68923.0,68385.5,68845.0,184.9445834
2026-02-16 22:00:00+00:00,68837.5,68862.0,68495.5,68573.0,124.67229318
2026-02-16 23:00:00+00:00,68572.5,68955.5,68517.0,68877.0,71.89319955
2026-02-17 00:00:00+00:00,68877.0,69010.0,68672.0,68858.5,111.70821061
2026-02-17 01:00:00+00:00,68859.0,68974.5,68531.5,68592.0,74.17025121
2026-02-17 02:00:00+00:00,68585.5,69206.0,68352.0,68803.0,238.1314915
2026-02-17 03:00:00+00:00,68803.0,68817.0,68440.5,68440.5,79.54961977
2026-02-17 04:00:00+00:00,68440.5,68661.0,68246.0,68435.5,189.97961718
2026-02-17 05:00:00+00:00,68435.5,68465.0,67820.5,68193.0,231.73474122
2026-02-17 06:00:00+00:00,68193.0,68478.0,68193.0,68373.0,70.06849583
2026-02-17 07:00:00+00:00,68364.0,68427.5,68114.0,68337.0,183.827845
2026-02-17 08:00:00+00:00,68336.5,68423.5,68085.5,68141.0,139.46977252
2026-02-17 09:00:00+00:00,68140.5,68273.0,67950.5,68067.5,112.97660223
2026-02-17 10:00:00+00:00,68075.5,68154.0,67669.0,67798.0,153.31089512
2026-02-17 11:00:00+00:00,67798.0,67883.0,67638.0,67808.5,123.046829
2026-02-17 12:00:00+00:00,67808.0,68265.0,67788.5,67864.0,164.43208638
2026-02-17 13:00:00+00:00,67864.5,68321.5,67701.5,68090.0,305.89675594
2026-02-17 14:00:00+00:00,68090.0,68291.0,66683.0,66832.0,728.17295843
2026-02-17 15:00:00+00:00,66826.5,67370.0,66570.0,67351.0,671.60848763
2026-02-17 16:00:00+00:00,67356.0,68119.5,67292.0,67479.0,621.75682627
2026-02-17 17:00:00+00:00,67484.5,67681.5,66839.5,67200.5,516.52759796
2026-02-17 18:00:00+00:00,67200.0,68180.5,67088.5,68067.0,399.87719831
2026-02-17 19:00:00+00:00,68060.0,68204.5,67706.5,67752.0,165.6677235
2026-02-17 20:00:00+00:00,67752.5,67900.0,67454.0,67704.5,224.53256363
2026-02-17 21:00:00+00:00,67720.5,67899.5,67508.5,67646.0,82.27788583
2026-02-17 22:00:00+00:00,67646.0,67743.0,67483.0,67500.0,64.02147318
2026-02-17 23:00:00+00:00,67500.0,67580.5,67356.0,67472.5,55.73313556
2026-02-18 00:00:00+00:00,67472.5,67587.0,67261.0,67261.0,79.41774561
2026-02-18 01:00:00+00:00,67271.0,67340.5,66857.0,67117.0,216.60272208
2026-02-18 02:00:00+00:00,67117.0,67369.5,67106.5,67289.5,90.17066604
2026-02-18 03:00:00+00:00,67289.5,67656.5,67289.5,67578.5,140.30175249
2026-02-18 04:00:00+00:00,67578.5,67860.5,67453.0,67770.0,202.6403058
2026-02-18 05:00:00+00:00,67769.5,67889.5,67563.0,67599.5,115.73502241
2026-02-18 06:00:00+00:00,67599.0,67950.0,67581.0,67815.5,90.38599143
2026-02-18 07:00:00+00:00,67815.5,68205.0,67674.0,68100.0,303.74359427
2026-02-18 08:00:00+00:00,68094.5,68435.5,68050.0,68106.0,257.78228137
2026-02-18 09:00:00+00:00,68106.0,68250.0,67984.5,68130.0,682.64245017
2026-02-18 10:00:00+00:00,68130.0,68160.5,67689.0,67768.5,359.91131052
2026-02-18 11:00:00+00:00,67770.0,67770.0,67034.0,67330.0,341.45448661
2026-02-18 12:00:00+00:00,67334.5,67665.5,67310.0,67408.5,183.79928082
2026-02-18 13:00:00+00:00,67408.5,67549.5,67012.5,67193.5,154.44428231
2026-02-18 14:00:00+00:00,67193.5,67324.5,66634.5,67191.5,467.24502871
2026-02-18 15:00:00+00:00,67187.5,68348.5,67168.0,67671.0,619.5539865
2026-02-18 16:00:00+00:00,67671.0,67681.5,66948.0,67115.5,437.17955511
2026-02-18 17:00:00+00:00,67129.5,67462.0,67027.0,67157.5,276.05809742
2026-02-18 18:00:00+00:00,67158.0,67199.5,66161.5,66336.0,425.61172513
2026-02-18 19:00:00+00:00,66322.0,66577.0,65818.5,66126.0,425.37641868
2026-02-18 20:00:00+00:00,66126.0,66497.5,66089.5,66212.5,295.45828152
2026-02-18 21:00:00+00:00,66233.0,66441.0,66048.0,66292.0,196.67216514
2026-02-18 22:00:00+00:00,66292.0,66445.0,66192.0,66369.5,139.70289285
2026-02-18 23:00:00+00:00,66370.0,66466.0,66247.0,66427.0,83.9907037
2026-02-19 00:00:00+00:00,66426.0,66569.0,66312.5,66405.5,34.40142198
2026-02-19 01:00:00+00:00,66406.0,66853.0,66406.0,66835.0,124.7717981
2026-02-19 02:00:00+00:00,66834.5,66944.0,66610.0,66820.0,110.52733772
2026-02-19 03:00:00+00:00,66810.0,66970.0,66691.0,66964.5,117.03392999
2026-02-19 04:00:00+00:00,66961.0,67048.5,66737.0,66780.5,459.41209331
2026-02-19 05:00:00+00:00,66780.5,66870.0,66657.5,66850.0,45.27663213
2026-02-19 06:00:00+00:00,66850.0,67275.0,66850.0,67135.0,153.73367273
2026-02-19 07:00:00+00:00,67136.5,67298.0,67010.0,67180.5,169.87271676
2026-02-19 08:00:00+00:00,67180.5,67181.0,66760.0,66940.0,198.48244436
2026-02-19 09:00:00+00:00,66939.5,67169.0,66731.0,66799.5,105.51868168
2026-02-19 10:00:00+00:00,66799.5,66930.0,66700.5,66801.0,81.18047734
2026-02-19 11:00:00+00:00,66801.0,66899.5,66450.0,66466.5,167.16255175
2026-02-19 12:00:00+00:00,66462.0,66652.0,66285.5,66479.5,143.0062552
2026-02-19 13:00:00+00:00,66480.0,66516.5,65697.5,65870.0,532.61007112
2026-02-19 14:00:00+00:00,65870.0,66632.5,65588.5,66391.0,661.57383422
2026-02-19 15:00:00+00:00,66390.5,66717.0,65933.5,66378.5,501.17992479
2026-02-19 16:00:00+00:00,66360.5,66505.0,65870.5,66299.0,352.53075215
2026-02-19 17:00:00+00:00,66279.5,67046.5,66143.5,66355.0,593.68254666
2026-02-19 18:00:00+00:00,66354.5,67050.0,66226.5,67003.0,493.0112425
2026-02-19 19:00:00+00:00,67021.0,67183.0,66683.0,67042.5,331.84031587
2026-02-19 20:00:00+00:00,67042.5,67175.0,66811.0,67133.0,169.32246792
2026-02-19 21:00:00+00:00,67138.0,67149.5,66887.0,66905.0,74.4855099
2026-02-19 22:00:00+00:00,66906.0,66988.5,66621.5,66914.0,153.73104188
2026-02-19 23:00:00+00:00,66893.0,67010.0,66805.5,66988.0,117.10721465
2026-02-20 00:00:00+00:00,66972.0,67593.5,66932.0,67222.5,365.18108605
2026-02-20 01:00:00+00:00,67210.5,67350.5,67133.5,67263.0,222.62283885
2026-02-20 02:00:00+00:00,67263.5,67336.0,67164.0,67233.0,123.05212437
2026-02-20 03:00:00+00:00,67220.5,67476.0,67220.5,67354.0,169.82427007
2026-02-20 04:00:00+00:00,67354.0,67376.0,67088.0,67254.5,114.4717818
2026-02-20 05:00:00+00:00,67254.0,68036.0,67187.0,67786.0,588.76261278
2026-02-20 06:00:00+00:00,67786.0,67891.5,67655.5,67839.0,183.73352839
2026-02-20 07:00:00+00:00,67839.0,67988.0,67741.0,67785.5,689.24592211
2026-02-20 08:00:00+00:00,67786.0,67892.0,67721.0,67854.0,283.72693601
2026-02-20 09:00:00+00:00,67853.5,68250.5,67853.5,68197.0,305.55917973
2026-02-20 10:00:00+00:00,68197.0,68296.0,67825.5,67907.5,272.94084059
2026-02-20 11:00:00+00:00,67926.5,67954.5,67265.0,67295.5,237.57657658
2026-02-20 12:00:00+00:00,67300.0,67570.0,67260.0,67512.5,426.75487002
2026-02-20 13:00:00+00:00,67513.5,67514.0,66420.0,66791.5,789.95333491
2026-02-20 14:00:00+00:00,66791.0,67312.0,66626.0,67053.5,517.55050696
2026-02-20 15:00:00+00:00,67060.0,68171.5,66525.5,67573.0,1025.64909565
2026-02-20 16:00:00+00:00,67579.5,67913.5,67283.0,67786.5,530.58074615
2026-02-20 17:00:00+00:00,67787.0,67787.0,66942.5,67607.0,726.98950723
2026-02-20 18:00:00+00:00,67607.0,68019.5,67465.0,67930.0,507.9260948
2026-02-20 19:00:00+00:00,67930.0,68009.0,67550.0,67639.0,243.08981812
2026-02-20 20:00:00+00:00,67639.0,67825.0,67518.5,67722.0,133.06242946
2026-02-20 21:00:00+00:00,67736.5,67819.0,67617.0,67801.0,99.09663292
2026-02-20 22:00:00+00:00,67801.0,68129.5,67631.5,68077.0,370.75151842
2026-02-20 23:00:00+00:00,68076.5,68230.0,67900.5,68017.0,94.51260718
2026-02-21 00:00:00+00:00,68007.5,68037.5,67781.0,67824.5,111.29234866
2026-02-21 01:00:00+00:00,67825.0,68000.0,67825.0,67940.5,32.54660008
2026-02-21 02:00:00+00:00,67941.0,68097.5,67900.5,68004.5,41.65793893
2026-02-21 03:00:00+00:00,68003.5,68003.5,67522.5,67653.5,186.42716926
2026-02-21 04:00:00+00:00,67653.5,67837.5,67593.0,67816.5,54.17817094
2026-02-21 05:00:00+00:00,67816.5,67875.0,67795.0,67852.0,68.95012592
2026-02-21 06:00:00+00:00,67852.5,67915.5,67755.0,67782.5,26.21190793
2026-02-21 07:00:00+00:00,67782.0,67868.5,67750.0,67849.0,116.02610731
2026-02-21 08:00:00+00:00,67849.5,68073.0,67802.0,68051.0,112.72322259
2026-02-21 09:00:00+00:00,68051.5,68300.0,67970.0,68140.0,151.89975481
2026-02-21 10:00:00+00:00,68140.0,68239.0,68140.0,68201.5,43.9234706
2026-02-21 11:00:00+00:00,68201.5,68265.0,68075.5,68078.5,54.75358505
2026-02-21 12:00:00+00:00,68078.5,68210.5,67921.0,68206.0,75.87617293
2026-02-21 13:00:00+00:00,68205.5,68250.0,68104.0,68250.0,19.71242531
2026-02-21 14:00:00+00:00,68249.5,68626.0,68177.5,68457.0,468.14329112
2026-02-21 15:00:00+00:00,68450.0,68732.5,68419.5,68614.0,137.78914487
2026-02-21 16:00:00+00:00,68612.5,68625.5,68103.0,68324.5,210.17767149
2026-02-21 17:00:00+00:00,68324.5,68474.5,68189.0,68425.5,74.59760996
2026-02-21 18:00:00+00:00,68429.5,68639.5,68376.5,68579.0,115.59352444
2026-02-21 19:00:00+00:00,68579.0,68663.5,68530.0,68533.5,77.73677029
2026-02-21 20:00:00+00:00,68544.0,68603.5,68162.5,68207.0,133.91429978
2026-02-21 21:00:00+00:00,68196.0,68376.5,68174.5,68375.0,40.35774613
2026-02-21 22:00:00+00:00,68374.5,68422.5,67850.5,67962.0,145.37802331
2026-02-21 23:00:00+00:00,67950.5,68093.5,67911.0,67957.5,117.03999465
2026-02-22 00:00:00+00:00,67958.0,68037.5,67788.0,67913.5,101.929073
2026-02-22 01:00:00+00:00,67914.0,68144.5,67913.5,68129.0,37.01768454
2026-02-22 02:00:00+00:00,68128.5,68189.5,67851.0,67881.0,64.92066623
2026-02-22 03:00:00+00:00,67881.0,68040.0,67800.0,68007.0,154.89444738
2026-02-22 04:00:00+00:00,68007.0,68050.0,67944.5,67960.5,56.83192428
2026-02-22 05:00:00+00:00,67960.5,67987.5,67840.5,67949.5,83.48167659
2026-02-22 06:00:00+00:00,67950.0,68154.5,67950.0,68010.5,86.51211714
2026-02-22 07:00:00+00:00,68010.5,68058.0,67966.0,67966.0,379.06724644
2026-02-22 08:00:00+00:00,67966.0,67996.0,67891.0,67925.0,142.79064043
2026-02-22 09:00:00+00:00,67925.5,68062.5,67925.5,68034.0,47.83624812
2026-02-22 10:00:00+00:00,68033.5,68117.5,67989.5,68098.5,64.77145957
2026-02-22 11:00:00+00:00,68098.5,68229.0,68098.5,68194.5,72.30370595
2026-02-22 12:00:00+00:00,68194.5,68207.5,67853.5,67923.0,111.70775936
2026-02-22 13:00:00+00:00,67911.0,68009.0,67537.0,67618.0,359.48917769
2026-02-22 14:00:00+00:00,67618.0,67640.0,67335.0,67424.0,276.16319809
2026-02-22 15:00:00+00:00,67430.5,67795.0,67279.5,67667.5,259.43339131
2026-02-22 16:00:00+00:00,67667.5,67692.5,67485.0,67602.0,89.3580774
2026-02-22 17:00:00+00:00,67602.0,67602.0,67150.0,67353.0,320.63890097
2026-02-22 18:00:00+00:00,67352.5,67419.5,67288.5,67400.5,61.97202055
2026-02-22 19:00:00+00:00,67387.5,67451.0,67373.0,67398.5,47.653639
2026-02-22 20:00:00+00:00,67398.5,67452.5,67330.5,67346.0,42.91597693
2026-02-22 21:00:00+00:00,67363.0,67587.5,67363.0,67580.0,27.44316293
2026-02-22 22:00:00+00:00,67580.5,67719.5,67436.5,67646.5,86.47231912
2026-02-22 23:00:00+00:00,67642.5,67695.0,67421.5,67607.0,49.55955114
2026-02-23 00:00:00+00:00,67607.0,67655.5,66666.0,66696.5,359.61567603
2026-02-23 01:00:00+00:00,66696.0,66696.0,64244.5,64406.5,2081.86322828
2026-02-23 02:00:00+00:00,64390.0,64882.0,64294.0,64751.5,441.91418365
2026-02-23 03:00:00+00:00,64757.5,65044.0,64673.0,64903.5,224.82268905
2026-02-23 04:00:00+00:00,64904.0,64999.5,64645.0,64778.0,185.3690372
2026-02-23 05:00:00+00:00,64772.0,65221.5,64772.0,65035.0,200.91819896
2026-02-23 06:00:00+00:00,65035.0,65780.0,64995.0,65736.5,336.84356556
2026-02-23 07:00:00+00:00,65736.5,65981.0,65644.5,65947.5,402.43786247
2026-02-23 08:00:00+00:00,65947.0,65947.0,65550.0,65657.5,309.90172876
2026-02-23 09:00:00+00:00,65657.0,66447.0,65657.0,66385.5,306.13818159
2026-02-23 10:00:00+00:00,66394.5,66608.5,66210.0,66308.5,473.96761418
2026-02-23 11:00:00+00:00,66308.5,66474.5,66090.0,66188.0,111.81505117
2026-02-23 12:00:00+00:00,66187.5,66508.5,65871.0,66276.0,341.03071657
2026-02-23 13:00:00+00:00,66276.0,66421.0,66100.0,66124.5,194.80679071
2026-02-23 14:00:00+00:00,66124.5,66255.5,65510.0,65924.5,412.97120639
2026-02-23 15:00:00+00:00,65902.0,66228.0,65554.0,65640.5,323.38322914
2026-02-23 16:00:00+00:00,65640.5,65710.0,65153.5,65343.5,1103.29444742
2026-02-23 17:00:00+00:00,65343.5,65430.5,64117.0,64771.0,1082.60943346
2026-02-23 18:00:00+00:00,64774.0,65154.0,64555.5,64606.5,385.38185327
2026-02-23 19:00:00+00:00,64617.0,64816.0,64050.0,64272.5,399.64600018
2026-02-23 20:00:00+00:00,64272.5,64457.5,63850.0,64444.0,362.24554543
2026-02-23 21:00:00+00:00,64449.0,64752.5,64434.5,64550.0,193.11873446
2026-02-23 22:00:00+00:00,64550.5,64985.5,64542.0,64687.5,183.44349255
2026-02-23 23:00:00+00:00,64687.5,64867.5,64500.0,64610.5,113.95933633
2026-02-24 00:00:00+00:00,64610.0,64975.0,64610.0,64903.5,240.92416058
2026-02-24 01:00:00+00:00,64903.5,64903.5,63379.0,64110.0,999.70878797
2026-02-24 02:00:00+00:00,64113.0,64468.5,63963.0,64071.0,173.90690137
2026-02-24 03:00:00+00:00,64063.0,64063.0,63317.0,63530.0,580.09755107
2026-02-24 04:00:00+00:00,63541.0,63582.5,62827.5,63329.5,722.26376936
2026-02-24 05:00:00+00:00,63329.5,63500.5,62656.5,63068.5,718.45230659
2026-02-24 06:00:00+00:00,63068.0,63280.5,62856.0,63038.0,404.26480351
2026-02-24 07:00:00+00:00,63038.0,63325.5,62881.5,63141.0,499.6462756
2026-02-24 08:00:00+00:00,63153.0,63401.5,62974.5,63363.0,282.00203297
2026-02-24 09:00:00+00:00,63358.0,63372.0,62905.0,63212.5,267.15574189
2026-02-24 10:00:00+00:00,63217.0,63338.5,63075.5,63277.5,219.14271814
2026-02-24 11:00:00+00:00,63267.0,63294.5,63043.5,63207.5,120.96540282
2026-02-24 12:00:00+00:00,63207.5,63329.5,62940.5,62941.0,332.97182682
2026-02-24 13:00:00+00:00,62941.5,63077.0,62428.5,62870.0,1255.8859766
2026-02-24 14:00:00+00:00,62870.0,63861.0,62733.0,63441.5,962.63299883
2026-02-24 15:00:00+00:00,63442.0,64051.0,63291.0,63955.5,469.13557348
2026-02-24 16:00:00+00:00,63955.5,64413.0,63672.5,64255.5,546.77161388
2026-02-24 17:00:00+00:00,64254.0,64508.0,64026.5,64221.0,1169.89166956
2026-02-24 18:00:00+00:00,64212.5,64490.5,63898.0,64411.5,460.96133394
2026-02-24 19:00:00+00:00,64411.5,64718.5,64227.5,64417.0,216.26965489
2026-02-24 20:00:00+00:00,64417.0,64564.5,64300.5,64439.0,128.87222744
2026-02-24 21:00:00+00:00,64444.5,64444.5,63791.5,64020.0,361.7306926
2026-02-24 22:00:00+00:00,64016.5,64214.5,63950.5,64087.5,155.76811008
2026-02-24 23:00:00+00:00,64099.5,64231.5,63823.5,64020.5,84.4841225
2026-02-25 00:00:00+00:00,64053.5,64299.5,63892.0,64203.0,134.70993987
2026-02-25 01:00:00+00:00,64201.5,66314.5,64134.0,65910.5,1895.2940266
2026-02-25 02:00:00+00:00,65890.0,66328.5,65856.5,65875.0,497.14717478
2026-02-25 03:00:00+00:00,65870.0,65945.5,65340.0,65366.0,544.14681653
2026-02-25 04:00:00+00:00,65366.5,65636.5,65107.0,65442.5,469.68495128
2026-02-25 05:00:00+00:00,65450.5,65499.5,64737.5,64870.0,479.72673288
2026-02-25 06:00:00+00:00,64872.5,65132.5,64855.0,64878.0,128.94528613
2026-02-25 07:00:00+00:00,64880.0,65198.5,64767.0,65007.5,422.53888115
2026-02-25 08:00:00+00:00,65008.0,65577.5,64937.0,65516.5,419.28840532
2026-02-25 09:00:00+00:00,65517.0,65681.5,65423.0,65537.0,212.22042003
2026-02-25 10:00:00+00:00,65536.5,65631.5,65333.5,65374.5,467.66501662
2026-02-25 11:00:00+00:00,65384.5,65460.0,65186.0,65409.0,169.80916304
2026-02-25 12:00:00+00:00,65404.0,66234.0,65304.5,66051.5,727.33401943
2026-02-25 13:00:00+00:00,66060.5,66683.0,66005.0,66225.5,950.69750933
2026-02-25 14:00:00+00:00,66227.5,67058.0,66167.5,66969.0,1195.43168072
2026-02-25 15:00:00+00:00,66958.5,67577.5,66721.0,67415.5,1443.69176988
2026-02-25 16:00:00+00:00,67404.0,68332.0,67400.0,68288.5,840.20267926
2026-02-25 17:00:00+00:00,68302.0,68887.0,68015.0,68677.5,1207.00705739
2026-02-25 18:00:00+00:00,68677.5,69562.0,68375.0,69347.0,1222.44790667
2026-02-25 19:00:00+00:00,69332.5,69418.0,68753.0,69031.5,476.64745451
2026-02-25 20:00:00+00:00,69038.0,69382.5,68623.5,69142.5,517.44052795
2026-02-25 21:00:00+00:00,69142.0,70211.5,68744.5,68919.0,1220.04058188
2026-02-25 22:00:00+00:00,68915.5,69189.5,68030.0,68444.0,725.80357727
2026-02-25 23:00:00+00:00,68444.0,68709.0,67539.0,67991.5,672.85721987
2026-02-26 00:00:00+00:00,67991.0,68548.0,67710.5,68349.0,493.09714682
2026-02-26 01:00:00+00:00,68320.5,68718.5,68214.5,68227.0,431.25513836
2026-02-26 02:00:00+00:00,68233.0,68338.0,67792.5,68244.5,502.15000701
2026-02-26 03:00:00+00:00,68244.5,68381.0,68018.0,68224.5,341.1602419
2026-02-26 04:00:00+00:00,68224.5,68846.0,68191.0,68564.0,353.15976309
2026-02-26 05:00:00+00:00,68564.0,68564.0,68104.5,68436.5,509.30228675
2026-02-26 06:00:00+00:00,68436.5,68510.0,68054.5,68161.0,220.23323064
2026-02-26 07:00:00+00:00,68160.5,68279.5,67804.0,67807.5,534.03517962
2026-02-26 08:00:00+00:00,67807.5,68227.5,67775.0,67951.0,479.44618896
2026-02-26 09:00:00+00:00,67951.0,68630.0,67920.5,68569.5,342.94386611
2026-02-26 10:00:00+00:00,68569.5,68708.0,68250.0,68290.5,262.59892401
2026-02-26 11:00:00+00:00,68298.0,68391.5,67968.5,68055.0,188.64113289
2026-02-26 12:00:00+00:00,68055.0,68289.5,68005.5,68162.5,158.66346775
2026-02-26 13:00:00+00:00,68162.5,68199.5,67825.0,67881.5,206.56385757
2026-02-26 14:00:00+00:00,67881.5,68271.0,67212.0,67709.5,1266.20068204
2026-02-26 15:00:00+00:00,67693.0,67735.5,66753.5,67369.5,1336.72530673
2026-02-26 16:00:00+00:00,67382.5,67554.0,66463.0,66612.5,985.00851123
2026-02-26 17:00:00+00:00,66625.0,67034.5,66587.5,66815.5,484.74619722
2026-02-26 18:00:00+00:00,66815.5,67377.0,66559.5,67295.5,596.13781054
2026-02-26 19:00:00+00:00,67295.5,67958.5,67277.5,67574.0,653.535768
2026-02-26 20:00:00+00:00,67573.0,67859.0,67275.5,67391.5,401.56056759
2026-02-26 21:00:00+00:00,67412.0,67570.0,67115.0,67447.5,584.93273805
2026-02-26 22:00:00+00:00,67447.5,67620.0,67305.5,67554.0,106.29164681
2026-02-26 23:00:00+00:00,67554.0,67629.5,67374.5,67458.0,119.71293631
2026-02-27 00:00:00+00:00,67458.5,67515.0,66991.5,67209.5,323.79407177
2026-02-27 01:00:00+00:00,67210.0,67374.0,66864.0,67340.5,613.23775382
2026-02-27 02:00:00+00:00,67340.0,67528.0,67247.5,67247.5,714.70977917
2026-02-27 03:00:00+00:00,67247.5,67702.5,67083.5,67603.5,314.57023493
2026-02-27 04:00:00+00:00,67603.5,68229.5,67572.0,67740.0,1145.47716148
2026-02-27 05:00:00+00:00,67739.5,67917.0,67675.5,67715.0,225.90671769
2026-02-27 06:00:00+00:00,67722.0,67812.5,67518.5,67652.0,153.58127023
2026-02-27 07:00:00+00:00,67651.5,67706.5,67422.0,67648.5,1701.03212699
2026-02-27 08:00:00+00:00,67649.0,68053.5,67628.0,67933.5,499.19984037
2026-02-27 09:00:00+00:00,67933.5,67933.5,67288.0,67365.5,114.40575589
2026-02-27 10:00:00+00:00,67362.0,67418.5,66567.0,66608.5,653.00734009
2026-02-27 11:00:00+00:00,66608.0,66758.5,65950.0,66108.0,651.67659589
2026-02-27 12:00:00+00:00,66107.5,66191.0,65700.0,65903.5,429.84238933
2026-02-27 13:00:00+00:00,65903.0,66335.5,65667.0,66272.0,515.01716866
2026-02-27 14:00:00+00:00,66272.0,66350.0,65706.0,65910.5,452.63350808
2026-02-27 15:00:00+00:00,65910.5,66304.5,65842.5,66113.0,541.82750299
2026-02-27 16:00:00+00:00,66077.0,66116.0,65410.5,65450.0,623.8393423
2026-02-27 17:00:00+00:00,65450.0,65732.5,65086.5,65669.5,716.9846449
2026-02-27 18:00:00+00:00,65683.0,65762.0,65212.0,65290.0,191.62165993
2026-02-27 19:00:00+00:00,65290.0,65449.0,65156.5,65379.0,172.16408084
2026-02-27 20:00:00+00:00,65379.0,65655.5,65379.0,65586.5,140.82357208
2026-02-27 21:00:00+00:00,65571.5,65720.0,65377.5,65520.5,133.75300509
2026-02-27 22:00:00+00:00,65520.5,65648.5,64891.0,65621.0,266.45949777
2026-02-27 23:00:00+00:00,65621.0,65927.0,65529.5,65848.0,264.93475498
2026-02-28 00:00:00+00:00,65838.5,65982.0,65702.0,65914.0,180.01272294
2026-02-28 01:00:00+00:00,65914.0,65963.5,65698.5,65765.0,1539.4788154
2026-02-28 02:00:00+00:00,65765.5,66004.5,65751.0,65956.5,88.78232965
2026-02-28 03:00:00+00:00,65956.0,65962.5,65740.0,65783.0,60.93540024
2026-02-28 04:00:00+00:00,65782.5,65805.0,65486.0,65655.5,109.87716191
2026-02-28 05:00:00+00:00,65655.5,65725.5,65488.5,65596.5,72.77330954
2026-02-28 06:00:00+00:00,65596.5,65596.5,62954.0,63158.0,2525.84129542
2026-02-28 07:00:00+00:00,63154.5,64312.0,62961.0,63782.5,1344.77123691
2026-02-28 08:00:00+00:00,63782.5,63838.5,63374.0,63433.0,406.5710301
2026-02-28 09:00:00+00:00,63433.0,63907.5,63332.5,63640.0,336.76070931
2026-02-28 10:00:00+00:00,63628.0,64027.0,63445.0,63987.5,332.16405467
2026-02-28 11:00:00+00:00,63987.5,64287.0,63788.5,63834.5,340.31019082
2026-02-28 12:00:00+00:00,63835.0,64072.0,63826.5,64015.5,154.26396067
2026-02-28 13:00:00+00:00,64009.5,65217.0,63900.5,65105.0,678.07537628
2026-02-28 14:00:00+00:00,65102.5,65365.5,64259.5,64418.5,845.8085746
2026-02-28 15:00:00+00:00,64419.5,65010.0,64199.5,64839.5,254.46071141
2026-02-28 16:00:00+00:00,64834.0,65197.5,64672.5,65087.5,251.67449756
2026-02-28 17:00:00+00:00,65081.5,65550.0,64827.0,65439.0,276.44773284
2026-02-28 18:00:00+00:00,65429.5,66170.0,65185.5,65913.5,571.36918476
2026-02-28 19:00:00+00:00,65913.0,66686.5,65605.0,66358.0,828.90615139
2026-02-28 20:00:00+00:00,66354.5,67172.0,66203.5,66957.5,901.13775552
2026-02-28 21:00:00+00:00,66957.5,67024.5,66375.0,66705.5,426.19007607
2026-02-28 22:00:00+00:00,66706.0,67882.5,66616.5,67115.5,918.32031295
2026-02-28 23:00:00+00:00,67119.5,67216.0,66750.5,66986.5,257.77109364
2026-03-01 00:00:00+00:00,66966.0,67126.0,66621.5,66796.5,316.53590968
2026-03-01 01:00:00+00:00,66787.0,67702.5,66041.0,67341.0,997.6401968
2026-03-01 02:00:00+00:00,67361.5,68216.0,67354.5,67609.5,1270.64943746
2026-03-01 03:00:00+00:00,67595.5,67787.5,67380.5,67484.5,285.57877133
2026-03-01 04:00:00+00:00,67484.5,67587.0,67062.0,67321.5,196.28365177
2026-03-01 05:00:00+00:00,67321.5,67557.0,67185.0,67268.0,102.79248645
2026-03-01 06:00:00+00:00,67273.5,67332.5,66785.5,66914.5,230.84350526
2026-03-01 07:00:00+00:00,66915.0,67208.0,66782.5,67116.5,602.313455
2026-03-01 08:00:00+00:00,67117.0,67272.0,66446.5,66548.0,444.1435521
2026-03-01 09:00:00+00:00,66554.5,66752.5,66229.0,66391.0,276.96380766
2026-03-01 10:00:00+00:00,66391.0,66720.0,66205.0,66462.0,157.72574417
2026-03-01 11:00:00+00:00,66462.0,66650.5,66374.0,66463.5,87.74967094
2026-03-01 12:00:00+00:00,66463.5,66534.5,66239.0,66290.0,82.8894679
2026-03-01 13:00:00+00:00,66290.0,67364.0,66128.5,66953.0,362.63512953
2026-03-01 14:00:00+00:00,66937.0,67335.5,66752.0,66869.0,189.03598783
2026-03-01 15:00:00+00:00,66868.5,67254.0,66820.0,66830.5,172.87632099
2026-03-01 16:00:00+00:00,66841.5,67128.5,65813.5,66123.0,413.81013529
2026-03-01 17:00:00+00:00,66122.5,66219.0,65706.5,65973.0,368.33278794
2026-03-01 18:00:00+00:00,65973.5,66650.0,65973.5,66306.0,232.07921021
2026-03-01 19:00:00+00:00,66306.5,66332.5,65767.5,65959.0,207.71137702
2026-03-01 20:00:00+00:00,65958.5,65958.5,65063.5,65286.0,549.90977928
2026-03-01 21:00:00+00:00,65286.0,65736.0,65270.0,65667.0,205.41381433
2026-03-01 22:00:00+00:00,65666.5,66477.5,65027.5,65239.0,786.7308771
2026-03-01 23:00:00+00:00,65239.5,66109.5,65116.5,65776.0,407.28855985
2026-03-02 00:00:00+00:00,65780.5,66814.5,65767.0,66521.5,649.60365674
2026-03-02 01:00:00+00:00,66515.5,67084.0,66380.0,66542.5,293.11489533
2026-03-02 02:00:00+00:00,66542.5,66616.5,65842.5,66285.0,209.1064144
2026-03-02 03:00:00+00:00,66285.0,67049.0,66115.5,66821.0,190.26645615
2026-03-02 04:00:00+00:00,66823.5,66990.0,66632.0,66858.5,194.37133736
2026-03-02 05:00:00+00:00,66869.5,67000.0,66575.5,66722.0,120.90998256
2026-03-02 06:00:00+00:00,66727.0,66738.0,66062.0,66211.0,222.39005897
2026-03-02 07:00:00+00:00,66206.5,66207.5,65560.0,66017.0,693.02454481
2026-03-02 08:00:00+00:00,66016.5,66306.5,65658.5,66274.0,250.89233211
2026-03-02 09:00:00+00:00,66288.0,66729.5,66171.0,66171.0,279.25870379
2026-03-02 10:00:00+00:00,66171.0,66389.0,66088.5,66321.5,101.63414164
2026-03-02 11:00:00+00:00,66325.5,66472.5,66017.5,66355.5,295.79930785
2026-03-02 12:00:00+00:00,66375.0,66395.0,65910.0,65971.5,130.80305299
2026-03-02 13:00:00+00:00,65960.5,66155.0,65358.0,65443.5,1207.20351379
2026-03-02 14:00:00+00:00,65443.0,67265.5,65256.0,67184.0,1054.69145868
2026-03-02 15:00:00+00:00,67183.5,69628.5,66986.5,69146.5,2842.47422505
2026-03-02 16:00:00+00:00,69139.0,70126.5,68945.0,69467.0,917.11541572
2026-03-02 17:00:00+00:00,69466.5,69592.5,68765.5,69200.0,567.58253028
2026-03-02 18:00:00+00:00,69199.5,69279.5,68745.0,68879.0,224.87717671
2026-03-02 19:00:00+00:00,68885.0,69055.0,68580.5,68967.0,331.35695454
2026-03-02 20:00:00+00:00,68973.5,69500.0,68587.5,69090.0,346.42783187
2026-03-02 21:00:00+00:00,69098.0,69531.0,69002.0,69399.5,195.30714314
2026-03-02 22:00:00+00:00,69408.5,69495.0,69145.0,69441.5,184.61010849
2026-03-02 23:00:00+00:00,69441.5,69478.5,68733.5,68815.0,269.69960998
2026-03-03 00:00:00+00:00,68825.5,69157.0,68624.5,69086.0,272.34076629
2026-03-03 01:00:00+00:00,69086.0,69230.0,68737.5,68738.0,180.96479264
2026-03-03 02:00:00+00:00,68738.0,68759.0,68217.0,68499.5,421.84247007
2026-03-03 03:00:00+00:00,68494.0,68529.0,68211.5,68343.0,178.36442453
2026-03-03 04:00:00+00:00,68343.5,68429.5,68027.5,68100.0,258.46521874
2026-03-03 05:00:00+00:00,68100.0,68539.0,67824.0,67917.5,380.27839743
2026-03-03 06:00:00+00:00,67917.0,68193.0,67777.0,68088.0,311.43768069
2026-03-03 07:00:00+00:00,68088.0,68247.5,67939.5,68158.5,374.73112596
2026-03-03 08:00:00+00:00,68170.5,68304.0,66879.5,66982.5,656.36941738
2026-03-03 09:00:00+00:00,66983.0,67168.5,66342.0,66654.0,690.17857153
2026-03-03 10:00:00+00:00,66653.5,67013.5,66436.5,66840.0,189.13233739
2026-03-03 11:00:00+00:00,66847.5,67153.5,66764.5,67021.0,164.28667581
2026-03-03 12:00:00+00:00,67017.0,67967.5,67017.0,67382.0,363.18466989
2026-03-03 13:00:00+00:00,67382.5,67415.0,66615.0,66918.5,295.42927938
2026-03-03 14:00:00+00:00,66919.0,67610.0,66138.0,66555.5,653.873401
2026-03-03 15:00:00+00:00,66546.0,67826.0,66450.0,67712.5,735.62555163
2026-03-03 16:00:00+00:00,67719.5,68995.0,67478.0,68155.5,1378.84741028
2026-03-03 17:00:00+00:00,68163.0,68399.0,67623.5,68312.5,340.52174294
2026-03-03 18:00:00+00:00,68318.0,68926.0,67984.0,68625.5,462.19156349
2026-03-03 19:00:00+00:00,68638.0,68889.0,68324.5,68425.5,332.04367047
2026-03-03 20:00:00+00:00,68426.0,68588.0,68085.5,68246.0,369.50301965
2026-03-03 21:00:00+00:00,68254.5,68254.5,67818.0,68016.0,194.39216111
2026-03-03 22:00:00+00:00,68015.5,68524.5,68015.5,68301.5,165.75563299
2026-03-03 23:00:00+00:00,68310.0,68869.5,68245.5,68329.5,288.31407151
2026-03-04 00:00:00+00:00,68329.5,68405.5,67847.5,68088.5,192.87164529
2026-03-04 01:00:00+00:00,68097.5,68917.0,67959.0,68416.5,268.67684134
2026-03-04 02:00:00+00:00,68429.5,68457.0,67979.5,68323.5,129.81157834
2026-03-04 03:00:00+00:00,68323.5,68391.0,67376.0,67735.5,248.43928794
2026-03-04 04:00:00+00:00,67735.0,67943.5,67457.0,67784.0,184.88150221
2026-03-04 05:00:00+00:00,67790.0,68390.0,67682.0,68202.5,152.92669104
2026-03-04 06:00:00+00:00,68203.0,68676.5,68047.5,68515.5,225.18224095
2026-03-04 07:00:00+00:00,68515.0,69670.0,68360.5,69523.0,737.78398542
2026-03-04 08:00:00+00:00,69515.5,71336.0,69164.5,71028.0,1213.87030502
2026-03-04 09:00:00+00:00,71035.0,71897.0,70740.0,71517.5,1436.00201177
2026-03-04 10:00:00+00:00,71528.5,71869.0,71200.0,71327.5,736.72479752
2026-03-04 11:00:00+00:00,71327.5,71486.0,70911.5,71132.5,601.53021926
2026-03-04 12:00:00+00:00,71122.5,71348.0,70592.0,71331.0,386.43364075
2026-03-04 13:00:00+00:00,71331.0,71618.0,71230.0,71498.5,366.19579201
2026-03-04 14:00:00+00:00,71489.5,72652.5,71325.0,71640.0,2104.87253252
2026-03-04 15:00:00+00:00,71640.0,73500.0,71611.5,73412.0,1477.49566854
2026-03-04 16:00:00+00:00,73411.5,73519.5,72565.0,73316.5,847.43155867
2026-03-04 17:00:00+00:00,73306.0,73827.0,72960.5,73235.5,1051.04669238
2026-03-04 18:00:00+00:00,73231.5,73700.0,72927.5,73700.0,370.64630957
2026-03-04 19:00:00+00:00,73699.5,74084.0,73533.5,73636.5,617.91969633
2026-03-04 20:00:00+00:00,73636.5,73734.0,73033.0,73033.0,329.56223169
2026-03-04 21:00:00+00:00,73047.0,73337.5,72901.0,73337.5,185.90198656
2026-03-04 22:00:00+00:00,73335.0,73555.0,72636.5,72709.5,228.68480306
2026-03-04 23:00:00+00:00,72710.0,72881.5,72338.0,72709.5,462.36526728
2026-03-05 00:00:00+00:00,72695.0,73032.0,72580.0,72800.0,298.73670745
2026-03-05 01:00:00+00:00,72780.5,73287.0,72408.0,72540.5,595.06510221
2026-03-05 02:00:00+00:00,72540.5,72891.5,72352.5,72530.0,247.75753247
2026-03-05 03:00:00+00:00,72530.0,72770.0,72368.5,72518.0,186.48448109
2026-03-05 04:00:00+00:00,72518.0,73107.0,72465.5,72849.5,335.66691411
2026-03-05 05:00:00+00:00,72849.5,72947.0,72291.0,72430.0,179.67272808
2026-03-05 06:00:00+00:00,72430.0,72687.5,72063.5,72580.0,259.31609384
2026-03-05 07:00:00+00:00,72580.0,72693.5,71809.0,72080.5,618.75265501
2026-03-05 08:00:00+00:00,72084.5,72424.5,71802.5,72384.0,615.73145301
2026-03-05 09:00:00+00:00,72384.0,72915.0,72353.0,72617.5,338.35465082
2026-03-05 10:00:00+00:00,72633.5,73600.0,72563.0,73425.5,673.46341408
2026-03-05 11:00:00+00:00,73425.5,73491.0,72815.0,72945.0,357.91239815
2026-03-05 12:00:00+00:00,72945.0,73099.0,72692.5,72917.5,113.5333782
2026-03-05 13:00:00+00:00,72910.5,72958.5,72221.0,72494.5,241.96507877
2026-03-05 14:00:00+00:00,72494.5,72869.5,71986.5,72630.5,449.85011321
2026-03-05 15:00:00+00:00,72642.5,72774.5,71186.5,71659.5,1666.52944179
2026-03-05 16:00:00+00:00,71669.0,71669.0,70816.0,71314.0,1151.95044973
2026-03-05 17:00:00+00:00,71347.0,71638.0,70654.5,70719.5,474.15779914
2026-03-05 18:00:00+00:00,70703.0,71083.0,70675.0,70998.0,304.22884474
2026-03-05 19:00:00+00:00,70998.0,71449.5,70882.0,70928.0,231.05774515
2026-03-05 20:00:00+00:00,70925.0,71390.0,70851.0,71273.0,213.81553806
2026-03-05 21:00:00+00:00,71235.0,71563.0,71024.0,71135.5,172.41087916
2026-03-05 22:00:00+00:00,71136.0,71364.5,71072.5,71213.0,88.12472043
2026-03-05 23:00:00+00:00,71216.5,71303.0,70790.0,70899.5,161.38982642
2026-03-06 00:00:00+00:00,70897.5,71067.0,70779.5,70992.0,92.48236671
2026-03-06 01:00:00+00:00,70992.5,71302.5,70356.0,71257.0,264.5853569
2026-03-06 02:00:00+00:00,71252.5,71416.5,71035.0,71248.0,231.08628417
2026-03-06 03:00:00+00:00,71248.0,71294.5,71002.5,71078.0,153.51428325
2026-03-06 04:00:00+00:00,71078.0,71123.0,70276.0,70608.5,445.29089856
2026-03-06 05:00:00+00:00,70608.5,70662.0,70133.5,70441.5,326.48216892
2026-03-06 06:00:00+00:00,70441.5,70866.0,70262.0,70605.5,177.16403605
2026-03-06 07:00:00+00:00,70612.5,71189.5,70489.5,71053.5,938.69319542
2026-03-06 08:00:00+00:00,71054.0,71054.0,70755.5,70799.5,411.03068725
2026-03-06 09:00:00+00:00,70800.0,70832.5,70302.0,70571.5,324.90716594
2026-03-06 10:00:00+00:00,70571.5,70800.0,70476.5,70549.0,98.20628628
2026-03-06 11:00:00+00:00,70545.0,70658.5,70207.5,70241.5,158.522706
2026-03-06 12:00:00+00:00,70225.0,70245.5,69679.0,69951.0,329.87844221
2026-03-06 13:00:00+00:00,69942.5,70349.5,69220.5,69224.0,501.25420698
2026-03-06 14:00:00+00:00,69224.0,69279.0,68150.5,68404.5,1119.94862424
2026-03-06 15:00:00+00:00,68406.0,69099.5,68277.5,68497.0,656.9709485
2026-03-06 16:00:00+00:00,68491.5,68787.5,68211.5,68466.5,346.51267674
2026-03-06 17:00:00+00:00,68466.0,68659.5,67723.5,67948.0,614.48270234
2026-03-06 18:00:00+00:00,67947.5,68461.5,67946.5,68170.0,188.06058869
2026-03-06 19:00:00+00:00,68170.5,68466.0,67982.0,68121.5,165.56473117
2026-03-06 20:00:00+00:00,68121.5,68267.0,67762.0,68087.0,288.23265981
2026-03-06 21:00:00+00:00,68087.5,68316.5,67920.5,68270.0,274.55394684
2026-03-06 22:00:00+00:00,68270.0,68463.5,68210.5,68308.5,96.13803938
2026-03-06 23:00:00+00:00,68309.0,68344.0,68090.0,68093.5,104.39269257
2026-03-07 00:00:00+00:00,68093.0,68371.5,68093.0,68282.0,254.92203125
2026-03-07 01:00:00+00:00,68279.5,68356.5,68172.0,68257.0,80.89038984
2026-03-07 02:00:00+00:00,68256.5,68370.0,68053.0,68351.5,148.98546382
2026-03-07 03:00:00+00:00,68351.5,68542.5,68115.0,68133.5,311.58748721
2026-03-07 04:00:00+00:00,68110.0,68159.5,67839.0,68077.5,132.33840595
2026-03-07 05:00:00+00:00,68071.5,68150.5,67914.0,68033.0,69.5102729
2026-03-07 06:00:00+00:00,68033.0,68033.0,67633.0,67698.0,140.71244126
2026-03-07 07:00:00+00:00,67698.0,67846.5,67452.0,67838.0,453.6217892
2026-03-07 08:00:00+00:00,67838.5,68026.5,67715.5,67801.0,119.92671604
2026-03-07 09:00:00+00:00,67801.0,68069.5,67737.0,68006.5,46.09513455
2026-03-07 10:00:00+00:00,68006.5,68100.0,67882.5,67898.0,41.11684291
2026-03-07 11:00:00+00:00,67897.5,68237.5,67855.5,68025.0,113.86213677
2026-03-07 12:00:00+00:00,68025.0,68095.0,67900.0,67992.5,24.30989046
2026-03-07 13:00:00+00:00,67992.0,68082.0,67861.5,67927.0,78.07960778
2026-03-07 14:00:00+00:00,67927.0,68084.5,67606.5,68015.0,102.49128695
2026-03-07 15:00:00+00:00,68020.0,68041.0,67789.5,67895.0,249.27298308
2026-03-07 16:00:00+00:00,67894.5,67906.5,67730.0,67815.5,75.15904937
2026-03-07 17:00:00+00:00,67808.5,67960.0,67787.0,67795.5,53.2592301
2026-03-07 18:00:00+00:00,67795.5,67795.5,67474.0,67572.0,221.20205886
2026-03-07 19:00:00+00:00,67571.5,67578.0,66919.0,67070.5,343.38971773
2026-03-07 20:00:00+00:00,67070.0,67411.0,67051.5,67376.0,82.65477017
2026-03-07 21:00:00+00:00,67375.5,67454.5,67260.0,67434.0,82.6296577
2026-03-07 22:00:00+00:00,67434.0,67450.0,67088.0,67240.0,90.75491693
2026-03-07 23:00:00+00:00,67244.0,67387.0,67175.5,67253.5,99.45617726
2026-03-08 00:00:00+00:00,67253.0,67480.5,67174.0,67189.5,119.40659494
2026-03-08 01:00:00+00:00,67189.0,67353.5,67088.5,67283.0,128.17074386
2026-03-08 02:00:00+00:00,67282.5,67412.5,66809.0,66896.5,396.88259834
2026-03-08 03:00:00+00:00,66896.5,67065.5,66825.0,67002.5,181.21904334
2026-03-08 04:00:00+00:00,67002.5,67073.5,66531.5,66627.0,167.17658968
2026-03-08 05:00:00+00:00,66627.5,67235.0,66615.0,67140.5,267.3110557
2026-03-08 06:00:00+00:00,67140.0,67224.0,67043.0,67173.5,76.37965739
2026-03-08 07:00:00+00:00,67173.0,67450.0,67162.5,67327.0,558.15078375
2026-03-08 08:00:00+00:00,67326.5,67577.0,67170.5,67555.0,301.11834466
2026-03-08 09:00:00+00:00,67554.5,67905.5,67481.0,67707.5,254.24541081
2026-03-08 10:00:00+00:00,67705.0,68219.5,67704.0,67924.5,295.31166384
2026-03-08 11:00:00+00:00,67924.0,67924.0,67422.0,67535.0,171.8327895
2026-03-08 12:00:00+00:00,67533.5,67665.0,66892.5,67319.0,240.91213779
2026-03-08 13:00:00+00:00,67319.0,67430.5,66800.5,67241.0,245.90465043
2026-03-08 14:00:00+00:00,67236.5,67429.0,67055.5,67354.0,101.18060489
2026-03-08 15:00:00+00:00,67354.5,67365.0,67075.0,67209.5,106.35406801
2026-03-08 16:00:00+00:00,67210.0,67262.0,66804.5,66870.5,98.02958342
2026-03-08 17:00:00+00:00,66863.5,67181.0,66790.5,67038.5,98.31566795
2026-03-08 18:00:00+00:00,67043.0,67066.5,66735.5,66811.5,69.30358498
2026-03-08 19:00:00+00:00,66797.0,67472.0,66775.5,67329.0,102.8130236
2026-03-08 20:00:00+00:00,67329.0,67500.0,67022.5,67211.5,105.01275151
2026-03-08 21:00:00+00:00,67231.0,67262.5,66698.5,66992.5,158.16564565
2026-03-08 22:00:00+00:00,66992.5,66997.0,65600.0,66216.0,1311.87020497
2026-03-08 23:00:00+00:00,66216.5,66555.0,65910.5,65964.5,336.57165031
2026-03-09 00:00:00+00:00,65964.5,66751.5,65813.5,66360.0,401.84854111
2026-03-09 01:00:00+00:00,66360.5,66684.5,66121.0,66191.0,282.47562119
2026-03-09 02:00:00+00:00,66190.5,66741.5,65947.5,66537.0,466.33182453
2026-03-09 03:00:00+00:00,66537.0,67679.0,66520.0,67229.0,761.03462178
2026-03-09 04:00:00+00:00,67228.5,67632.5,67120.5,67136.5,257.20952744
2026-03-09 05:00:00+00:00,67139.5,68071.5,67130.0,67910.0,415.62616976
2026-03-09 06:00:00+00:00,67910.5,67940.0,67238.5,67256.0,266.1346412
2026-03-09 07:00:00+00:00,67256.0,67562.5,66860.0,67538.5,617.31918475
2026-03-09 08:00:00+00:00,67538.0,67933.0,67390.5,67825.0,425.14615364
2026-03-09 09:00:00+00:00,67825.0,68458.0,67575.5,67992.5,496.23305558
2026-03-09 10:00:00+00:00,67992.5,68086.0,67557.0,67612.5,150.69952875
2026-03-09 11:00:00+00:00,67604.0,67871.0,67345.5,67763.0,129.56994743
2026-03-09 12:00:00+00:00,67763.5,68347.0,67755.0,68163.5,167.23899387
2026-03-09 13:00:00+00:00,68164.0,69316.5,68145.5,69002.5,654.6727117
2026-03-09 14:00:00+00:00,69002.5,69491.0,68723.0,69153.0,576.52656497
2026-03-09 15:00:00+00:00,69154.0,69254.0,68739.5,68882.0,495.6987501
2026-03-09 16:00:00+00:00,68882.5,69223.5,68638.5,68960.5,384.01459143
2026-03-09 17:00:00+00:00,68960.5,69079.0,68268.5,68603.5,379.83103249
2026-03-09 18:00:00+00:00,68603.5,68717.0,68242.5,68360.0,170.68161816
2026-03-09 19:00:00+00:00,68360.0,69557.5,68360.0,69008.5,508.18904923
2026-03-09 20:00:00+00:00,69009.0,69147.5,68755.0,68970.0,77.32930849
2026-03-09 21:00:00+00:00,68964.0,69100.0,68672.0,68930.0,130.28552135
2026-03-09 22:00:00+00:00,68930.0,69028.5,68600.5,68644.5,114.78912233
2026-03-09 23:00:00+00:00,68644.5,68697.5,68377.5,68425.0,81.59726277
2026-03-10 00:00:00+00:00,68425.0,69298.5,68397.0,69170.0,230.7959814
2026-03-10 01:00:00+00:00,69170.0,69422.5,68797.0,69279.5,160.48355593
2026-03-10 02:00:00+00:00,69277.0,70600.0,69122.0,70296.5,631.23560942
2026-03-10 03:00:00+00:00,70296.0,70400.0,69376.5,69431.5,297.56362114
2026-03-10 04:00:00+00:00,69431.5,70146.5,69431.5,70072.5,172.1181924
2026-03-10 05:00:00+00:00,70084.5,70375.0,69892.0,69974.5,288.52638303
2026-03-10 06:00:00+00:00,69974.5,70195.0,69761.0,69927.0,119.58156307
2026-03-10 07:00:00+00:00,69924.0,70553.0,69841.0,70419.0,517.03886393
2026-03-10 08:00:00+00:00,70419.5,71094.0,70385.5,70690.0,392.1290236
2026-03-10 09:00:00+00:00,70700.0,71315.0,70656.5,71084.5,237.96332103
2026-03-10 10:00:00+00:00,71084.5,71103.5,70685.5,70794.0,504.35832133
2026-03-10 11:00:00+00:00,70789.0,70877.5,70562.0,70620.0,153.12387533
2026-03-10 12:00:00+00:00,70619.5,70649.5,70318.5,70532.0,135.03799957
2026-03-10 13:00:00+00:00,70533.0,70948.5,69738.0,69931.0,468.4785543
2026-03-10 14:00:00+00:00,69931.5,71567.5,69300.0,71478.5,802.16293768
2026-03-10 15:00:00+00:00,71478.5,71799.5,70915.0,71366.0,388.94377451
2026-03-10 16:00:00+00:00,71366.0,71709.0,70970.0,71284.5,244.88840484
2026-03-10 17:00:00+00:00,71284.5,71462.0,70522.5,70889.0,232.58936473
2026-03-10 18:00:00+00:00,70888.5,70938.0,69920.0,70026.5,533.2847538
2026-03-10 19:00:00+00:00,70026.5,70287.5,69739.5,70057.0,342.77084415
2026-03-10 20:00:00+00:00,70057.0,70358.5,70009.0,70247.5,153.02587267
2026-03-10 21:00:00+00:00,70247.0,70418.5,69550.0,69764.0,213.53892802
2026-03-10 22:00:00+00:00,69763.5,69864.5,69459.5,69705.5,159.01741456
2026-03-10 23:00:00+00:00,69701.0,69978.5,69701.0,69955.5,60.49318137
2026-03-11 00:00:00+00:00,69956.0,70184.0,69769.5,70049.0,131.25686156
2026-03-11 01:00:00+00:00,70051.0,70156.0,69885.5,70094.5,57.85137657
2026-03-11 02:00:00+00:00,70094.5,70130.0,69639.0,69829.0,148.46358478
2026-03-11 03:00:00+00:00,69828.5,69909.0,69509.5,69562.5,159.43992927
2026-03-11 04:00:00+00:00,69562.0,70272.0,69519.5,70149.0,136.68187709
2026-03-11 05:00:00+00:00,70149.5,70210.0,69418.0,69509.5,169.9754808
2026-03-11 06:00:00+00:00,69509.0,70010.0,69509.0,69963.0,144.05437943
2026-03-11 07:00:00+00:00,69963.0,70039.0,69506.0,69662.5,225.53416104
2026-03-11 08:00:00+00:00,69662.0,69807.5,69510.0,69674.0,144.37469401
2026-03-11 09:00:00+00:00,69673.0,69771.5,69406.5,69486.5,89.44622833
2026-03-11 10:00:00+00:00,69486.5,69721.0,69404.5,69622.0,81.62861361
2026-03-11 11:00:00+00:00,69622.0,69680.0,69160.0,69185.0,138.33251525
2026-03-11 12:00:00+00:00,69184.5,69769.5,68982.0,69359.0,290.96970942
2026-03-11 13:00:00+00:00,69358.5,71117.5,69337.5,70174.5,736.45374058
2026-03-11 14:00:00+00:00,70183.5,70987.0,69979.0,70575.5,396.29787301
2026-03-11 15:00:00+00:00,70575.5,70648.5,69700.5,70244.0,276.94956046
2026-03-11 16:00:00+00:00,70240.5,70844.0,70173.5,70590.5,204.44738689
2026-03-11 17:00:00+00:00,70590.5,71348.0,70538.5,70805.0,321.16184047
2026-03-11 18:00:00+00:00,70811.5,70930.5,70441.0,70641.0,115.07848516
2026-03-11 19:00:00+00:00,70640.5,70763.0,70409.0,70663.0,79.20543687
2026-03-11 20:00:00+00:00,70672.5,70716.5,70419.0,70638.0,421.66676909
2026-03-11 21:00:00+00:00,70638.5,70784.0,70509.0,70753.5,68.88987792
2026-03-11 22:00:00+00:00,70758.0,70947.5,70259.5,70369.0,259.77001392
2026-03-11 23:00:00+00:00,70378.5,70518.0,70126.5,70194.0,92.85726608
2026-03-12 00:00:00+00:00,70194.0,70359.0,70139.5,70230.5,69.59318798
2026-03-12 01:00:00+00:00,70230.5,70230.5,69759.5,69833.0,152.2018297
2026-03-12 02:00:00+00:00,69852.0,69884.5,69242.0,69306.5,242.77051839
2026-03-12 03:00:00+00:00,69306.0,69627.0,69254.5,69444.5,143.97640458
2026-03-12 04:00:00+00:00,69453.5,69682.5,69304.0,69396.0,91.22972477
2026-03-12 05:00:00+00:00,69383.0,69559.0,69216.0,69489.5,252.83219876
2026-03-12 06:00:00+00:00,69486.0,69584.5,69379.0,69515.0,87.26638199
2026-03-12 07:00:00+00:00,69517.5,69859.0,69435.5,69832.0,195.26062587
2026-03-12 08:00:00+00:00,69836.0,70134.5,69729.5,69923.5,258.92978623
2026-03-12 09:00:00+00:00,69924.5,70399.5,69588.5,69976.5,232.44095412
2026-03-12 10:00:00+00:00,69976.0,70528.0,69871.5,70446.5,140.88408968
2026-03-12 11:00:00+00:00,70421.0,70803.0,70380.0,70434.0,128.93442462
2026-03-12 12:00:00+00:00,70437.5,70626.0,70292.5,70402.5,159.99290117
2026-03-12 13:00:00+00:00,70403.0,70540.5,69693.5,69994.0,287.93020385
2026-03-12 14:00:00+00:00,69993.5,70682.5,69354.5,69594.0,593.77413823
2026-03-12 15:00:00+00:00,69596.0,70575.5,69466.0,70336.5,309.57537145
2026-03-12 16:00:00+00:00,70333.5,70574.0,69912.5,70405.5,333.40377687
2026-03-12 17:00:00+00:00,70405.5,70552.5,70095.0,70229.0,119.22745997
2026-03-12 18:00:00+00:00,70229.5,70318.0,69820.5,69823.0,132.33387979
2026-03-12 19:00:00+00:00,69840.5,70561.5,69785.5,70446.5,140.44652803
2026-03-12 20:00:00+00:00,70443.0,70564.0,70129.0,70180.0,76.2063772
2026-03-12 21:00:00+00:00,70179.5,70486.5,70179.0,70293.5,50.58813351
2026-03-12 22:00:00+00:00,70290.0,70326.0,70030.5,70184.5,48.63587368
2026-03-12 23:00:00+00:00,70184.0,70750.0,70172.5,70529.5,163.51448767
2026-03-13 00:00:00+00:00,70529.5,72072.0,70400.5,71479.0,652.14211563
2026-03-13 01:00:00+00:00,71489.0,71767.5,71300.0,71664.5,270.68036296
2026-03-13 02:00:00+00:00,71685.5,71699.0,71058.5,71161.0,176.8903252
2026-03-13 03:00:00+00:00,71161.5,71524.5,70968.0,71435.0,145.79302362
2026-03-13 04:00:00+00:00,71432.0,71503.0,71264.0,71417.0,68.11228168
2026-03-13 05:00:00+00:00,71414.5,71655.0,71269.5,71565.5,114.3992675
2026-03-13 06:00:00+00:00,71565.5,71614.5,71200.0,71361.0,192.1083268
2026-03-13 07:00:00+00:00,71360.5,71712.5,71260.5,71660.5,664.42526478
2026-03-13 08:00:00+00:00,71660.5,72181.5,71404.5,71852.5,466.2800304
2026-03-13 09:00:00+00:00,71852.0,72129.0,71623.5,72033.5,269.67362336
2026-03-13 10:00:00+00:00,72038.5,72653.5,72024.5,72507.0,285.4727012
2026-03-13 11:00:00+00:00,72499.0,72558.5,72231.0,72262.5,236.94610614
2026-03-13 12:00:00+00:00,72262.5,72962.0,72239.0,72819.0,311.69224343
2026-03-13 13:00:00+00:00,72821.0,73618.0,72699.5,73421.5,714.78524746
2026-03-13 14:00:00+00:00,73401.0,73940.0,72389.5,72389.5,819.21673236
2026-03-13 15:00:00+00:00,72389.5,72859.0,71763.0,71866.0,829.50613927
2026-03-13 16:00:00+00:00,71847.5,72128.0,71175.5,71898.5,595.73900476
2026-03-13 17:00:00+00:00,71898.5,72268.0,70915.5,71041.0,555.27292595
2026-03-13 18:00:00+00:00,71049.0,71359.0,70846.5,71084.0,180.19754822
2026-03-13 19:00:00+00:00,71067.0,71318.5,71012.5,71199.5,128.1875436
2026-03-13 20:00:00+00:00,71197.0,71469.0,71159.0,71368.0,85.14194242
2026-03-13 21:00:00+00:00,71368.0,71490.5,71072.0,71122.5,170.29867851
2026-03-13 22:00:00+00:00,71119.0,71202.0,70568.5,70820.5,261.83850207
2026-03-13 23:00:00+00:00,70828.5,71017.5,70719.0,70947.5,62.63517635
2026-03-14 00:00:00+00:00,70943.0,70968.5,70570.0,70656.5,97.46585688
2026-03-14 01:00:00+00:00,70651.0,70929.0,70497.5,70859.5,112.74580007
2026-03-14 02:00:00+00:00,70859.5,70921.0,70758.5,70800.5,67.07381043
2026-03-14 03:00:00+00:00,70804.5,71178.0,70804.5,71082.5,105.17938618
2026-03-14 04:00:00+00:00,71083.0,71314.0,71031.0,71041.5,69.57978218
2026-03-14 05:00:00+00:00,71041.5,71151.0,70939.0,71029.5,35.35628638
2026-03-14 06:00:00+00:00,71029.5,71029.5,70300.5,70632.0,230.34334507
2026-03-14 07:00:00+00:00,70647.0,70750.0,70478.5,70636.0,859.53967901
2026-03-14 08:00:00+00:00,70635.5,70735.5,70569.0,70614.5,155.87243761
2026-03-14 09:00:00+00:00,70614.5,70752.5,70424.0,70548.5,86.74978612
2026-03-14 10:00:00+00:00,70548.5,70599.5,70394.5,70590.5,64.33091925
2026-03-14 11:00:00+00:00,70590.5,70791.5,70578.0,70757.5,48.21323744
2026-03-14 12:00:00+00:00,70757.5,70844.5,70623.0,70780.5,41.67539865
2026-03-14 13:00:00+00:00,70780.5,70934.5,70733.0,70872.5,30.87452951
2026-03-14 14:00:00+00:00,70872.5,70956.5,70590.5,70601.5,46.75849076
2026-03-14 15:00:00+00:00,70601.0,70737.0,70504.0,70612.0,40.29396916
2026-03-14 16:00:00+00:00,70610.0,70719.0,70517.0,70698.5,33.44184187
2026-03-14 17:00:00+00:00,70698.5,70749.0,70605.0,70642.0,28.05531401
2026-03-14 18:00:00+00:00,70642.0,70705.0,70579.5,70683.0,42.1883918
2026-03-14 19:00:00+00:00,70683.0,70747.5,70616.5,70715.0,12.40994584
2026-03-14 20:00:00+00:00,70715.5,70869.0,70665.5,70828.0,31.30968421
2026-03-14 21:00:00+00:00,70825.5,70832.5,70679.0,70807.5,42.44970866
2026-03-14 22:00:00+00:00,70809.0,70810.5,70710.0,70723.0,62.45922767
2026-03-14 23:00:00+00:00,70723.5,71250.0,70723.5,71215.0,147.68065965
2026-03-15 00:00:00+00:00,71215.0,71235.0,70982.5,71011.5,97.79336698
2026-03-15 01:00:00+00:00,71011.5,71053.0,70884.0,71019.5,22.06831405
2026-03-15 02:00:00+00:00,71016.0,71632.5,71016.0,71467.5,143.24084307
2026-03-15 03:00:00+00:00,71461.0,71545.0,71227.0,71356.5,117.08219951
2026-03-15 04:00:00+00:00,71364.0,71668.5,71349.5,71590.0,54.35998229
2026-03-15 05:00:00+00:00,71589.5,71833.5,71488.5,71505.0,45.37155009
2026-03-15 06:00:00+00:00,71505.0,71604.0,71400.0,71470.5,39.71412357
2026-03-15 07:00:00+00:00,71470.5,71687.0,71447.0,71483.0,264.81898284
2026-03-15 08:00:00+00:00,71483.5,71774.0,71483.5,71736.0,149.14646491
2026-03-15 09:00:00+00:00,71736.5,71955.5,71732.5,71815.0,226.51153554
2026-03-15 10:00:00+00:00,71815.0,71932.0,71759.5,71788.0,240.00482934
2026-03-15 11:00:00+00:00,71788.5,71907.5,71667.0,71844.5,114.96619691
2026-03-15 12:00:00+00:00,71844.5,71845.0,71581.0,71622.5,87.0087602
2026-03-15 13:00:00+00:00,71622.0,71682.5,71270.5,71615.5,251.29098725
2026-03-15 14:00:00+00:00,71616.0,71628.5,71356.5,71627.5,79.25859823
2026-03-15 15:00:00+00:00,71627.5,71629.0,71418.5,71491.5,65.71973707
2026-03-15 16:00:00+00:00,71492.0,71593.5,71339.5,71437.0,144.07751049
2026-03-15 17:00:00+00:00,71453.5,72069.0,71428.5,71834.5,141.61159087
2026-03-15 18:00:00+00:00,71834.5,71894.5,71313.0,71385.0,324.91096874
2026-03-15 19:00:00+00:00,71385.0,71573.5,71340.0,71544.5,67.42461582
2026-03-15 20:00:00+00:00,71544.5,71922.0,71435.0,71732.0,90.35317167
2026-03-15 21:00:00+00:00,71732.0,72260.0,71630.0,72112.0,146.3656822
2026-03-15 22:00:00+00:00,72112.5,73125.0,71700.0,72748.0,402.9002001
2026-03-15 23:00:00+00:00,72770.5,73215.0,72429.5,72838.5,247.0556093
2026-03-16 00:00:00+00:00,72838.5,73038.5,72468.0,72552.5,140.57845171
2026-03-16 01:00:00+00:00,72553.0,72874.5,72300.5,72783.5,69.21078153
2026-03-16 02:00:00+00:00,72783.5,72878.5,72400.5,72550.0,296.50258043
2026-03-16 03:00:00+00:00,72539.0,74339.5,72463.0,73586.5,592.00685143
2026-03-16 04:00:00+00:00,73586.5,74456.0,73586.5,73859.5,380.5125404
2026-03-16 05:00:00+00:00,73857.5,74268.5,73722.5,74209.5,262.1899561
2026-03-16 06:00:00+00:00,74210.0,74210.0,73614.0,73725.5,175.71929737
2026-03-16 07:00:00+00:00,73725.5,73932.5,73426.0,73477.5,278.95878053
2026-03-16 08:00:00+00:00,73477.5,73785.5,72911.0,73146.5,275.43806326
2026-03-16 09:00:00+00:00,73147.0,73339.0,73085.5,73259.5,147.61987134
2026-03-16 10:00:00+00:00,73263.5,73789.0,73209.0,73789.0,333.52498743
2026-03-16 11:00:00+00:00,73789.0,73829.0,73529.0,73547.0,243.07883574
2026-03-16 12:00:00+00:00,73547.5,74042.0,73474.5,73885.0,206.39492742
2026-03-16 13:00:00+00:00,73883.5,74532.5,73794.5,74114.0,398.89252053
2026-03-16 14:00:00+00:00,74134.5,74509.5,73010.0,73563.5,408.37244752
2026-03-16 15:00:00+00:00,73572.5,74036.5,73209.5,73304.5,227.64124274
2026-03-16 16:00:00+00:00,73304.5,73918.5,73143.5,73782.5,198.50670009
2026-03-16 17:00:00+00:00,73783.0,74082.0,73685.5,73973.5,274.9533976
2026-03-16 18:00:00+00:00,73973.5,74377.0,73856.0,73932.5,296.59211948
2026-03-16 19:00:00+00:00,73933.0,74443.0,73823.0,73987.5,201.46731763
2026-03-16 20:00:00+00:00,73980.5,74265.5,73872.0,74243.5,92.03204399
2026-03-16 21:00:00+00:00,74243.0,74800.0,74161.5,74414.5,535.35743489
2026-03-16 22:00:00+00:00,74414.5,74919.0,74382.5,74782.5,236.27450683
2026-03-16 23:00:00+00:00,74782.0,74928.5,74256.5,74901.5,155.69412645
2026-03-17 00:00:00+00:00,74902.0,75532.5,74637.5,75330.0,521.2763037
2026-03-17 01:00:00+00:00,75333.0,76044.5,75093.0,75637.5,471.5495532
2026-03-17 02:00:00+00:00,75637.5,75673.5,75117.0,75200.0,418.58387559
2026-03-17 03:00:00+00:00,75200.0,75322.5,74275.0,74479.5,352.47807071
2026-03-17 04:00:00+00:00,74472.5,74686.0,74002.5,74248.5,189.16688712
2026-03-17 05:00:00+00:00,74259.0,74466.5,73787.5,74055.0,155.75920139
2026-03-17 06:00:00+00:00,74045.5,74284.5,73889.5,74105.0,203.62886181
2026-03-17 07:00:00+00:00,74103.5,74500.5,74088.5,74273.0,182.35110173
2026-03-17 08:00:00+00:00,74273.5,74484.0,74127.5,74199.5,120.28886667
2026-03-17 09:00:00+00:00,74199.5,74417.5,73843.5,73947.0,142.87021992
2026-03-17 10:00:00+00:00,73947.5,73974.0,73566.0,73745.0,223.57291458
2026-03-17 11:00:00+00:00,73745.0,74257.0,73708.5,74043.5,133.76209668
2026-03-17 12:00:00+00:00,74044.0,74215.5,73687.5,73763.0,193.88984202
2026-03-17 13:00:00+00:00,73762.0,74173.5,73409.5,73618.0,320.86301711
2026-03-17 14:00:00+00:00,73635.5,74440.0,73445.5,74406.5,297.21807901
2026-03-17 15:00:00+00:00,74408.5,74916.0,73700.5,73953.5,520.49924096
2026-03-17 16:00:00+00:00,73950.0,74367.5,73906.0,74181.0,134.48190557
2026-03-17 17:00:00+00:00,74190.5,74625.5,74037.0,74559.0,153.04056884
2026-03-17 18:00:00+00:00,74559.0,74796.5,74416.5,74714.5,244.45869609
2026-03-17 19:00:00+00:00,74715.0,74839.5,74480.0,74550.0,219.82637635
2026-03-17 20:00:00+00:00,74550.5,74724.5,74378.5,74560.5,62.6319709
2026-03-17 21:00:00+00:00,74560.0,74836.0,74500.0,74719.0,67.99638935
2026-03-17 22:00:00+00:00,74719.5,74807.5,73975.0,74349.0,110.20718014
2026-03-17 23:00:00+00:00,74349.0,74436.0,73915.0,73937.0,77.62192435
2026-03-18 00:00:00+00:00,73936.5,74103.0,73569.0,73896.0,160.42346208
2026-03-18 01:00:00+00:00,73896.0,74236.5,73858.5,74102.5,70.41307734
2026-03-18 02:00:00+00:00,74102.5,74506.0,74086.0,74372.0,55.11992424
2026-03-18 03:00:00+00:00,74372.0,74731.0,74295.0,74494.5,106.05640914
2026-03-18 04:00:00+00:00,74494.5,74533.5,74188.0,74215.5,77.8167265
2026-03-18 05:00:00+00:00,74215.0,74343.5,73875.0,73993.0,87.54460412
2026-03-18 06:00:00+00:00,73993.0,74256.0,73986.5,73986.5,69.46584927
2026-03-18 07:00:00+00:00,73986.5,74027.0,73727.0,73910.5,181.33979592
2026-03-18 08:00:00+00:00,73910.5,74146.5,73883.5,74070.5,76.82302973
2026-03-18 09:00:00+00:00,74071.0,74306.0,74066.0,74198.0,93.27237406
2026-03-18 10:00:00+00:00,74198.5,74285.5,73834.0,73964.0,92.3279981
2026-03-18 11:00:00+00:00,73964.0,74089.5,72823.5,72957.0,529.64006463
2026-03-18 12:00:00+00:00,72970.5,72985.5,72300.0,72396.5,1096.98048898
2026-03-18 13:00:00+00:00,72387.5,72576.0,72000.5,72153.5,371.33468684
2026-03-18 14:00:00+00:00,72151.5,72236.5,71139.5,71200.0,530.04873446
2026-03-18 15:00:00+00:00,71199.5,71536.5,70871.0,71492.5,574.82672473
2026-03-18 16:00:00+00:00,71492.0,71582.0,71058.5,71328.5,232.36404307
2026-03-18 17:00:00+00:00,71329.0,71770.0,71224.5,71615.0,170.39289655
2026-03-18 18:00:00+00:00,71609.5,72013.0,70934.0,71115.0,471.25644545
2026-03-18 19:00:00+00:00,71114.5,71495.0,70937.5,71083.5,307.77134443
2026-03-18 20:00:00+00:00,71083.0,71339.5,70453.0,71249.0,445.16831797
2026-03-18 21:00:00+00:00,71245.0,71443.5,71187.5,71287.5,213.28764682
2026-03-18 22:00:00+00:00,71285.0,71285.0,70967.5,71165.0,96.43379403
2026-03-18 23:00:00+00:00,71165.0,71374.5,71087.0,71257.5,118.04128179
2026-03-19 00:00:00+00:00,71257.5,71322.5,70995.5,71023.5,188.99566123
2026-03-19 01:00:00+00:00,71024.0,71199.0,70975.5,71139.0,59.05512656
2026-03-19 02:00:00+00:00,71139.0,71275.0,70924.5,71082.5,135.4163066
2026-03-19 03:00:00+00:00,71082.5,71627.5,71076.0,71227.0,160.96041452
2026-03-19 04:00:00+00:00,71227.0,71227.0,70685.5,70840.0,169.00511932
2026-03-19 05:00:00+00:00,70840.5,70923.0,70672.5,70846.5,103.61277593
2026-03-19 06:00:00+00:00,70849.0,70972.0,70527.0,70616.0,96.22846279
2026-03-19 07:00:00+00:00,70605.5,70612.5,69484.0,70201.5,654.22977151
2026-03-19 08:00:00+00:00,70202.0,70290.5,69907.0,69997.0,171.19810659
2026-03-19 09:00:00+00:00,69997.0,70561.5,69982.5,70504.5,165.27495105
2026-03-19 10:00:00+00:00,70498.5,70529.5,70118.5,70127.5,88.05476045
2026-03-19 11:00:00+00:00,70127.5,70250.0,69911.5,69951.0,103.83517957
2026-03-19 12:00:00+00:00,69951.0,69951.5,69068.5,69277.0,667.99626109
2026-03-19 13:00:00+00:00,69278.5,70070.0,69079.0,69893.5,758.25245387
2026-03-19 14:00:00+00:00,69897.5,70140.0,69088.0,69490.5,926.41614688
2026-03-19 15:00:00+00:00,69485.5,69914.5,68785.5,69413.0,915.22903528
2026-03-19 16:00:00+00:00,69413.0,69637.0,69183.0,69460.5,243.44601397
2026-03-19 17:00:00+00:00,69460.5,69940.0,69109.0,69849.0,257.57578738
2026-03-19 18:00:00+00:00,69848.5,69926.0,69586.0,69826.5,211.06076846
2026-03-19 19:00:00+00:00,69826.5,70606.0,69806.5,70276.5,528.52495777
2026-03-19 20:00:00+00:00,70277.0,70678.5,70200.5,70490.0,195.72088536
2026-03-19 21:00:00+00:00,70490.0,70710.0,70395.5,70428.0,135.9251358
2026-03-19 22:00:00+00:00,70427.5,70510.5,69967.5,70189.5,124.50955266
2026-03-19 23:00:00+00:00,70191.5,70287.5,69737.0,69933.5,115.81332484
2026-03-20 00:00:00+00:00,69930.0,70311.0,69855.5,70212.0,81.53182836
2026-03-20 01:00:00+00:00,70212.5,70594.5,70204.0,70414.0,100.32469963
2026-03-20 02:00:00+00:00,70414.0,70532.0,70105.0,70432.5,114.7466332
2026-03-20 03:00:00+00:00,70427.5,70824.0,70411.5,70751.0,344.74665241
2026-03-20 04:00:00+00:00,70751.0,70983.0,70582.0,70801.0,404.72260637
2026-03-20 05:00:00+00:00,70801.0,70882.5,70540.5,70622.5,103.33852707
2026-03-20 06:00:00+00:00,70621.5,70654.5,70362.5,70505.0,112.99873332
2026-03-20 07:00:00+00:00,70506.0,70943.0,70228.5,70856.0,300.32771806
2026-03-20 08:00:00+00:00,70856.0,71375.0,70791.5,71062.0,397.36874733
2026-03-20 09:00:00+00:00,71066.0,71066.0,70431.0,70601.0,183.87163947
2026-03-20 10:00:00+00:00,70601.0,70678.0,70227.5,70617.5,162.87268503
2026-03-20 11:00:00+00:00,70617.0,70805.5,70306.0,70479.0,141.37150724
2026-03-20 12:00:00+00:00,70479.0,70677.5,70245.0,70313.0,130.80407865
2026-03-20 13:00:00+00:00,70339.5,70655.0,69783.0,69852.5,481.85993423
2026-03-20 14:00:00+00:00,69854.0,70269.0,69600.0,69733.5,519.7426208
2026-03-20 15:00:00+00:00,69734.0,70001.0,69485.0,69872.5,285.60871749
2026-03-20 16:00:00+00:00,69872.5,70102.5,69607.0,69831.0,137.09069656
2026-03-20 17:00:00+00:00,69831.0,70025.0,69383.0,69995.0,199.85086741
2026-03-20 18:00:00+00:00,70005.0,70075.0,69534.5,69771.5,204.75222918
2026-03-20 19:00:00+00:00,69772.0,70192.5,69661.5,70172.5,217.79669145
2026-03-20 20:00:00+00:00,70184.5,70260.5,69755.0,70052.5,151.27267776
2026-03-20 21:00:00+00:00,70052.5,70700.0,69948.0,70550.0,199.53788535
2026-03-20 22:00:00+00:00,70550.5,70916.5,70544.0,70778.5,309.54541006
2026-03-20 23:00:00+00:00,70777.5,70777.5,70431.5,70518.0,63.75201212
2026-03-21 00:00:00+00:00,70518.0,70829.5,70485.5,70683.5,101.03717662
2026-03-21 01:00:00+00:00,70685.5,70764.5,70475.0,70475.0,54.12141602
2026-03-21 02:00:00+00:00,70475.0,70789.0,70454.5,70735.5,87.25643545
2026-03-21 03:00:00+00:00,70736.0,70789.5,70645.0,70684.5,38.86390224
2026-03-21 04:00:00+00:00,70677.5,70830.0,70634.5,70660.5,70.58544153
2026-03-21 05:00:00+00:00,70660.5,70834.5,70647.5,70715.5,46.14258448
2026-03-21 06:00:00+00:00,70715.5,70821.0,70706.5,70770.5,44.46948657
2026-03-21 07:00:00+00:00,70776.0,70887.5,70697.0,70731.5,247.10942932
2026-03-21 08:00:00+00:00,70739.0,70765.0,70505.0,70607.5,128.06720133
2026-03-21 09:00:00+00:00,70607.5,70740.0,70591.5,70663.0,75.55172912
2026-03-21 10:00:00+00:00,70663.0,70695.5,70568.5,70615.0,48.11028807
2026-03-21 11:00:00+00:00,70614.5,70659.0,70578.0,70659.0,18.95375376
2026-03-21 12:00:00+00:00,70659.5,70800.0,70659.5,70728.5,29.93744892
2026-03-21 13:00:00+00:00,70728.5,70815.0,70715.0,70749.0,38.21255181
2026-03-21 14:00:00+00:00,70749.0,71106.5,70605.0,70640.5,261.04016281
2026-03-21 15:00:00+00:00,70637.0,70771.5,70453.5,70644.0,64.75643114
2026-03-21 16:00:00+00:00,70644.0,70655.5,70260.5,70309.0,128.14384385
2026-03-21 17:00:00+00:00,70309.0,70416.0,70211.5,70315.0,60.82928177
2026-03-21 18:00:00+00:00,70312.5,70523.0,70298.0,70402.0,34.93991041
2026-03-21 19:00:00+00:00,70402.0,70442.0,70325.0,70390.5,23.59786948
2026-03-21 20:00:00+00:00,70390.5,70493.0,70362.5,70460.5,33.04053971
2026-03-21 21:00:00+00:00,70460.5,70499.5,70264.5,70359.0,59.9417897
2026-03-21 22:00:00+00:00,70359.0,70382.5,70267.5,70284.0,62.24648021
2026-03-21 23:00:00+00:00,70284.0,70286.5,68527.5,68902.0,841.87462158
2026-03-22 00:00:00+00:00,68902.0,69124.5,68197.0,68945.0,1220.40607397
2026-03-22 01:00:00+00:00,68945.0,69085.5,68753.5,68953.0,214.1296756
2026-03-22 02:00:00+00:00,68953.0,69404.0,68936.0,69267.5,239.16366933
2026-03-22 03:00:00+00:00,69261.0,69574.5,69115.5,69337.0,136.1373147
2026-03-22 04:00:00+00:00,69336.5,69504.5,69206.0,69343.5,90.73967799
2026-03-22 05:00:00+00:00,69335.5,69339.0,69126.0,69142.0,102.34881173
2026-03-22 06:00:00+00:00,69141.5,69224.5,69046.5,69152.5,63.82540064
2026-03-22 07:00:00+00:00,69153.0,69233.5,68881.0,68904.0,491.59532528
2026-03-22 08:00:00+00:00,68904.0,68982.0,68555.5,68793.0,263.63347115
2026-03-22 09:00:00+00:00,68793.0,68897.0,68575.5,68820.5,74.13873999
2026-03-22 10:00:00+00:00,68817.5,68831.0,68580.0,68627.5,67.80896337
2026-03-22 11:00:00+00:00,68616.5,68675.0,68115.0,68195.5,270.08181524
2026-03-22 12:00:00+00:00,68196.0,68733.0,68176.0,68646.0,197.49978443
2026-03-22 13:00:00+00:00,68654.5,68945.0,68533.5,68682.5,245.81703118
2026-03-22 14:00:00+00:00,68686.5,68902.0,68535.5,68702.5,58.18464619
2026-03-22 15:00:00+00:00,68702.5,68988.0,68702.5,68840.0,79.61684845
2026-03-22 16:00:00+00:00,68844.0,68878.5,68670.0,68802.0,58.08758325
2026-03-22 17:00:00+00:00,68802.0,68845.0,68672.5,68679.5,39.61513683
2026-03-22 18:00:00+00:00,68679.0,68732.5,68342.0,68614.5,126.31886327
2026-03-22 19:00:00+00:00,68614.5,68615.0,68135.0,68184.5,230.86084871
2026-03-22 20:00:00+00:00,68184.5,68479.0,68061.5,68163.5,137.07211477
2026-03-22 21:00:00+00:00,68163.0,68200.0,67325.0,67865.0,782.36980279
2026-03-22 22:00:00+00:00,67869.0,68387.5,67550.5,68324.0,412.33312174
2026-03-22 23:00:00+00:00,68328.0,68452.5,67835.5,67854.0,214.28817327
2026-03-23 00:00:00+00:00,67854.5,68145.0,67432.0,67656.5,455.25784274
2026-03-23 01:00:00+00:00,67657.0,68160.0,67527.0,67909.5,415.29702266
2026-03-23 02:00:00+00:00,67908.0,68395.5,67800.5,68336.5,441.19204753
2026-03-23 03:00:00+00:00,68336.5,68593.5,68067.5,68076.0,330.02535071
2026-03-23 04:00:00+00:00,68076.0,68555.0,68055.0,68555.0,352.65065161
2026-03-23 05:00:00+00:00,68554.5,68905.0,68554.5,68905.0,513.30362345
2026-03-23 06:00:00+00:00,68906.0,68906.0,67693.5,67859.0,575.43227382
2026-03-23 07:00:00+00:00,67859.0,68451.5,67500.0,68306.0,853.96624534
2026-03-23 08:00:00+00:00,68317.0,68695.0,68316.0,68437.5,366.96489508
2026-03-23 09:00:00+00:00,68438.0,68464.5,67911.0,68315.0,363.55629164
2026-03-23 10:00:00+00:00,68323.0,68699.5,68291.0,68413.5,99.46712282
2026-03-23 11:00:00+00:00,68512.0,71579.0,68512.0,70121.5,1666.87385566
2026-03-23 12:00:00+00:00,70122.5,70865.5,69676.0,70739.0,609.54717903
2026-03-23 13:00:00+00:00,70739.0,71582.0,70591.5,71476.0,475.16676974
2026-03-23 14:00:00+00:00,71479.0,71802.5,71129.0,71458.0,473.53777282
2026-03-23 15:00:00+00:00,71449.0,71656.0,70099.5,70120.5,566.33725123
2026-03-23 16:00:00+00:00,70121.0,70759.5,70121.0,70566.5,396.15283119
2026-03-23 17:00:00+00:00,70568.5,71129.5,70363.5,71094.5,204.64996695
2026-03-23 18:00:00+00:00,71093.5,71202.0,70882.5,71091.5,247.99584023
2026-03-23 19:00:00+00:00,71085.0,71251.5,70644.0,70688.5,131.75406779
2026-03-23 20:00:00+00:00,70681.0,70993.0,70559.0,70921.0,130.77465872
2026-03-23 21:00:00+00:00,70921.0,71000.0,70829.5,70851.0,75.23150315
2026-03-23 22:00:00+00:00,70851.0,70898.0,70526.5,70796.0,235.45604003
2026-03-23 23:00:00+00:00,70784.0,70990.0,70412.0,70918.0,204.119845
2026-03-24 00:00:00+00:00,70915.5,71097.0,70416.0,70693.0,285.33588191
2026-03-24 01:00:00+00:00,70689.5,70879.0,70280.0,70514.0,191.77155075
2026-03-24 02:00:00+00:00,70514.0,70692.0,70363.5,70452.0,250.19054839
2026-03-24 03:00:00+00:00,70445.0,70575.0,70392.5,70530.5,88.14386996
2026-03-24 04:00:00+00:00,70531.0,70734.0,70250.0,70359.5,184.96033188
2026-03-24 05:00:00+00:00,70360.0,70360.5,70109.5,70265.5,273.86346682
2026-03-24 06:00:00+00:00,70267.0,70558.0,70245.5,70518.0,222.18255431
2026-03-24 07:00:00+00:00,70518.5,71409.5,70471.0,71293.5,498.73113604
2026-03-24 08:00:00+00:00,71294.0,71295.5,70850.0,70964.5,406.16835943
2026-03-24 09:00:00+00:00,70963.0,71355.0,70842.0,71310.0,168.07529901
2026-03-24 10:00:00+00:00,71310.5,71327.0,71089.0,71252.0,267.44481692
2026-03-24 11:00:00+00:00,71252.0,71307.0,70949.5,71138.5,306.30031633
2026-03-24 12:00:00+00:00,71138.5,71154.0,70859.5,70953.5,165.42369539
2026-03-24 13:00:00+00:00,70953.5,71052.5,69962.5,70098.5,606.88822634
2026-03-24 14:00:00+00:00,70098.5,70451.5,69492.5,69864.0,420.68212709
2026-03-24 15:00:00+00:00,69864.0,70245.0,69765.0,69868.0,300.08547759
2026-03-24 16:00:00+00:00,69868.0,69989.0,69343.0,69457.0,547.21628628
2026-03-24 17:00:00+00:00,69459.0,69490.5,68891.0,69204.5,382.79687748
2026-03-24 18:00:00+00:00,69220.0,69718.5,69149.0,69409.5,243.65479144
2026-03-24 19:00:00+00:00,69410.0,69673.5,69266.5,69341.5,91.91103046
2026-03-24 20:00:00+00:00,69347.0,70268.5,69275.0,70076.5,278.44826575
2026-03-24 21:00:00+00:00,70078.5,70402.5,69889.5,70319.5,183.8827086
2026-03-24 22:00:00+00:00,70319.5,70579.0,70143.5,70313.0,202.73725428
2026-03-24 23:00:00+00:00,70313.5,70824.5,70259.5,70545.0,210.43256734
2026-03-25 00:00:00+00:00,70550.0,71061.0,70478.5,70846.5,195.11009305
2026-03-25 01:00:00+00:00,70846.0,70966.5,70637.5,70667.0,108.60743899
2026-03-25 02:00:00+00:00,70670.5,70755.5,70492.5,70515.5,120.34345483
2026-03-25 03:00:00+00:00,70517.5,70800.0,70409.5,70711.5,76.57267183
2026-03-25 04:00:00+00:00,70711.5,70964.5,70699.5,70961.5,100.74810472
2026-03-25 05:00:00+00:00,70964.5,71343.0,70937.5,71108.5,253.59149373
2026-03-25 06:00:00+00:00,71108.5,71255.0,70986.0,70986.0,146.89215957
2026-03-25 07:00:00+00:00,70986.0,71267.5,70885.0,70921.0,223.8788728
2026-03-25 08:00:00+00:00,70921.5,71520.0,70793.0,71243.5,679.63118962
2026-03-25 09:00:00+00:00,71243.0,71400.0,71100.0,71339.0,123.89233496
2026-03-25 10:00:00+00:00,71339.5,71621.0,71300.0,71493.5,160.2690207
2026-03-25 11:00:00+00:00,71493.5,72042.0,71472.0,71690.5,454.60111804
2026-03-25 12:00:00+00:00,71690.5,71956.0,71148.5,71730.5,338.53579212
2026-03-25 13:00:00+00:00,71730.5,71963.5,71516.5,71583.0,377.46052821
2026-03-25 14:00:00+00:00,71585.5,71693.5,71215.0,71235.5,240.23350967
2026-03-25 15:00:00+00:00,71235.5,71301.5,70561.0,70832.5,398.66253409
2026-03-25 16:00:00+00:00,70832.0,71746.0,70717.5,71326.0,440.78329612
2026-03-25 17:00:00+00:00,71326.0,71380.0,70717.0,70769.5,175.71451372
2026-03-25 18:00:00+00:00,70771.0,71150.0,70686.5,70807.5,109.98707909
2026-03-25 19:00:00+00:00,70810.0,71079.0,70769.5,70875.0,57.36460837
2026-03-25 20:00:00+00:00,70877.5,71049.0,70609.0,70994.0,100.68333393
2026-03-25 21:00:00+00:00,70994.0,71158.0,70899.5,71029.5,75.78478503
2026-03-25 22:00:00+00:00,71029.5,71567.0,70937.5,71368.5,109.22405614
2026-03-25 23:00:00+00:00,71368.5,71442.0,71190.0,71329.0,63.71796584
2026-03-26 00:00:00+00:00,71329.0,71428.5,71133.0,71288.5,83.18411526
2026-03-26 01:00:00+00:00,71288.5,71363.5,71157.0,71231.0,37.06083047
2026-03-26 02:00:00+00:00,71237.0,71277.0,70662.5,70882.0,164.35058288
2026-03-26 03:00:00+00:00,70882.0,70961.5,70680.5,70893.0,69.45627744
2026-03-26 04:00:00+00:00,70895.0,70897.5,70709.0,70750.0,65.22794096
2026-03-26 05:00:00+00:00,70749.0,70783.0,69940.5,69995.0,323.36741628
2026-03-26 06:00:00+00:00,69995.0,70136.5,69821.0,70093.5,151.83720614
2026-03-26 07:00:00+00:00,70082.0,70157.5,69785.5,70080.5,303.1651685
2026-03-26 08:00:00+00:00,70081.0,70111.5,69771.0,70004.0,230.75905835
2026-03-26 09:00:00+00:00,70004.5,70121.0,69397.5,69563.0,324.49145135
2026-03-26 10:00:00+00:00,69558.0,69700.0,69439.0,69489.5,575.86790935
2026-03-26 11:00:00+00:00,69489.5,69629.0,69169.0,69244.0,242.17939529
2026-03-26 12:00:00+00:00,69244.0,69437.5,69184.0,69421.0,194.4139343
2026-03-26 13:00:00+00:00,69421.0,69850.0,69204.5,69629.0,422.41782248
2026-03-26 14:00:00+00:00,69630.0,69808.5,69239.5,69460.0,377.92808805
2026-03-26 15:00:00+00:00,69463.5,69474.5,68469.5,69060.5,927.26166569
2026-03-26 16:00:00+00:00,69060.0,69065.5,68805.0,68883.5,418.9218929
2026-03-26 17:00:00+00:00,68888.5,69118.5,68162.5,68437.0,692.34758685
2026-03-26 18:00:00+00:00,68437.0,68550.5,68119.5,68459.5,749.28088111
2026-03-26 19:00:00+00:00,68463.5,68647.5,68321.0,68483.0,340.26830732
2026-03-26 20:00:00+00:00,68486.5,69445.5,68397.5,68970.0,934.50829216
2026-03-26 21:00:00+00:00,68970.0,69159.5,68839.5,68892.5,188.61120752
2026-03-26 22:00:00+00:00,68892.5,68995.0,68575.0,68858.5,168.97901315
2026-03-26 23:00:00+00:00,68859.0,68968.0,68603.5,68797.0,156.10728523
2026-03-27 00:00:00+00:00,68796.5,68928.5,68494.0,68740.0,477.78133932
2026-03-27 01:00:00+00:00,68740.0,69019.0,68661.0,69005.0,508.52956693
2026-03-27 02:00:00+00:00,69010.5,69137.5,68819.0,68865.5,672.5863979
2026-03-27 03:00:00+00:00,68865.5,68882.5,68630.0,68722.5,257.03894862
2026-03-27 04:00:00+00:00,68722.5,68744.5,68249.0,68534.5,607.30892761
2026-03-27 05:00:00+00:00,68534.5,68819.0,68469.0,68592.5,370.7403487
2026-03-27 06:00:00+00:00,68592.5,68817.0,68535.5,68626.0,311.37455907
2026-03-27 07:00:00+00:00,68627.0,68934.0,68441.5,68521.5,2034.90480609
2026-03-27 08:00:00+00:00,68521.0,68610.0,67564.5,67892.5,744.49064214
2026-03-27 09:00:00+00:00,67892.0,67914.5,67534.5,67660.5,271.84375476
2026-03-27 10:00:00+00:00,67660.5,67748.5,66329.5,66467.0,893.32895239
2026-03-27 11:00:00+00:00,66467.5,66831.0,66225.0,66686.0,404.97907893
2026-03-27 12:00:00+00:00,66686.0,66762.5,66419.5,66604.0,216.72986126
2026-03-27 13:00:00+00:00,66604.5,66727.5,66002.0,66152.0,612.52529732
2026-03-27 14:00:00+00:00,66155.0,66369.0,65689.5,66171.5,629.25052379
2026-03-27 15:00:00+00:00,66157.5,66615.5,65942.5,66098.0,427.88081829
2026-03-27 16:00:00+00:00,66098.0,66161.5,65782.0,65962.5,539.39650198
2026-03-27 17:00:00+00:00,65962.5,66262.0,65572.5,65604.5,318.46122613
2026-03-27 18:00:00+00:00,65600.5,65921.0,65527.0,65816.5,167.50335184
2026-03-27 19:00:00+00:00,65821.5,66111.0,65681.5,66006.5,200.35349382
2026-03-27 20:00:00+00:00,66006.5,66117.0,65783.0,65979.5,91.35791916
2026-03-27 21:00:00+00:00,65980.0,66135.5,65979.5,66037.0,104.8444377
2026-03-27 22:00:00+00:00,66037.0,66050.0,65881.0,65980.0,40.71190689
2026-03-27 23:00:00+00:00,65980.0,66368.5,65935.0,66367.5,140.01534954
2026-03-28 00:00:00+00:00,66367.0,66474.0,66250.0,66384.5,123.42263291
2026-03-28 01:00:00+00:00,66384.5,66384.5,66008.0,66132.5,76.55266599
2026-03-28 02:00:00+00:00,66132.5,66200.0,65896.5,66005.0,50.56561474
2026-03-28 03:00:00+00:00,66007.5,66200.0,66007.5,66194.5,80.50886962
2026-03-28 04:00:00+00:00,66191.0,66262.0,66076.0,66240.0,79.82737271
2026-03-28 05:00:00+00:00,66244.0,66350.0,66171.0,66311.0,79.82192072
2026-03-28 06:00:00+00:00,66311.5,66456.0,66278.0,66354.0,144.78225065
2026-03-28 07:00:00+00:00,66354.5,66504.5,66354.5,66503.0,681.83560553
2026-03-28 08:00:00+00:00,66503.0,66503.0,66339.0,66349.5,185.35824277
2026-03-28 09:00:00+00:00,66349.5,66349.5,66195.5,66253.5,65.07300678
2026-03-28 10:00:00+00:00,66253.5,66352.0,66080.5,66171.0,61.62774119
2026-03-28 11:00:00+00:00,66171.0,66300.0,66157.0,66284.0,57.91952282
2026-03-28 12:00:00+00:00,66284.0,66467.0,66186.5,66400.5,111.78425405
2026-03-28 13:00:00+00:00,66400.5,67115.0,66362.0,66791.5,354.26747102
2026-03-28 14:00:00+00:00,66795.5,66926.0,66624.5,66701.5,91.27260015
2026-03-28 15:00:00+00:00,66701.5,67261.5,66672.5,66975.0,207.70568169
2026-03-28 16:00:00+00:00,66975.5,67059.0,66824.0,66902.5,80.36253778
2026-03-28 17:00:00+00:00,66902.5,66952.5,66675.0,66813.5,97.46307135
2026-03-28 18:00:00+00:00,66814.0,66919.5,66807.5,66883.0,29.95676025
2026-03-28 19:00:00+00:00,66879.0,66919.5,66776.5,66868.5,35.4223108
2026-03-28 20:00:00+00:00,66869.0,66973.0,66868.5,66878.5,31.13461839
2026-03-28 21:00:00+00:00,66878.5,66886.0,66554.5,66644.5,54.0932829
2026-03-28 22:00:00+00:00,66644.5,66746.0,66556.5,66716.0,50.96450069
2026-03-28 23:00:00+00:00,66716.0,66716.0,66246.0,66341.0,124.14134366
2026-03-29 00:00:00+00:00,66340.5,66469.5,66251.0,66446.0,112.61492032
2026-03-29 01:00:00+00:00,66446.0,66584.0,66352.5,66530.5,56.62068457
2026-03-29 02:00:00+00:00,66531.0,66807.0,66501.0,66782.5,67.08577826
2026-03-29 03:00:00+00:00,66782.5,67093.5,66727.5,66877.5,84.62789252
2026-03-29 04:00:00+00:00,66877.5,66907.5,66677.5,66698.5,52.51372876
2026-03-29 05:00:00+00:00,66698.0,66777.5,66552.5,66732.5,53.80330388
2026-03-29 06:00:00+00:00,66753.0,66837.0,66602.0,66699.0,93.35722862
2026-03-29 07:00:00+00:00,66698.5,66732.0,66513.0,66658.5,679.42765255
2026-03-29 08:00:00+00:00,66658.5,66749.5,66574.0,66700.0,122.47509308
2026-03-29 09:00:00+00:00,66700.5,66737.0,66519.0,66594.5,98.51538439
2026-03-29 10:00:00+00:00,66594.5,66594.5,66380.0,66468.5,69.87679715
2026-03-29 11:00:00+00:00,66469.0,66958.0,66469.0,66782.5,88.85352297
2026-03-29 12:00:00+00:00,66783.0,66839.5,66677.5,66815.0,27.61839892
2026-03-29 13:00:00+00:00,66815.5,66840.0,66501.0,66540.5,52.30734283
2026-03-29 14:00:00+00:00,66540.5,66764.0,66432.5,66561.0,60.53991209
2026-03-29 15:00:00+00:00,66561.0,66693.0,66283.0,66483.0,64.52026878
2026-03-29 16:00:00+00:00,66487.0,66629.5,66400.0,66462.5,37.53713178
2026-03-29 17:00:00+00:00,66462.5,66505.0,66132.5,66344.5,170.68828431
2026-03-29 18:00:00+00:00,66345.0,66492.0,66290.5,66385.0,47.00772712
2026-03-29 19:00:00+00:00,66385.0,66433.0,66282.0,66313.0,42.42854393
2026-03-29 20:00:00+00:00,66312.5,66752.0,66310.0,66577.5,73.6706519
2026-03-29 21:00:00+00:00,66577.5,66719.5,66470.5,66675.0,68.71182664
2026-03-29 22:00:00+00:00,66675.0,66675.0,64950.5,65823.0,625.57767629
2026-03-29 23:00:00+00:00,65820.0,66339.0,65811.5,65960.5,271.82465506
2026-03-30 00:00:00+00:00,65965.5,67011.0,65752.5,66228.0,436.81894602
2026-03-30 01:00:00+00:00,66241.5,66788.5,66241.5,66600.5,155.62329629
2026-03-30 02:00:00+00:00,66632.5,67410.5,66536.5,67081.0,298.06591555
2026-03-30 03:00:00+00:00,67081.0,67279.5,66938.5,67127.0,135.81682021
2026-03-30 04:00:00+00:00,67140.5,67625.5,67133.0,67591.5,232.41144409
2026-03-30 05:00:00+00:00,67591.5,67781.0,67400.0,67460.0,213.23376458
2026-03-30 06:00:00+00:00,67459.5,67546.5,67246.0,67271.0,85.28110166
2026-03-30 07:00:00+00:00,67265.5,67589.0,67201.0,67585.5,272.48411204
2026-03-30 08:00:00+00:00,67585.5,67887.5,67585.5,67631.0,449.24343382
2026-03-30 09:00:00+00:00,67631.0,67646.5,67410.0,67455.0,137.23431886
2026-03-30 10:00:00+00:00,67455.0,67468.5,67319.0,67433.0,75.73513004
2026-03-30 11:00:00+00:00,67437.0,67970.0,67435.5,67627.5,312.53066379
2026-03-30 12:00:00+00:00,67630.0,67932.0,67618.5,67856.5,175.30264808
2026-03-30 13:00:00+00:00,67857.0,68145.0,67406.0,67485.0,801.69280076
2026-03-30 14:00:00+00:00,67485.0,67832.0,67059.5,67777.5,773.4879139
2026-03-30 15:00:00+00:00,67770.5,67870.0,67378.5,67600.0,366.53636353
2026-03-30 16:00:00+00:00,67599.5,67600.0,67190.0,67340.0,153.89354741
2026-03-30 17:00:00+00:00,67341.0,67446.0,66626.5,66798.5,296.79457526
2026-03-30 18:00:00+00:00,66798.5,66886.5,66467.5,66625.0,204.40574234
2026-03-30 19:00:00+00:00,66625.5,66630.0,66214.0,66531.0,209.78186749
2026-03-30 20:00:00+00:00,66518.0,66668.5,66497.5,66613.5,87.65560267
2026-03-30 21:00:00+00:00,66613.5,66958.5,66560.0,66778.5,110.40177279
2026-03-30 22:00:00+00:00,66778.0,66964.0,66646.0,66743.5,109.76410778
2026-03-30 23:00:00+00:00,66743.5,66750.0,66379.5,66750.0,122.28974516
2026-03-31 00:00:00+00:00,66750.0,67268.0,66508.5,67163.0,218.46254776
2026-03-31 01:00:00+00:00,67164.0,68377.5,67019.0,67912.0,459.80259931
2026-03-31 02:00:00+00:00,67911.0,68071.5,67735.0,67930.0,107.32400751
2026-03-31 03:00:00+00:00,67930.0,67975.5,67613.5,67666.0,98.22587186
2026-03-31 04:00:00+00:00,67666.0,67838.0,67457.5,67507.5,167.49270892
2026-03-31 05:00:00+00:00,67507.5,67749.5,67345.5,67659.0,227.7029431
2026-03-31 06:00:00+00:00,67659.0,67675.5,67310.5,67472.0,193.70828014
2026-03-31 07:00:00+00:00,67471.5,67488.0,67073.5,67331.5,330.28672601
2026-03-31 08:00:00+00:00,67331.0,67466.0,66659.5,66745.5,348.60861288
2026-03-31 09:00:00+00:00,66744.5,66744.5,65954.0,66079.0,262.8051327
2026-03-31 10:00:00+00:00,66069.5,66471.0,66063.5,66328.5,265.08701241
2026-03-31 11:00:00+00:00,66328.5,66842.0,66206.0,66648.5,227.74571538
2026-03-31 12:00:00+00:00,66649.5,66906.0,66489.0,66625.0,174.38649213
2026-03-31 13:00:00+00:00,66620.0,67377.0,66620.0,67261.0,319.81584042
2026-03-31 14:00:00+00:00,67272.0,67729.5,66400.0,66563.5,493.69203192
2026-03-31 15:00:00+00:00,66553.5,67250.0,66553.5,66676.0,263.09850009
2026-03-31 16:00:00+00:00,66696.5,67981.0,66696.5,67629.0,492.79561876
2026-03-31 17:00:00+00:00,67629.0,68561.0,67365.0,67489.5,457.33485547
2026-03-31 18:00:00+00:00,67489.0,67909.0,67489.0,67819.0,126.47898406
2026-03-31 19:00:00+00:00,67818.5,67997.5,67681.0,67797.5,96.69654839
2026-03-31 20:00:00+00:00,67803.0,68231.0,67802.0,68230.5,189.00050925
2026-03-31 21:00:00+00:00,68230.5,68377.0,67848.5,68245.5,116.40197589
2026-03-31 22:00:00+00:00,68245.5,68311.0,67940.0,68143.0,92.90691419
2026-03-31 23:00:00+00:00,68150.0,68335.0,68064.0,68245.5,41.33896468
2026-04-01 00:00:00+00:00,68243.5,68308.5,67823.0,68284.0,92.27082362
2026-04-01 01:00:00+00:00,68295.5,68329.0,67729.0,67748.5,117.16128463
2026-04-01 02:00:00+00:00,67748.5,67870.0,67553.0,67635.0,203.16226465
2026-04-01 03:00:00+00:00,67635.0,68217.0,67635.0,68141.5,229.34164807
2026-04-01 04:00:00+00:00,68141.5,68434.0,67980.5,68272.0,188.4961363
2026-04-01 05:00:00+00:00,68272.0,68769.0,68129.0,68441.0,466.18786074
2026-04-01 06:00:00+00:00,68441.0,69233.5,68441.0,69076.0,376.97145284
2026-04-01 07:00:00+00:00,69076.5,69282.5,68650.0,68671.0,297.44836383
2026-04-01 08:00:00+00:00,68671.0,68833.5,68435.0,68646.0,164.87527833
2026-04-01 09:00:00+00:00,68646.0,68717.5,68377.5,68628.0,63.55861837
2026-04-01 10:00:00+00:00,68628.0,68634.0,68400.5,68564.0,102.60688298
2026-04-01 11:00:00+00:00,68564.0,68725.0,68498.5,68693.5,69.15147583
2026-04-01 12:00:00+00:00,68693.5,68769.5,68231.0,68368.0,374.33758522
2026-04-01 13:00:00+00:00,68376.0,68658.0,67903.0,68078.5,325.17208353
2026-04-01 14:00:00+00:00,68094.5,68660.0,68046.0,68579.0,160.15544522
2026-04-01 15:00:00+00:00,68579.0,68949.5,68413.0,68914.5,265.11471009
2026-04-01 16:00:00+00:00,68917.5,68990.0,68610.0,68810.0,160.4521213
2026-04-01 17:00:00+00:00,68810.0,69159.0,68251.5,68264.5,382.97233965
2026-04-01 18:00:00+00:00,68265.0,68314.0,67948.5,68074.5,299.69124747
2026-04-01 19:00:00+00:00,68079.5,68290.5,68028.5,68165.5,72.78754491
2026-04-01 20:00:00+00:00,68169.0,68244.5,67968.5,68182.0,71.48374434
2026-04-01 21:00:00+00:00,68182.5,68528.0,68171.0,68372.5,316.34722232
2026-04-01 22:00:00+00:00,68372.5,68372.5,68080.0,68125.0,101.66521444
2026-04-01 23:00:00+00:00,68125.5,68256.5,68004.0,68120.0,51.54370598
2026-04-02 00:00:00+00:00,68124.0,68650.0,68063.5,68597.5,134.57568474
2026-04-02 01:00:00+00:00,68597.5,68597.5,67031.5,67345.5,1027.92957831
2026-04-02 02:00:00+00:00,67345.5,67345.5,66625.0,66848.5,331.7090397
2026-04-02 03:00:00+00:00,66849.0,66949.0,66456.5,66562.5,471.44630211
2026-04-02 04:00:00+00:00,66563.0,66627.0,66215.0,66329.5,389.38032021
2026-04-02 05:00:00+00:00,66329.0,66636.5,66307.5,66594.0,275.98632392
2026-04-02 06:00:00+00:00,66592.0,66811.0,66550.0,66674.5,132.99259331
2026-04-02 07:00:00+00:00,66675.0,66915.0,66554.0,66910.5,191.81172751
2026-04-02 08:00:00+00:00,66910.5,66910.5,66390.0,66427.0,281.38376076
2026-04-02 09:00:00+00:00,66426.5,66499.5,66283.5,66456.0,297.89103918
2026-04-02 10:00:00+00:00,66455.5,66482.5,66215.5,66439.0,226.35442231
2026-04-02 11:00:00+00:00,66443.0,66466.5,66132.0,66199.5,141.33202416
2026-04-02 12:00:00+00:00,66199.5,66250.5,65940.0,66017.0,397.13750119
2026-04-02 13:00:00+00:00,66017.0,66253.5,65693.5,66246.0,354.34263807
2026-04-02 14:00:00+00:00,66246.0,67100.0,66153.0,66859.0,565.74460896
2026-04-02 15:00:00+00:00,66858.0,66975.5,66620.0,66829.0,188.50972091
2026-04-02 16:00:00+00:00,66830.0,67278.0,66758.5,67086.5,208.27178297
2026-04-02 17:00:00+00:00,67084.0,67426.5,66667.0,66680.0,236.78810397
2026-04-02 18:00:00+00:00,66679.5,67055.5,66598.5,66968.0,166.32466412
2026-04-02 19:00:00+00:00,66968.0,67093.0,66874.0,66964.0,119.78591537
2026-04-02 20:00:00+00:00,66963.5,67100.0,66790.0,66945.0,77.02856262
2026-04-02 21:00:00+00:00,66945.0,67010.5,66735.0,66933.0,81.33876704
2026-04-02 22:00:00+00:00,66932.5,67044.5,66841.0,66987.0,53.85559871
2026-04-02 23:00:00+00:00,66987.5,67090.0,66864.0,66899.0,57.3433341
2026-04-03 00:00:00+00:00,66899.0,67002.0,66708.5,66782.5,85.23203366
2026-04-03 01:00:00+00:00,66786.0,66904.0,66498.0,66628.5,149.51140195
2026-04-03 02:00:00+00:00,66628.5,66752.5,66295.5,66539.5,202.70366719
2026-04-03 03:00:00+00:00,66539.5,66722.5,66498.5,66592.5,193.03922093
2026-04-03 04:00:00+00:00,66590.0,66694.5,66512.0,66616.5,147.39673224
2026-04-03 05:00:00+00:00,66616.5,66810.0,66427.5,66616.5,87.24405716
2026-04-03 06:00:00+00:00,66616.0,66815.0,66574.5,66813.5,109.40501779
2026-04-03 07:00:00+00:00,66813.5,67266.0,66784.0,67040.5,417.71475053
2026-04-03 08:00:00+00:00,67040.5,67279.5,66913.0,66970.5,368.78034446
2026-04-03 09:00:00+00:00,66970.5,67002.0,66750.5,66846.0,154.49450614
2026-04-03 10:00:00+00:00,66846.0,66888.5,66681.0,66880.0,150.60969339
2026-04-03 11:00:00+00:00,66879.0,67049.5,66819.5,67001.0,99.08096315
2026-04-03 12:00:00+00:00,67001.0,67376.5,66634.5,66722.5,322.6401702
2026-04-03 13:00:00+00:00,66723.0,66732.0,66500.0,66676.0,514.15226502
2026-04-03 14:00:00+00:00,66676.0,66985.5,66626.5,66934.0,199.95781629
2026-04-03 15:00:00+00:00,66934.0,67027.0,66821.0,66843.0,155.97988727
2026-04-03 16:00:00+00:00,66840.0,67071.0,66830.5,67022.0,166.84023172
2026-04-03 17:00:00+00:00,67021.5,67075.0,66772.0,66853.0,220.74515902
2026-04-03 18:00:00+00:00,66848.0,66929.5,66786.5,66817.5,77.32634783
2026-04-03 19:00:00+00:00,66817.5,66951.5,66780.5,66882.0,110.52812955
2026-04-03 20:00:00+00:00,66883.5,66921.5,66842.5,66842.5,94.39776615
2026-04-03 21:00:00+00:00,66842.5,66985.5,66831.5,66973.5,177.45517937
2026-04-03 22:00:00+00:00,66969.5,66978.0,66858.0,66909.0,168.73257371
2026-04-03 23:00:00+00:00,66907.5,66965.0,66842.0,66965.0,104.12709322
2026-04-04 00:00:00+00:00,66967.0,66969.0,66890.0,66900.0,107.29160403
2026-04-04 01:00:00+00:00,66900.5,66930.0,66840.0,66860.0,130.84579815
2026-04-04 02:00:00+00:00,66860.0,66924.0,66830.5,66853.5,89.07959693
2026-04-04 03:00:00+00:00,66853.5,66923.5,66842.5,66842.5,80.86794099
2026-04-04 04:00:00+00:00,66842.5,66907.5,66786.0,66878.5,90.23662404
2026-04-04 05:00:00+00:00,66874.5,66942.0,66858.0,66911.0,100.79664003
2026-04-04 06:00:00+00:00,66911.5,67053.5,66911.5,67032.5,94.54381577
2026-04-04 07:00:00+00:00,67027.5,67058.0,66950.0,67024.0,126.55293628
2026-04-04 08:00:00+00:00,67024.5,67068.0,66935.0,66954.5,128.3857366
2026-04-04 09:00:00+00:00,66954.5,67002.5,66928.5,66985.5,53.67417037
2026-04-04 10:00:00+00:00,66988.5,67177.0,66925.5,67173.0,108.34305747
2026-04-04 11:00:00+00:00,67172.5,67240.0,67099.0,67163.0,153.11736658
2026-04-04 12:00:00+00:00,67163.5,67184.0,67071.5,67111.5,31.46100917
2026-04-04 13:00:00+00:00,67109.5,67276.5,67095.0,67208.0,162.05025666
2026-04-04 14:00:00+00:00,67204.5,67222.0,67043.0,67216.5,54.61719907
2026-04-04 15:00:00+00:00,67216.0,67529.0,67197.0,67386.0,223.90580145
2026-04-04 16:00:00+00:00,67386.0,67555.0,67328.0,67364.0,168.74635046
2026-04-04 17:00:00+00:00,67364.5,67418.0,67298.0,67346.5,54.48537715
2026-04-04 18:00:00+00:00,67346.5,67378.5,67267.5,67295.5,61.94103427
2026-04-04 19:00:00+00:00,67295.0,67542.0,67273.5,67292.0,86.49255242
2026-04-04 20:00:00+00:00,67292.0,67292.5,67193.0,67264.5,96.97956024
2026-04-04 21:00:00+00:00,67264.5,67458.0,67209.5,67349.5,163.08622163
2026-04-04 22:00:00+00:00,67345.5,67439.5,67324.5,67381.0,220.94918428
2026-04-04 23:00:00+00:00,67381.5,67384.5,67251.5,67290.0,38.91010774
2026-04-05 00:00:00+00:00,67290.0,67299.0,67154.5,67208.0,30.39027181
2026-04-05 01:00:00+00:00,67208.0,67227.5,67077.5,67082.5,54.86554151
2026-04-05 02:00:00+00:00,67082.0,67159.5,66962.0,67158.0,85.46098436
2026-04-05 03:00:00+00:00,67158.0,67171.5,67078.5,67132.0,29.00279718
2026-04-05 04:00:00+00:00,67132.5,67180.5,67066.5,67088.0,22.13833096
2026-04-05 05:00:00+00:00,67088.5,67135.0,66893.5,66911.5,55.54910749
2026-04-05 06:00:00+00:00,66911.5,66934.0,66604.5,66792.5,177.71469975
2026-04-05 07:00:00+00:00,66792.5,66896.0,66710.5,66813.5,95.18119249
2026-04-05 08:00:00+00:00,66813.5,66924.5,66813.0,66924.5,92.73350877
2026-04-05 09:00:00+00:00,66924.5,67035.5,66900.0,67025.0,70.79849413
2026-04-05 10:00:00+00:00,67025.0,67148.0,66969.5,67051.0,43.48240412
2026-04-05 11:00:00+00:00,67051.0,67090.5,66978.0,66995.0,48.61217984
2026-04-05 12:00:00+00:00,66995.0,66999.5,66693.5,66783.5,277.47253647
2026-04-05 13:00:00+00:00,66783.5,66907.5,66700.0,66890.0,113.248573
2026-04-05 14:00:00+00:00,66889.5,66958.5,66815.5,66912.5,82.14663834
2026-04-05 15:00:00+00:00,66913.0,67826.0,66827.5,67301.0,337.45085425
2026-04-05 16:00:00+00:00,67301.5,67399.5,67174.5,67203.0,99.71059052
2026-04-05 17:00:00+00:00,67203.5,67419.5,67176.0,67368.5,101.87036541
2026-04-05 18:00:00+00:00,67368.5,67460.5,67274.5,67396.0,113.94351649
2026-04-05 19:00:00+00:00,67397.5,67554.5,67282.5,67359.0,125.67417248
2026-04-05 20:00:00+00:00,67359.0,67707.5,67335.5,67650.0,119.22335801
2026-04-05 21:00:00+00:00,67650.0,67679.5,67424.5,67542.5,100.99869776
2026-04-05 22:00:00+00:00,67543.0,68364.0,67345.5,68333.5,460.45407111
2026-04-05 23:00:00+00:00,68334.0,69145.5,68257.0,69028.5,796.69962533
2026-04-06 00:00:00+00:00,69030.5,69585.0,69030.5,69077.5,510.76656214
2026-04-06 01:00:00+00:00,69077.5,69126.0,68800.0,68800.5,174.12494212
2026-04-06 02:00:00+00:00,68805.5,69429.5,68782.5,69223.5,237.03327499
2026-04-06 03:00:00+00:00,69221.5,69258.0,69068.5,69119.0,83.98079791
2026-04-06 04:00:00+00:00,69119.5,69212.0,68981.5,69134.0,38.99339448
2026-04-06 05:00:00+00:00,69134.0,69238.5,69095.0,69193.5,32.23770426
2026-04-06 06:00:00+00:00,69193.5,69346.0,68811.0,68978.5,149.55546202
2026-04-06 07:00:00+00:00,68978.5,69215.5,68840.5,69113.0,257.09261889
2026-04-06 08:00:00+00:00,69113.0,69343.0,69091.0,69241.0,170.10693843
2026-04-06 09:00:00+00:00,69241.0,70293.0,69229.0,69736.5,548.8405328
2026-04-06 10:00:00+00:00,69740.0,69953.5,69713.5,69779.5,113.3069041
2026-04-06 11:00:00+00:00,69780.0,69780.0,69590.0,69632.0,206.56804028
2026-04-06 12:00:00+00:00,69632.0,69649.0,69352.0,69376.5,241.74848729
2026-04-06 13:00:00+00:00,69377.0,69557.0,69258.0,69442.0,152.27658212
2026-04-06 14:00:00+00:00,69446.0,69866.5,69194.5,69668.5,326.84344365
2026-04-06 15:00:00+00:00,69668.5,69986.0,69555.0,69972.0,164.85166831
2026-04-06 16:00:00+00:00,69977.0,70370.0,69813.5,69813.5,450.02411944
2026-04-06 17:00:00+00:00,69813.0,69832.0,69290.0,69585.5,235.75018136
2026-04-06 18:00:00+00:00,69585.5,69962.5,69484.5,69893.0,158.00211332
2026-04-06 19:00:00+00:00,69893.0,69899.5,69590.5,69746.5,118.27152398
2026-04-06 20:00:00+00:00,69746.0,69981.0,69616.5,69832.0,305.54267788
2026-04-06 21:00:00+00:00,69832.0,69832.0,69449.0,69514.0,162.25996017
2026-04-06 22:00:00+00:00,69513.5,69576.5,68818.0,68818.0,237.92555242
2026-04-06 23:00:00+00:00,68814.5,68912.5,68344.0,68857.5,418.28092592
2026-04-07 00:00:00+00:00,68854.0,69115.0,68729.0,68764.5,363.4112943
2026-04-07 01:00:00+00:00,68764.5,68893.0,68348.5,68395.5,233.15641041
2026-04-07 02:00:00+00:00,68395.5,68704.0,68271.0,68673.5,178.28179875
2026-04-07 03:00:00+00:00,68671.0,68802.5,68622.0,68781.5,301.45921696
2026-04-07 04:00:00+00:00,68785.5,68988.0,68545.0,68855.0,110.28466134
2026-04-07 05:00:00+00:00,68855.0,68865.0,68618.0,68668.0,59.79869297
2026-04-07 06:00:00+00:00,68665.5,68665.5,68447.5,68571.0,81.91885974
2026-04-07 07:00:00+00:00,68574.0,68701.0,68503.5,68615.0,150.20522108
2026-04-07 08:00:00+00:00,68615.0,68985.0,68598.0,68941.5,153.50710294
2026-04-07 09:00:00+00:00,68941.5,69240.0,68936.5,69145.0,205.44195415
2026-04-07 10:00:00+00:00,69145.5,69199.5,68211.0,68235.0,357.07233555
2026-04-07 11:00:00+00:00,68235.0,68450.0,68077.0,68348.0,167.09578192
2026-04-07 12:00:00+00:00,68348.0,68591.0,68091.5,68388.5,272.45292911
2026-04-07 13:00:00+00:00,68388.5,68620.0,68200.0,68236.5,272.54988948
2026-04-07 14:00:00+00:00,68237.0,68253.0,67738.5,67867.0,469.03491695
2026-04-07 15:00:00+00:00,67867.0,68256.5,67735.0,68169.0,316.54630189
2026-04-07 16:00:00+00:00,68168.5,68446.5,68085.5,68250.0,222.73940171
2026-04-07 17:00:00+00:00,68250.0,68990.5,68204.5,68704.5,223.30517969
2026-04-07 18:00:00+00:00,68704.5,68769.5,68354.5,68448.5,117.22450456
2026-04-07 19:00:00+00:00,68448.5,69092.0,68367.5,69022.0,247.35967664
2026-04-07 20:00:00+00:00,69022.0,69562.0,69022.0,69314.0,443.34325412
2026-04-07 21:00:00+00:00,69314.5,70222.0,69314.5,69912.0,580.38823256
2026-04-07 22:00:00+00:00,69912.5,71543.5,69912.5,71517.0,1035.98658529
2026-04-07 23:00:00+00:00,71519.5,72782.0,71212.0,71950.5,1201.34640192
2026-04-08 00:00:00+00:00,71951.0,72131.5,71577.0,71732.0,417.30295902
2026-04-08 01:00:00+00:00,71733.5,71775.5,71481.0,71500.0,177.62507145
2026-04-08 02:00:00+00:00,71500.0,71770.0,71263.5,71379.5,325.50721571
2026-04-08 03:00:00+00:00,71379.5,71499.5,71300.0,71311.5,132.74678634
2026-04-08 04:00:00+00:00,71312.0,71697.0,71305.0,71582.0,157.3269486
2026-04-08 05:00:00+00:00,71582.5,71844.5,71566.0,71740.0,120.35484039
2026-04-08 06:00:00+00:00,71739.5,71955.0,71596.5,71741.0,160.18340829
2026-04-08 07:00:00+00:00,71741.0,71918.5,71613.5,71655.5,428.73754055
2026-04-08 08:00:00+00:00,71655.5,71837.5,71655.5,71813.5,309.19245698
2026-04-08 09:00:00+00:00,71817.0,71969.5,71600.0,71707.5,115.30608437
2026-04-08 10:00:00+00:00,71707.5,71801.5,71476.0,71497.0,86.92067832
2026-04-08 11:00:00+00:00,71497.0,71741.5,71438.0,71695.5,84.17277477
2026-04-08 12:00:00+00:00,71695.5,72184.5,71600.5,72084.5,260.00785735
2026-04-08 13:00:00+00:00,72084.5,72870.5,71519.0,71611.0,825.93555062
2026-04-08 14:00:00+00:00,71611.0,71755.0,70725.0,70912.0,468.22728879
2026-04-08 15:00:00+00:00,70917.0,71355.5,70850.0,71316.0,147.26758779
2026-04-08 16:00:00+00:00,71315.5,71700.0,71270.0,71616.0,377.35525541
2026-04-08 17:00:00+00:00,71615.5,71972.0,71515.0,71905.5,379.58626223
2026-04-08 18:00:00+00:00,71905.5,71905.5,71080.0,71100.5,289.74006491
2026-04-08 19:00:00+00:00,71100.5,71376.5,71037.0,71338.5,118.49343726
2026-04-08 20:00:00+00:00,71335.5,71487.5,71283.5,71375.5,117.59522925
2026-04-08 21:00:00+00:00,71375.5,71749.5,71338.5,71557.5,93.06984298
2026-04-08 22:00:00+00:00,71558.0,71572.5,71075.0,71075.0,102.99334862
2026-04-08 23:00:00+00:00,71075.0,71213.0,70911.5,71080.5,97.17576589
2026-04-09 00:00:00+00:00,71077.5,71138.0,70640.0,70820.0,399.76990853
2026-04-09 01:00:00+00:00,70815.5,70956.5,70455.0,70937.0,136.44139796
2026-04-09 02:00:00+00:00,70937.0,71203.0,70828.0,71069.0,57.98763349
2026-04-09 03:00:00+00:00,71068.5,71128.5,70864.0,71013.5,52.09524653
2026-04-09 04:00:00+00:00,71013.5,71022.5,70762.5,70791.5,60.64978691
2026-04-09 05:00:00+00:00,70793.5,71100.0,70706.5,70997.0,60.22591439
2026-04-09 06:00:00+00:00,70997.5,71095.0,70831.5,71043.5,44.53635937
2026-04-09 07:00:00+00:00,71045.0,71131.0,70952.5,70964.5,237.36025889
2026-04-09 08:00:00+00:00,70964.0,71376.0,70869.0,71258.5,284.09745633
2026-04-09 09:00:00+00:00,71257.5,71577.0,71111.0,71534.5,204.1681641
2026-04-09 10:00:00+00:00,71534.5,71537.0,71291.0,71291.5,74.38683158
2026-04-09 11:00:00+00:00,71291.0,71369.5,71061.0,71158.0,177.15804239
2026-04-09 12:00:00+00:00,71157.5,71328.0,71045.0,71296.5,134.97323633
2026-04-09 13:00:00+00:00,71296.5,71359.5,70637.5,70811.0,335.71132682
2026-04-09 14:00:00+00:00,70811.0,71243.5,70522.5,71129.0,217.0329358
2026-04-09 15:00:00+00:00,71129.0,72369.5,70935.5,72151.0,869.53215565
2026-04-09 16:00:00+00:00,72151.0,72408.0,71743.5,72089.5,472.5786163
2026-04-09 17:00:00+00:00,72089.5,72568.0,72082.0,72354.0,390.29108206
2026-04-09 18:00:00+00:00,72355.5,72380.5,71761.0,71905.0,326.51885149
2026-04-09 19:00:00+00:00,71904.5,72306.5,71760.5,72118.5,259.96489387
2026-04-09 20:00:00+00:00,72118.0,72476.5,72006.5,72435.5,170.76852438
2026-04-09 21:00:00+00:00,72435.0,72720.0,72168.0,72278.5,252.43618852
2026-04-09 22:00:00+00:00,72279.0,73183.0,71965.0,71965.0,442.78777232
2026-04-09 23:00:00+00:00,71963.5,72042.5,71604.5,71803.5,447.928626
2026-04-10 00:00:00+00:00,71802.5,72044.5,71600.5,71976.5,278.40976112
2026-04-10 01:00:00+00:00,71981.0,72403.0,71692.0,72177.5,374.6080927
2026-04-10 02:00:00+00:00,72178.0,72314.5,71944.0,71978.0,537.56506461
2026-04-10 03:00:00+00:00,71978.5,72035.0,71833.5,71890.5,201.96111651
2026-04-10 04:00:00+00:00,71891.0,72233.5,71844.0,72143.0,208.18058041
2026-04-10 05:00:00+00:00,72143.0,72294.5,72037.5,72148.5,172.92099135
2026-04-10 06:00:00+00:00,72152.5,72206.5,71815.5,71830.0,246.60517302
2026-04-10 07:00:00+00:00,71830.0,71846.0,71443.5,71480.5,680.91860372
2026-04-10 08:00:00+00:00,71480.5,71790.5,71438.5,71649.0,755.37376169
2026-04-10 09:00:00+00:00,71649.0,71906.5,71632.5,71816.5,125.23134772
2026-04-10 10:00:00+00:00,71816.0,71946.0,71740.0,71931.5,75.99295898
2026-04-10 11:00:00+00:00,71928.5,72279.0,71928.0,72152.5,136.95787074
2026-04-10 12:00:00+00:00,72153.0,72500.0,72026.0,72271.5,212.95783135
2026-04-10 13:00:00+00:00,72272.0,72419.5,71922.0,72340.5,144.66077107
2026-04-10 14:00:00+00:00,72335.5,73189.5,72268.0,72949.0,571.83992265
2026-04-10 15:00:00+00:00,72946.5,73315.0,72376.5,72478.0,293.04859949
2026-04-10 16:00:00+00:00,72478.5,73091.5,72413.5,73018.0,192.16170957
2026-04-10 17:00:00+00:00,73017.5,73166.5,72829.0,73150.0,87.05981289
2026-04-10 18:00:00+00:00,73150.0,73185.5,72909.5,73131.0,85.96159465
2026-04-10 19:00:00+00:00,73131.0,73291.5,72930.5,73277.5,101.76639467
2026-04-10 20:00:00+00:00,73277.0,73467.0,73083.5,73390.0,169.18033021
2026-04-10 21:00:00+00:00,73390.0,73390.0,72978.5,73221.5,86.96521536
2026-04-10 22:00:00+00:00,73221.5,73274.0,72801.5,72900.0,90.69473167
2026-04-10 23:00:00+00:00,72899.5,72990.0,72817.0,72990.0,126.35885806
2026-04-11 00:00:00+00:00,72990.0,72990.0,72831.5,72864.0,131.61168534
2026-04-11 01:00:00+00:00,72864.0,73039.0,72700.5,72993.5,54.28243819
2026-04-11 02:00:00+00:00,72995.0,73127.5,72945.0,73010.0,94.79572932
2026-04-11 03:00:00+00:00,73009.5,73109.5,72868.5,72904.5,74.96153334
2026-04-11 04:00:00+00:00,72904.5,72993.5,72716.5,72839.5,148.67989803
2026-04-11 05:00:00+00:00,72839.0,72862.5,72700.0,72746.0,70.80632667
2026-04-11 06:00:00+00:00,72746.0,72794.0,72640.0,72780.5,71.9430543
2026-04-11 07:00:00+00:00,72782.5,72856.0,72700.0,72784.5,518.82736249
2026-04-11 08:00:00+00:00,72787.0,72842.5,72675.0,72702.5,227.49094197
2026-04-11 09:00:00+00:00,72702.0,72948.5,72659.5,72948.5,78.91373294
2026-04-11 10:00:00+00:00,72948.5,72948.5,72801.5,72877.0,52.28501643
2026-04-11 11:00:00+00:00,72876.5,72945.0,72865.0,72945.0,21.43529255
2026-04-11 12:00:00+00:00,72945.0,73044.5,72858.0,72971.0,84.61929347
2026-04-11 13:00:00+00:00,72971.0,72971.5,72553.5,72691.5,211.54643658
2026-04-11 14:00:00+00:00,72691.5,72800.0,72637.0,72734.0,55.43960679
2026-04-11 15:00:00+00:00,72734.0,72939.0,72705.0,72893.5,92.41492419
2026-04-11 16:00:00+00:00,72893.5,73252.5,72852.5,73068.0,113.33399932
2026-04-11 17:00:00+00:00,73067.0,73210.5,72981.5,73117.0,58.94911468
2026-04-11 18:00:00+00:00,73120.5,73764.0,73076.5,73588.5,263.80253801
2026-04-11 19:00:00+00:00,73592.0,73839.5,73516.0,73718.5,346.92846323
2026-04-11 20:00:00+00:00,73719.0,73734.5,73277.5,73352.0,94.61755438
2026-04-11 21:00:00+00:00,73352.5,73585.0,73253.0,73485.0,70.92273173
2026-04-11 22:00:00+00:00,73485.0,73630.5,73292.5,73424.5,126.3541233
2026-04-11 23:00:00+00:00,73424.5,73424.5,72963.0,73092.5,125.19402602
2026-04-12 00:00:00+00:00,73092.5,73163.0,72934.0,73126.0,84.21929755
2026-04-12 01:00:00+00:00,73129.0,73185.0,71356.0,71680.5,579.45573468
2026-04-12 02:00:00+00:00,71686.5,72001.0,71383.0,71784.5,591.7719016
2026-04-12 03:00:00+00:00,71784.5,71886.5,71626.5,71629.0,101.16535211
2026-04-12 04:00:00+00:00,71629.0,71701.0,71470.0,71500.5,187.62696373
2026-04-12 05:00:00+00:00,71500.0,71812.0,71443.5,71734.0,79.99739139
2026-04-12 06:00:00+00:00,71733.5,71781.5,71666.5,71681.5,344.22309451
2026-04-12 07:00:00+00:00,71681.0,71772.5,71617.5,71690.5,81.34886913
2026-04-12 08:00:00+00:00,71690.5,71795.0,71563.5,71652.0,91.79781567
2026-04-12 09:00:00+00:00,71652.5,71652.5,71535.5,71553.5,45.171276
2026-04-12 10:00:00+00:00,71554.0,71700.0,71379.5,71473.5,108.32275312
2026-04-12 11:00:00+00:00,71473.5,71554.5,71441.5,71500.0,63.34332563
2026-04-12 12:00:00+00:00,71496.0,71533.0,71041.5,71110.5,229.69988211
2026-04-12 13:00:00+00:00,71105.5,71165.0,70890.5,70909.0,393.90074252
2026-04-12 14:00:00+00:00,70909.5,71126.5,70720.0,70772.0,196.17163222
2026-04-12 15:00:00+00:00,70772.0,70966.0,70634.0,70911.5,122.11897562
2026-04-12 16:00:00+00:00,70911.5,70975.0,70850.0,70955.0,49.46922317
2026-04-12 17:00:00+00:00,70955.5,71230.5,70924.0,71154.5,93.70428066
2026-04-12 18:00:00+00:00,71157.5,71235.0,71078.0,71158.0,70.32234438
2026-04-12 19:00:00+00:00,71158.0,71246.5,71103.0,71104.0,58.43875898
2026-04-12 20:00:00+00:00,71104.5,71452.5,70978.5,71362.0,133.27266814
2026-04-12 21:00:00+00:00,71362.0,71465.5,71186.0,71365.0,76.31743476
2026-04-12 22:00:00+00:00,71374.5,71374.5,70511.0,70916.0,471.10733398
2026-04-12 23:00:00+00:00,70916.0,70916.0,70575.0,70731.5,326.0343104
2026-04-13 00:00:00+00:00,70731.5,71252.0,70602.5,71180.5,232.15711298
2026-04-13 01:00:00+00:00,71180.5,71235.0,71042.5,71216.5,73.67388626
2026-04-13 02:00:00+00:00,71216.0,71278.0,71000.0,71089.5,87.74784691
2026-04-13 03:00:00+00:00,71090.0,71164.5,70927.0,70996.0,51.88993908
2026-04-13 04:00:00+00:00,70993.0,71153.5,70866.5,70901.0,68.35252671
2026-04-13 05:00:00+00:00,70901.0,70929.5,70682.5,70882.0,91.80544442
2026-04-13 06:00:00+00:00,70882.0,71109.5,70882.0,71036.5,44.09423566
2026-04-13 07:00:00+00:00,71037.0,71072.0,70689.0,70824.0,183.92527066
2026-04-13 08:00:00+00:00,70823.5,70867.5,70564.0,70703.0,239.21455552
2026-04-13 09:00:00+00:00,70703.0,70912.5,70700.0,70809.5,70.61103447
2026-04-13 10:00:00+00:00,70809.5,70860.5,70703.0,70754.0,111.52479475
2026-04-13 11:00:00+00:00,70755.5,71000.0,70755.5,70947.5,152.43007468
2026-04-13 12:00:00+00:00,70948.0,71242.5,70779.5,71099.0,152.14254068
2026-04-13 13:00:00+00:00,71100.5,71710.0,70823.5,71675.0,624.06569256
2026-04-13 14:00:00+00:00,71675.0,72417.0,71411.0,72417.0,781.34287675
2026-04-13 15:00:00+00:00,72416.5,72495.0,71665.0,71884.5,411.3312006
2026-04-13 16:00:00+00:00,71883.5,72455.5,71696.0,72218.0,1160.62233461
2026-04-13 17:00:00+00:00,72217.5,72616.0,72088.0,72160.5,368.03125797
2026-04-13 18:00:00+00:00,72161.0,72480.5,72075.0,72448.5,156.3305038
2026-04-13 19:00:00+00:00,72448.0,73556.0,72330.5,73356.5,606.5934581
2026-04-13 20:00:00+00:00,73353.0,73411.0,73038.5,73186.5,370.19875734
2026-04-13 21:00:00+00:00,73186.5,73451.0,73113.5,73220.0,336.38174746
2026-04-13 22:00:00+00:00,73220.0,74773.0,73204.0,74652.5,1643.4204464
2026-04-13 23:00:00+00:00,74655.5,74923.0,74420.0,74455.0,1344.2628278
2026-04-14 00:00:00+00:00,74454.5,74559.5,74152.5,74195.5,366.7536555
2026-04-14 01:00:00+00:00,74195.0,74473.5,74028.5,74428.0,160.2864245
2026-04-14 02:00:00+00:00,74425.5,74620.0,74331.5,74379.0,114.78724432
2026-04-14 03:00:00+00:00,74378.5,74529.5,74300.0,74489.0,66.2411067
2026-04-14 04:00:00+00:00,74489.0,74544.0,74401.0,74434.0,51.04416512
2026-04-14 05:00:00+00:00,74434.0,74472.5,74210.5,74250.0,95.49615264
2026-04-14 06:00:00+00:00,74252.0,74582.5,74252.0,74572.0,53.26949045
2026-04-14 07:00:00+00:00,74571.0,74953.5,74481.0,74623.0,530.29825587
2026-04-14 08:00:00+00:00,74623.0,74970.0,74526.5,74820.0,347.72405325
2026-04-14 09:00:00+00:00,74806.0,74879.5,74496.0,74547.0,158.05488017
2026-04-14 10:00:00+00:00,74547.0,74653.5,74393.5,74394.5,520.76826924
2026-04-14 11:00:00+00:00,74393.5,74492.0,74354.5,74422.0,97.082286
2026-04-14 12:00:00+00:00,74419.0,74516.5,74313.5,74482.5,536.22895479
2026-04-14 13:00:00+00:00,74482.5,75577.5,74454.0,75577.5,1229.66745919
2026-04-14 14:00:00+00:00,75577.0,76080.5,75063.5,75063.5,1165.34165289
2026-04-14 15:00:00+00:00,75063.0,75467.0,74617.5,75345.0,610.46399907
2026-04-14 16:00:00+00:00,75348.0,75709.5,74547.5,74673.5,303.64323729
2026-04-14 17:00:00+00:00,74673.5,74971.0,74279.0,74768.5,297.03464579
2026-04-14 18:00:00+00:00,74768.5,74824.0,73855.0,74121.5,366.0880641
2026-04-14 19:00:00+00:00,74121.5,74414.0,73913.5,74240.0,342.32375649
2026-04-14 20:00:00+00:00,74244.5,74456.5,74033.0,74112.5,185.61762804
2026-04-14 21:00:00+00:00,74114.0,74328.0,73968.0,74298.0,109.97664538
2026-04-14 22:00:00+00:00,74298.0,74430.5,73857.0,74064.5,309.42988343
2026-04-14 23:00:00+00:00,74064.5,74263.5,74048.5,74192.0,143.87476954
2026-04-15 00:00:00+00:00,74192.0,74700.0,74166.0,74598.0,408.59715622
2026-04-15 01:00:00+00:00,74595.5,74793.0,74525.5,74636.0,90.46032306
2026-04-15 02:00:00+00:00,74634.5,74719.0,74215.5,74354.0,79.66007546
2026-04-15 03:00:00+00:00,74353.5,74398.5,74202.5,74367.5,200.13017804
2026-04-15 04:00:00+00:00,74367.5,74458.0,74289.0,74361.5,150.43922915
2026-04-15 05:00:00+00:00,74365.5,74455.0,73910.5,74060.0,215.62314342
2026-04-15 06:00:00+00:00,74055.5,74070.5,73900.5,73932.0,88.12670288
2026-04-15 07:00:00+00:00,73932.5,74043.0,73565.0,73765.5,452.30817533
2026-04-15 08:00:00+00:00,73765.5,74207.5,73709.5,74144.0,130.44182473
2026-04-15 09:00:00+00:00,74144.5,74207.0,73942.0,74038.5,69.77408546
2026-04-15 10:00:00+00:00,74038.5,74270.0,73828.0,73883.5,145.906623
2026-04-15 11:00:00+00:00,73884.0,74280.0,73884.0,74230.0,145.51340366
2026-04-15 12:00:00+00:00,74229.5,74501.0,74081.0,74302.5,139.31296941
2026-04-15 13:00:00+00:00,74300.0,74460.5,73816.5,74060.0,694.01081371
2026-04-15 14:00:00+00:00,74060.5,74524.0,73835.0,74149.0,252.53599825
2026-04-15 15:00:00+00:00,74149.5,74308.0,73607.5,73854.5,328.720228
2026-04-15 16:00:00+00:00,73854.0,74186.5,73779.5,73951.5,132.00243969
2026-04-15 17:00:00+00:00,73951.5,74244.5,73930.5,74148.0,143.97684065
2026-04-15 18:00:00+00:00,74150.0,74449.0,74093.5,74425.0,204.86009953
2026-04-15 19:00:00+00:00,74425.0,75327.5,74388.5,75032.0,547.46917311
2026-04-15 20:00:00+00:00,75034.5,75067.0,74540.5,74867.0,181.78687047
2026-04-15 21:00:00+00:00,74867.0,74884.0,74569.5,74769.5,49.16682945
2026-04-15 22:00:00+00:00,74769.0,75446.5,74769.0,74978.5,158.49657311
2026-04-15 23:00:00+00:00,74978.5,74978.5,74646.0,74826.0,75.74612312
2026-04-16 00:00:00+00:00,74827.0,74891.5,74471.5,74834.0,98.31631642
2026-04-16 01:00:00+00:00,74833.5,74833.5,74488.5,74668.5,67.97056464
2026-04-16 02:00:00+00:00,74674.0,75319.5,74624.5,74918.0,421.17415164
2026-04-16 03:00:00+00:00,74918.0,75192.0,74872.0,74916.0,84.41113403
2026-04-16 04:00:00+00:00,74916.5,75199.5,74756.0,74976.5,87.7519921
2026-04-16 05:00:00+00:00,74976.5,75173.0,74926.0,75066.0,51.48029643
2026-04-16 06:00:00+00:00,75066.5,75141.5,74885.5,75053.0,68.74595146
2026-04-16 07:00:00+00:00,75053.5,75116.5,74676.0,74743.5,205.66905037
2026-04-16 08:00:00+00:00,74743.0,74778.5,74545.0,74699.0,277.47120069
2026-04-16 09:00:00+00:00,74705.5,74923.0,74624.5,74630.5,93.92903287
2026-04-16 10:00:00+00:00,74630.5,74680.5,74304.5,74339.0,134.34364114
2026-04-16 11:00:00+00:00,74339.0,74602.5,74317.0,74602.5,165.62263786
2026-04-16 12:00:00+00:00,74602.0,74881.5,74602.0,74656.0,82.82591106
2026-04-16 13:00:00+00:00,74656.5,75044.5,73345.0,73815.0,807.66574936
2026-04-16 14:00:00+00:00,73817.0,74235.0,73445.5,74002.0,513.70353516
2026-04-16 15:00:00+00:00,74000.5,74900.0,73967.5,74738.5,431.5951246
2026-04-16 16:00:00+00:00,74734.5,75001.5,74101.0,74207.0,591.46787654
2026-04-16 17:00:00+00:00,74207.0,74479.0,73924.0,74370.0,196.70748274
2026-04-16 18:00:00+00:00,74370.5,75140.5,74271.5,75080.5,217.3348883
2026-04-16 19:00:00+00:00,75080.5,75450.0,74785.0,75389.0,244.9883616
2026-04-16 20:00:00+00:00,75388.0,75554.5,75015.0,75241.5,482.93339484
2026-04-16 21:00:00+00:00,75241.5,75293.0,74813.0,74948.5,368.88695112
2026-04-16 22:00:00+00:00,74948.5,75132.0,74839.5,74883.0,87.15283254
2026-04-16 23:00:00+00:00,74883.0,75196.5,74852.5,75172.0,72.380413
2026-04-17 00:00:00+00:00,75171.5,75175.0,74912.5,74966.0,116.86965154
2026-04-17 01:00:00+00:00,74962.5,75052.5,74588.5,74772.5,162.62850479
2026-04-17 02:00:00+00:00,74772.0,74816.5,74557.5,74729.5,180.25510425
2026-04-17 03:00:00+00:00,74729.5,74853.5,74623.5,74623.5,158.8862286
2026-04-17 04:00:00+00:00,74623.5,74864.5,74605.5,74797.5,156.13175862
2026-04-17 05:00:00+00:00,74798.0,74819.0,74575.0,74660.5,87.61283158
2026-04-17 06:00:00+00:00,74660.0,74958.0,74611.0,74950.0,174.51590419
2026-04-17 07:00:00+00:00,74951.0,75119.5,74950.5,75069.5,971.15964261
2026-04-17 08:00:00+00:00,75069.0,75887.0,75003.5,75774.5,576.05859732
2026-04-17 09:00:00+00:00,75776.0,76373.0,75535.0,75795.5,875.60749709
2026-04-17 10:00:00+00:00,75795.0,75897.5,75110.0,75295.5,428.21904231
2026-04-17 11:00:00+00:00,75291.5,75600.0,75255.0,75598.5,191.55587661
2026-04-17 12:00:00+00:00,75596.5,76291.0,75540.0,76265.5,442.66038297
2026-04-17 13:00:00+00:00,76266.0,77474.0,76089.0,77366.0,1496.52350153
2026-04-17 14:00:00+00:00,77371.0,78083.5,77041.0,77915.5,1605.96011879
2026-04-17 15:00:00+00:00,77916.0,77999.5,77441.5,77780.0,750.77878138
2026-04-17 16:00:00+00:00,77780.0,78360.0,77729.5,77897.5,793.95603452
2026-04-17 17:00:00+00:00,77897.5,77947.5,77138.5,77550.5,542.70789217
2026-04-17 18:00:00+00:00,77550.5,77599.0,77125.0,77185.5,271.44237599
2026-04-17 19:00:00+00:00,77185.5,77500.0,77048.5,77429.0,266.28754632
2026-04-17 20:00:00+00:00,77429.5,77635.5,77175.0,77360.5,177.58949059
2026-04-17 21:00:00+00:00,77359.0,77518.0,77300.0,77469.0,115.6463436
2026-04-17 22:00:00+00:00,77468.0,77531.5,77289.0,77321.0,104.83190958
2026-04-17 23:00:00+00:00,77317.0,77317.0,76923.0,77085.5,159.05963828
2026-04-18 00:00:00+00:00,77084.0,77262.5,76996.5,77173.5,108.24844061
2026-04-18 01:00:00+00:00,77174.0,77349.5,77126.5,77223.5,89.47438987
2026-04-18 02:00:00+00:00,77224.0,77423.0,77136.5,77300.5,45.81079419
2026-04-18 03:00:00+00:00,77301.0,77305.5,76982.0,77014.0,59.18575894
2026-04-18 04:00:00+00:00,77016.0,77169.5,76914.0,77137.0,73.07996158
2026-04-18 05:00:00+00:00,77134.5,77281.0,77134.5,77150.0,42.71962524
2026-04-18 06:00:00+00:00,77150.0,77235.0,77080.5,77148.5,49.0869141
2026-04-18 07:00:00+00:00,77147.5,77149.0,76936.0,77048.0,627.61269333
2026-04-18 08:00:00+00:00,77050.5,77085.5,76547.5,76764.5,299.88891308
2026-04-18 09:00:00+00:00,76764.5,76764.5,76454.0,76632.5,150.69129566
2026-04-18 10:00:00+00:00,76633.0,76633.0,76184.0,76229.0,182.23689543
2026-04-18 11:00:00+00:00,76229.0,76229.0,75800.0,76067.0,657.58911782
2026-04-18 12:00:00+00:00,76066.5,76319.0,76066.0,76229.0,278.14426957
2026-04-18 13:00:00+00:00,76229.0,76240.0,75821.0,76155.5,169.41370782
2026-04-18 14:00:00+00:00,76155.5,76326.0,76007.5,76267.5,70.09169204
2026-04-18 15:00:00+00:00,76267.5,76387.0,76035.0,76184.0,76.4138719
2026-04-18 16:00:00+00:00,76184.5,76239.5,75681.0,75966.5,166.44073807
2026-04-18 17:00:00+00:00,75966.5,75979.0,75814.0,75851.0,66.68605236
2026-04-18 18:00:00+00:00,75851.0,75860.5,75404.5,75678.0,189.97405613
2026-04-18 19:00:00+00:00,75678.0,75817.5,75586.5,75677.5,142.66771885
2026-04-18 20:00:00+00:00,75677.5,75849.0,75622.0,75770.0,62.77744385
2026-04-18 21:00:00+00:00,75770.0,75848.5,75617.0,75836.5,48.62949721
2026-04-18 22:00:00+00:00,75836.0,75895.0,75612.0,75835.0,44.88000803
2026-04-18 23:00:00+00:00,75835.5,75907.5,75722.5,75722.5,17.03441586
2026-04-19 00:00:00+00:00,75723.0,75873.5,75579.0,75714.0,41.7204785
2026-04-19 01:00:00+00:00,75713.5,75824.5,75487.5,75648.0,71.33636372
2026-04-19 02:00:00+00:00,75647.5,75748.5,75435.5,75527.0,41.13946503
2026-04-19 03:00:00+00:00,75527.0,75667.5,75389.5,75544.5,65.80723529
2026-04-19 04:00:00+00:00,75544.5,75810.5,75445.0,75701.5,66.27766653
2026-04-19 05:00:00+00:00,75701.5,75721.0,75548.5,75581.0,35.43660509
2026-04-19 06:00:00+00:00,75580.5,75580.5,75323.5,75428.0,95.06120076
2026-04-19 07:00:00+00:00,75428.0,75428.0,74921.0,75309.0,477.06200313
2026-04-19 08:00:00+00:00,75309.0,75344.0,75121.0,75309.0,126.54629253
2026-04-19 09:00:00+00:00,75309.0,75318.0,74988.0,75060.5,124.06200603
2026-04-19 10:00:00+00:00,75061.0,75291.0,75000.0,75291.0,60.37900288
2026-04-19 11:00:00+00:00,75291.0,75684.5,75267.5,75651.0,100.17879153
2026-04-19 12:00:00+00:00,75651.0,75750.0,75483.0,75616.5,174.72399888
2026-04-19 13:00:00+00:00,75616.5,76284.5,75601.0,75942.5,394.97865756
2026-04-19 14:00:00+00:00,75947.5,76177.0,75709.0,76054.5,118.6962272
2026-04-19 15:00:00+00:00,76054.5,76180.5,75429.0,75885.5,107.20560588
2026-04-19 16:00:00+00:00,75880.0,75896.0,75339.0,75404.0,90.01589142
2026-04-19 17:00:00+00:00,75404.0,75413.5,74641.0,74808.0,264.34135062
2026-04-19 18:00:00+00:00,74808.5,74939.5,74631.0,74801.0,187.18559154
2026-04-19 19:00:00+00:00,74801.0,75097.5,74801.0,74995.0,129.64575658
2026-04-19 20:00:00+00:00,74995.0,74995.0,74448.5,74653.5,287.1619813
2026-04-19 21:00:00+00:00,74662.5,74842.5,74400.0,74451.0,124.71712247
2026-04-19 22:00:00+00:00,74451.0,74451.0,73658.0,74070.5,1210.01621538
2026-04-19 23:00:00+00:00,74070.5,74080.5,73806.0,73806.0,317.60380576
2026-04-20 00:00:00+00:00,73806.5,74370.0,73735.0,74310.5,371.92234503
2026-04-20 01:00:00+00:00,74299.0,74760.0,74242.5,74616.0,217.25725596
2026-04-20 02:00:00+00:00,74616.0,74639.5,74336.0,74438.5,160.63339103
2026-04-20 03:00:00+00:00,74438.5,74703.0,74390.5,74670.0,190.46633547
2026-04-20 04:00:00+00:00,74670.0,74670.0,74466.0,74597.0,59.22935358
2026-04-20 05:00:00+00:00,74596.5,74596.5,74119.0,74304.0,219.37813419
2026-04-20 06:00:00+00:00,74304.0,74931.0,74300.5,74824.0,380.99135231
2026-04-20 07:00:00+00:00,74824.0,75596.0,74683.5,74845.0,761.44243815
2026-04-20 08:00:00+00:00,74845.0,75020.0,74646.0,74747.0,305.17303539
2026-04-20 09:00:00+00:00,74747.0,75264.0,74729.5,75073.0,300.80004982
2026-04-20 10:00:00+00:00,75093.0,75422.5,75042.0,75053.0,222.33786048
2026-04-20 11:00:00+00:00,75055.0,75312.5,74989.5,75222.5,160.00689602
2026-04-20 12:00:00+00:00,75222.5,75700.0,75095.5,75322.5,340.20032118
2026-04-20 13:00:00+00:00,75322.5,75458.0,74896.0,75305.5,357.6176303
2026-04-20 14:00:00+00:00,75294.0,75778.0,74946.5,75058.0,533.59395128
2026-04-20 15:00:00+00:00,75058.5,75798.0,74735.0,75739.0,513.99261656
2026-04-20 16:00:00+00:00,75739.0,75744.0,75325.0,75364.0,250.18090224
2026-04-20 17:00:00+00:00,75367.5,76000.0,75315.5,75936.5,426.94094926
2026-04-20 18:00:00+00:00,75933.0,76484.5,75932.5,76440.5,330.38332557
2026-04-20 19:00:00+00:00,76445.5,76500.0,76166.5,76314.0,243.99951939
2026-04-20 20:00:00+00:00,76317.0,76566.0,76139.0,76290.5,193.05799336
2026-04-20 21:00:00+00:00,76290.5,76380.5,75808.0,75975.0,222.8173892
2026-04-20 22:00:00+00:00,75975.0,76150.5,75919.5,75984.0,107.99842202
2026-04-20 23:00:00+00:00,75984.0,75984.0,75632.0,75862.0,142.88795303
2026-04-21 00:00:00+00:00,75861.5,76105.0,75719.0,76105.0,124.48897775
2026-04-21 01:00:00+00:00,76104.5,76263.0,75887.5,75944.5,117.56204212
2026-04-21 02:00:00+00:00,75944.5,75947.5,75600.0,75600.0,189.76333092
2026-04-21 03:00:00+00:00,75600.0,75740.5,75512.0,75724.0,212.71826752
2026-04-21 04:00:00+00:00,75724.0,75855.0,75628.5,75823.0,155.4747893
2026-04-21 05:00:00+00:00,75823.0,75990.0,75800.5,75829.5,157.50963349
2026-04-21 06:00:00+00:00,75829.5,76138.0,75726.5,75986.5,129.74594824
2026-04-21 07:00:00+00:00,75987.0,76320.0,75838.0,76129.5,476.6653005
2026-04-21 08:00:00+00:00,76129.5,77012.0,76129.5,76579.5,630.07599014
2026-04-21 09:00:00+00:00,76579.0,76625.5,76204.0,76404.5,262.79627019
2026-04-21 10:00:00+00:00,76406.0,76920.0,76397.0,76800.5,259.01110752
2026-04-21 11:00:00+00:00,76800.5,76800.5,76386.5,76500.0,247.8483895
2026-04-21 12:00:00+00:00,76500.0,76569.5,75735.0,76056.5,386.70096012
2026-04-21 13:00:00+00:00,76056.5,76218.5,75771.5,75930.5,281.10406573
2026-04-21 14:00:00+00:00,75930.5,76604.0,75651.0,75707.5,523.90257035
2026-04-21 15:00:00+00:00,75707.0,76000.0,75469.0,75857.5,399.18255696
2026-04-21 16:00:00+00:00,75857.5,76210.5,75789.5,75803.5,156.22166462
2026-04-21 17:00:00+00:00,75801.5,75901.0,75069.5,75577.5,524.76056559
2026-04-21 18:00:00+00:00,75574.5,75671.5,75333.0,75615.0,148.6803902
2026-04-21 19:00:00+00:00,75615.5,75930.0,74840.5,75037.0,364.17298048
2026-04-21 20:00:00+00:00,75037.0,75873.0,75005.5,75713.5,299.50639854
2026-04-21 21:00:00+00:00,75713.0,75780.0,75466.5,75560.5,69.34774732
2026-04-21 22:00:00+00:00,75560.0,75657.0,75306.0,75657.0,101.1771746
2026-04-21 23:00:00+00:00,75656.5,76444.0,75638.5,76358.0,261.6595517
2026-04-22 00:00:00+00:00,76358.0,76528.0,76238.0,76380.5,449.69363444
2026-04-22 01:00:00+00:00,76380.0,76431.5,76155.5,76320.5,173.53615706
2026-04-22 02:00:00+00:00,76320.5,77663.5,76240.5,77618.0,977.9212292
2026-04-22 03:00:00+00:00,77618.5,77733.5,77415.5,77527.0,406.76149839
2026-04-22 04:00:00+00:00,77527.5,77697.5,77369.5,77510.5,430.07896621
2026-04-22 05:00:00+00:00,77512.0,78485.0,77448.5,77990.5,793.12195544
2026-04-22 06:00:00+00:00,77990.5,78026.5,77900.0,77995.5,146.79262413
2026-04-22 07:00:00+00:00,78000.0,78137.5,77807.0,78006.5,557.39997622
2026-04-22 08:00:00+00:00,78013.5,78205.5,77942.5,78018.5,220.40745048
2026-04-22 09:00:00+00:00,78015.5,78195.0,77959.0,77999.0,429.51786472
2026-04-22 10:00:00+00:00,77999.0,78167.5,77953.0,78160.0,200.41758938
2026-04-22 11:00:00+00:00,78160.0,78390.0,78103.5,78292.0,212.47169002
2026-04-22 12:00:00+00:00,78292.0,78500.0,78120.0,78247.5,257.31887475
2026-04-22 13:00:00+00:00,78245.5,78844.5,78164.5,78837.5,617.16634517
2026-04-22 14:00:00+00:00,78837.5,79181.0,78538.5,79064.5,867.97252238
2026-04-22 15:00:00+00:00,79064.5,79416.5,78850.5,79290.0,370.82667405
2026-04-22 16:00:00+00:00,79289.5,79480.0,78651.5,78745.0,1287.58683661
2026-04-22 17:00:00+00:00,78745.0,79025.0,78692.0,78901.5,554.72287889
2026-04-22 18:00:00+00:00,78901.5,79155.5,78825.0,79025.5,651.1294034
2026-04-22 19:00:00+00:00,79025.5,79070.5,78712.5,78845.0,877.19059746
2026-04-22 20:00:00+00:00,78841.0,78915.0,78408.5,78428.0,134.24534767
2026-04-22 21:00:00+00:00,78430.5,78812.0,78417.0,78760.0,88.68272407
2026-04-22 22:00:00+00:00,78759.5,78820.5,78465.5,78613.5,175.2779904
2026-04-22 23:00:00+00:00,78608.5,78608.5,78169.0,78184.0,294.30682125
2026-04-23 00:00:00+00:00,78184.0,78610.5,77616.0,78452.5,533.81622273
2026-04-23 01:00:00+00:00,78453.0,78492.0,78092.0,78373.5,165.71979321
2026-04-23 02:00:00+00:00,78373.5,78381.5,77794.5,77962.0,462.46815731
2026-04-23 03:00:00+00:00,77961.5,78043.5,77515.0,77779.5,493.65105817
2026-04-23 04:00:00+00:00,77779.0,77982.0,77703.0,77947.5,142.56710979
2026-04-23 05:00:00+00:00,77946.5,78141.5,77805.5,78047.0,91.79448765
2026-04-23 06:00:00+00:00,78051.5,78375.0,78051.5,78233.0,152.92010294
2026-04-23 07:00:00+00:00,78233.0,78265.5,77994.0,78055.5,214.7448381
2026-04-23 08:00:00+00:00,78057.5,78181.5,77729.0,77874.5,395.39132349
2026-04-23 09:00:00+00:00,77874.0,77874.0,77404.0,77662.0,286.97660764
2026-04-23 10:00:00+00:00,77662.0,77720.5,77143.5,77422.5,385.12698574
2026-04-23 11:00:00+00:00,77423.0,77755.0,77396.0,77715.5,214.39616168
2026-04-23 12:00:00+00:00,77714.5,77880.5,77557.0,77870.0,469.63902009
2026-04-23 13:00:00+00:00,77870.0,77923.0,77401.5,77541.5,320.37388648
2026-04-23 14:00:00+00:00,77541.5,78204.5,77423.0,78190.5,808.34560036
2026-04-23 15:00:00+00:00,78190.5,78676.0,77975.5,78387.5,418.59930135
2026-04-23 16:00:00+00:00,78388.0,78511.0,78034.5,78100.5,320.49329722
2026-04-23 17:00:00+00:00,78100.5,78182.5,76939.5,77769.0,913.5726085
2026-04-23 18:00:00+00:00,77769.0,78145.5,77661.5,77676.0,439.05624659
2026-04-23 19:00:00+00:00,77676.0,77889.0,77601.5,77722.0,269.66581167
2026-04-23 20:00:00+00:00,77710.5,78057.0,77654.5,77888.5,232.10895598
2026-04-23 21:00:00+00:00,77888.5,78070.5,77800.0,77876.5,164.26480435
2026-04-23 22:00:00+00:00,77875.0,78339.5,77875.0,78237.0,316.5260001
2026-04-23 23:00:00+00:00,78238.5,78303.0,78042.5,78247.5,134.90006258
2026-04-24 00:00:00+00:00,78248.0,78497.5,78175.0,78420.5,143.13747163
2026-04-24 01:00:00+00:00,78427.5,78457.0,77975.0,78442.5,275.08416848
2026-04-24 02:00:00+00:00,78431.0,78574.5,78093.5,78141.0,205.22311248
2026-04-24 03:00:00+00:00,78141.5,78192.5,77581.0,77754.0,276.55512399
2026-04-24 04:00:00+00:00,77755.0,77876.5,77512.0,77701.0,236.99535095
2026-04-24 05:00:00+00:00,77700.5,78056.5,77471.5,77979.0,362.19752299
2026-04-24 06:00:00+00:00,77979.0,77996.5,77795.5,77808.5,237.69315131
2026-04-24 07:00:00+00:00,77808.5,77863.0,77612.0,77692.5,1271.29166019
2026-04-24 08:00:00+00:00,77693.0,78041.5,77604.0,77814.0,377.22497104
2026-04-24 09:00:00+00:00,77814.5,77832.0,77415.0,77577.0,592.61607644
2026-04-24 10:00:00+00:00,77576.5,77825.0,77507.5,77784.0,266.24799521
2026-04-24 11:00:00+00:00,77784.5,78406.0,77784.5,78275.5,547.94278635
2026-04-24 12:00:00+00:00,78275.5,78369.0,78037.0,78291.5,292.26384561
2026-04-24 13:00:00+00:00,78291.5,78496.0,77947.0,78126.0,388.35446103
2026-04-24 14:00:00+00:00,78124.0,78124.0,77694.0,78037.0,500.51225074
2026-04-24 15:00:00+00:00,78036.5,78239.5,77589.5,78053.5,339.7621604
2026-04-24 16:00:00+00:00,78053.5,78072.5,77593.0,77785.5,205.09537149
2026-04-24 17:00:00+00:00,77784.0,77828.0,77419.0,77686.5,140.2389396
2026-04-24 18:00:00+00:00,77686.0,77722.0,77343.0,77628.5,156.99178159
2026-04-24 19:00:00+00:00,77628.5,77749.0,77534.5,77633.5,100.1543583
2026-04-24 20:00:00+00:00,77634.5,77760.0,77460.0,77728.0,102.38749775
2026-04-24 21:00:00+00:00,77728.0,77749.5,77512.0,77547.0,151.69385183
2026-04-24 22:00:00+00:00,77546.0,77611.5,77221.5,77341.5,114.18379691
2026-04-24 23:00:00+00:00,77342.0,77475.5,77342.0,77438.5,98.87881714
2026-04-25 00:00:00+00:00,77438.5,77488.0,77315.0,77452.0,239.57416353
2026-04-25 01:00:00+00:00,77452.0,77616.5,77443.0,77550.0,46.35547281
2026-04-25 02:00:00+00:00,77550.0,77649.0,77512.5,77600.0,36.04195059
2026-04-25 03:00:00+00:00,77600.5,77706.5,77552.5,77669.5,30.90099267
2026-04-25 04:00:00+00:00,77670.0,77718.0,77608.5,77634.5,35.40107488
2026-04-25 05:00:00+00:00,77634.0,77634.0,77480.5,77525.5,51.25351899
2026-04-25 06:00:00+00:00,77525.5,77583.5,77499.0,77514.0,21.70496962
2026-04-25 07:00:00+00:00,77513.5,77570.0,77463.0,77503.0,67.27102586
2026-04-25 08:00:00+00:00,77503.0,77653.5,77491.5,77640.0,53.52747883
2026-04-25 09:00:00+00:00,77640.0,77787.5,77598.5,77717.0,49.35873412
2026-04-25 10:00:00+00:00,77717.5,77870.0,77717.5,77790.0,52.6078193
2026-04-25 11:00:00+00:00,77790.0,77790.5,77617.5,77682.5,25.13582962
2026-04-25 12:00:00+00:00,77684.0,77715.0,77553.5,77571.5,27.54180024
2026-04-25 13:00:00+00:00,77571.5,77713.5,77571.0,77694.5,18.22512743
2026-04-25 14:00:00+00:00,77695.0,77795.0,77635.0,77663.0,47.39027364
2026-04-25 15:00:00+00:00,77663.0,77725.0,77310.0,77343.0,98.5244477
2026-04-25 16:00:00+00:00,77343.0,77483.0,77129.5,77413.0,181.74492098
2026-04-25 17:00:00+00:00,77412.5,77412.5,77227.0,77260.0,41.58252495
2026-04-25 18:00:00+00:00,77260.0,77396.5,77232.5,77309.5,38.80344612
2026-04-25 19:00:00+00:00,77308.0,77370.0,77203.0,77338.0,26.90959507
2026-04-25 20:00:00+00:00,77338.0,77489.0,77322.5,77489.0,17.53975988
2026-04-25 21:00:00+00:00,77489.0,77539.0,77436.5,77539.0,37.8514892
2026-04-25 22:00:00+00:00,77539.0,77647.5,77516.5,77565.0,38.41541296
2026-04-25 23:00:00+00:00,77565.0,77656.0,77544.5,77633.0,28.94468209
2026-04-26 00:00:00+00:00,77634.0,77655.5,77465.5,77526.0,133.34701106
2026-04-26 01:00:00+00:00,77525.0,77592.5,77482.5,77482.5,21.29117735
2026-04-26 02:00:00+00:00,77482.5,77611.5,77482.5,77528.5,21.65959746
2026-04-26 03:00:00+00:00,77534.0,77567.5,77341.0,77417.0,39.49256098
2026-04-26 04:00:00+00:00,77417.0,77834.0,77404.0,77788.5,61.74110126
2026-04-26 05:00:00+00:00,77788.0,78214.0,77738.5,78003.5,174.67990472
2026-04-26 06:00:00+00:00,78003.5,78062.0,77914.0,78021.0,32.75691445
2026-04-26 07:00:00+00:00,78021.5,78134.5,77992.5,78113.5,40.41199952
2026-04-26 08:00:00+00:00,78113.5,78220.0,78048.5,78052.0,91.55970391
2026-04-26 09:00:00+00:00,78051.5,78072.0,77955.5,78012.5,32.07045282
2026-04-26 10:00:00+00:00,78012.5,78066.5,77979.0,78010.5,27.67373187
2026-04-26 11:00:00+00:00,78010.5,78165.0,78010.5,78112.5,26.64515487
2026-04-26 12:00:00+00:00,78111.0,78111.5,77792.0,77844.0,37.50436753
2026-04-26 13:00:00+00:00,77843.5,78073.5,77811.0,77988.5,262.68685834
2026-04-26 14:00:00+00:00,77988.5,78200.0,77899.5,78113.5,179.53844322
2026-04-26 15:00:00+00:00,78112.5,78139.0,78012.5,78062.0,42.50303052
2026-04-26 16:00:00+00:00,78062.0,78097.5,77961.5,77961.5,35.04214687
2026-04-26 17:00:00+00:00,77961.0,78069.0,77871.5,78045.5,46.756002
2026-04-26 18:00:00+00:00,78045.5,78372.5,78020.0,78298.0,355.0613904
2026-04-26 19:00:00+00:00,78298.0,78523.0,78047.5,78247.0,129.05554278
2026-04-26 20:00:00+00:00,78246.5,78392.5,78180.5,78217.0,65.09993055
2026-04-26 21:00:00+00:00,78217.0,78981.5,77864.5,78430.0,290.50827125
2026-04-26 22:00:00+00:00,78430.5,78867.0,78000.0,78347.0,439.55212153
2026-04-26 23:00:00+00:00,78347.0,78920.0,78067.5,78680.5,173.16313144
2026-04-27 00:00:00+00:00,78682.0,79400.5,78425.0,79309.5,764.51529011
2026-04-27 01:00:00+00:00,79309.5,79536.5,78757.0,79305.5,832.48541885
2026-04-27 02:00:00+00:00,79305.5,79320.0,79062.0,79154.5,207.96443419
2026-04-27 03:00:00+00:00,79154.0,79330.0,79093.5,79122.0,143.53441313
2026-04-27 04:00:00+00:00,79122.5,79180.0,78903.5,78937.0,71.9986953
2026-04-27 05:00:00+00:00,78937.0,78953.0,77603.0,77805.5,505.14051634
2026-04-27 06:00:00+00:00,77804.5,77888.0,77494.5,77726.0,144.86066354
2026-04-27 07:00:00+00:00,77725.5,77752.5,77589.0,77629.5,187.18116568
2026-04-27 08:00:00+00:00,77629.5,77824.0,77557.0,77816.5,537.41046681
2026-04-27 09:00:00+00:00,77815.5,77999.0,77719.5,77922.5,188.73754204
2026-04-27 10:00:00+00:00,77922.0,77952.5,77813.0,77876.0,43.0512604
2026-04-27 11:00:00+00:00,77875.5,77895.5,77762.5,77867.0,38.32402735
2026-04-27 12:00:00+00:00,77866.5,77877.5,77630.0,77684.0,86.46025291
2026-04-27 13:00:00+00:00,77684.0,77974.0,77587.0,77766.0,259.57232857
2026-04-27 14:00:00+00:00,77766.0,78277.0,77698.0,77818.5,333.18976121
2026-04-27 15:00:00+00:00,77819.0,77831.0,76470.0,76789.5,873.95329183
2026-04-27 16:00:00+00:00,76789.5,76859.5,76545.0,76606.5,194.79316112
2026-04-27 17:00:00+00:00,76607.0,76940.0,76607.0,76725.5,136.59588678
2026-04-27 18:00:00+00:00,76725.5,76870.5,76654.0,76828.0,110.41365496
2026-04-27 19:00:00+00:00,76827.5,76875.5,76364.5,76852.5,172.86408719
2026-04-27 20:00:00+00:00,76854.0,77044.0,76822.5,76953.0,112.60955182
2026-04-27 21:00:00+00:00,76953.0,76960.5,76767.0,76767.0,62.06116679
2026-04-27 22:00:00+00:00,76767.5,77055.5,76748.0,77041.5,77.18809747
2026-04-27 23:00:00+00:00,77041.0,77436.5,77000.5,77358.0,98.54984815
2026-04-28 00:00:00+00:00,77358.0,77466.0,77208.5,77380.5,98.20849892
2026-04-28 01:00:00+00:00,77380.5,77380.5,77036.5,77087.5,61.02066893
2026-04-28 02:00:00+00:00,77087.5,77227.5,76677.0,76888.0,136.57441955
2026-04-28 03:00:00+00:00,76886.5,76886.5,76678.5,76804.5,65.79169585
2026-04-28 04:00:00+00:00,76804.5,76941.5,76683.5,76876.0,112.01531572
2026-04-28 05:00:00+00:00,76876.0,77132.5,76800.0,76878.0,101.32663973
2026-04-28 06:00:00+00:00,76877.0,77011.5,76571.5,76685.5,112.94485964
2026-04-28 07:00:00+00:00,76684.0,76898.5,76407.5,76842.0,156.00815869
2026-04-28 08:00:00+00:00,76842.0,76960.0,76718.5,76821.5,177.89384892
2026-04-28 09:00:00+00:00,76821.5,76821.5,76470.5,76564.0,186.34680759
2026-04-28 10:00:00+00:00,76564.0,76662.0,76455.0,76590.5,65.9876828
2026-04-28 11:00:00+00:00,76590.5,76611.0,76108.0,76205.0,200.46685012
2026-04-28 12:00:00+00:00,76206.5,76411.5,76149.5,76354.5,159.02637654
2026-04-28 13:00:00+00:00,76354.5,76396.5,75959.0,76183.0,235.95963542
2026-04-28 14:00:00+00:00,76182.5,76182.5,75658.0,75928.0,352.62368921
2026-04-28 15:00:00+00:00,75928.0,76071.5,75809.5,76056.5,655.1747887
2026-04-28 16:00:00+00:00,76061.5,76216.5,75886.0,76117.5,1021.39337605
2026-04-28 17:00:00+00:00,76114.5,76257.0,75953.5,76189.0,118.75437007
2026-04-28 18:00:00+00:00,76178.0,76263.5,76119.0,76226.5,117.72612795
2026-04-28 19:00:00+00:00,76226.5,76367.0,76060.5,76307.0,73.07717737
2026-04-28 20:00:00+00:00,76305.0,76455.5,76305.0,76455.5,110.40044395
2026-04-28 21:00:00+00:00,76455.5,76466.5,76259.5,76336.5,55.49344493
2026-04-28 22:00:00+00:00,76338.0,76412.0,76205.0,76219.5,26.35403388
2026-04-28 23:00:00+00:00,76219.5,76360.5,76184.0,76322.5,67.58602736
2026-04-29 00:00:00+00:00,76322.0,76525.0,76252.0,76486.5,270.89294019
2026-04-29 01:00:00+00:00,76485.0,76622.5,76162.0,76535.5,116.12230134
2026-04-29 02:00:00+00:00,76537.5,76628.5,76381.0,76500.0,40.72254165
2026-04-29 03:00:00+00:00,76500.0,77093.5,76487.5,76965.5,162.56951232
2026-04-29 04:00:00+00:00,76965.5,77477.0,76859.0,77247.5,224.84201863
2026-04-29 05:00:00+00:00,77247.5,77299.5,77175.5,77261.5,171.27230467
2026-04-29 06:00:00+00:00,77261.5,77301.5,76909.0,76997.0,152.09933283
2026-04-29 07:00:00+00:00,76999.0,77148.0,76981.5,77024.0,81.75404735
2026-04-29 08:00:00+00:00,77024.5,77116.5,76937.0,77019.5,90.92786625
2026-04-29 09:00:00+00:00,77021.0,77756.5,76937.5,77620.0,184.45972544
2026-04-29 10:00:00+00:00,77620.0,77877.0,77543.5,77595.5,151.09841166
2026-04-29 11:00:00+00:00,77595.5,77654.5,77462.0,77570.0,81.91027234
2026-04-29 12:00:00+00:00,77570.0,77570.0,76976.0,77128.0,211.35456331
2026-04-29 13:00:00+00:00,77128.0,77229.0,76404.5,76762.5,492.25990461
2026-04-29 14:00:00+00:00,76762.0,76846.5,76464.5,76547.5,239.78390216
2026-04-29 15:00:00+00:00,76546.0,76602.0,75695.5,75890.0,582.47104635
2026-04-29 16:00:00+00:00,75893.5,76100.0,75672.5,75775.0,267.25222675
2026-04-29 17:00:00+00:00,75775.0,76155.5,75775.0,76154.0,209.88063892
2026-04-29 18:00:00+00:00,76156.5,76249.5,74927.0,75480.0,577.97724713
2026-04-29 19:00:00+00:00,75480.0,75582.0,75275.0,75543.0,192.50913257
2026-04-29 20:00:00+00:00,75543.5,75842.0,75462.0,75649.5,140.39446153
2026-04-29 21:00:00+00:00,75646.5,76069.0,75582.0,75916.5,128.27851314
2026-04-29 22:00:00+00:00,75916.0,75970.0,75791.5,75902.5,63.79335821
2026-04-29 23:00:00+00:00,75902.5,75960.5,75673.5,75757.0,50.51619853
2026-04-30 00:00:00+00:00,75757.0,76310.5,75642.0,76240.5,190.57544153
2026-04-30 01:00:00+00:00,76239.0,76440.0,76158.5,76203.0,139.63409641
2026-04-30 02:00:00+00:00,76203.0,76326.0,75450.5,75669.5,244.83343813
2026-04-30 03:00:00+00:00,75669.5,75949.0,75630.5,75898.5,63.49832705
2026-04-30 04:00:00+00:00,75898.0,75924.5,75377.0,75455.0,128.52228299
2026-04-30 05:00:00+00:00,75455.0,75712.5,75293.0,75570.0,91.45215959
2026-04-30 06:00:00+00:00,75569.5,75828.0,75544.0,75724.0,83.76542883
2026-04-30 07:00:00+00:00,75723.5,76140.0,75695.5,76112.5,287.14164037
2026-04-30 08:00:00+00:00,76112.5,76154.5,75982.5,76018.5,160.30443177
2026-04-30 09:00:00+00:00,76018.5,76299.5,75980.5,76070.0,132.88829587
2026-04-30 10:00:00+00:00,76070.0,76123.5,75949.0,75998.0,81.85318822
2026-04-30 11:00:00+00:00,75997.5,76206.5,75846.5,76025.0,102.6360562
2026-04-30 12:00:00+00:00,76024.5,76366.5,76018.0,76269.0,149.79833737
2026-04-30 13:00:00+00:00,76269.0,76624.0,76076.0,76384.0,282.38314515
2026-04-30 14:00:00+00:00,76382.5,76547.5,76056.0,76267.5,203.27752196
2026-04-30 15:00:00+00:00,76266.5,76618.5,76125.5,76443.0,289.49806861
2026-04-30 16:00:00+00:00,76442.0,76470.0,76201.5,76237.0,105.24513821
2026-04-30 17:00:00+00:00,76237.0,76299.0,76082.0,76216.5,188.81385921
2026-04-30 18:00:00+00:00,76216.0,76450.0,76188.0,76322.0,134.65530335
2026-04-30 19:00:00+00:00,76322.0,76480.0,76288.0,76393.0,116.63881127
2026-04-30 20:00:00+00:00,76392.5,76542.5,76292.0,76467.5,129.83816427
2026-04-30 21:00:00+00:00,76467.0,76511.5,76220.0,76221.5,64.29019314
2026-04-30 22:00:00+00:00,76221.0,76424.5,76163.5,76199.0,33.60928323
2026-04-30 23:00:00+00:00,76199.5,76351.0,76198.5,76310.0,79.83876285
2026-05-01 00:00:00+00:00,76311.5,76568.0,76290.0,76422.0,77.07700165
2026-05-01 01:00:00+00:00,76422.5,76741.5,76422.5,76657.5,128.03523928
2026-05-01 02:00:00+00:00,76657.5,76714.5,76519.0,76567.0,54.70427058
2026-05-01 03:00:00+00:00,76568.0,77429.0,76533.5,77101.5,259.08634196
2026-05-01 04:00:00+00:00,77101.5,77184.0,76947.5,77025.5,102.91157527
2026-05-01 05:00:00+00:00,77025.5,77192.5,77023.5,77151.0,52.9166272
2026-05-01 06:00:00+00:00,77152.0,77163.0,76868.0,76982.0,180.40801466
2026-05-01 07:00:00+00:00,76980.5,77176.0,76945.5,77173.5,910.09963004
2026-05-01 08:00:00+00:00,77173.0,77582.5,77092.5,77395.5,445.31613347
2026-05-01 09:00:00+00:00,77396.0,77397.5,77219.5,77274.5,210.50111742
2026-05-01 10:00:00+00:00,77274.5,77424.5,77168.5,77302.0,193.8816083
2026-05-01 11:00:00+00:00,77302.5,77595.5,77262.0,77444.5,191.17984762
2026-05-01 12:00:00+00:00,77445.0,78171.0,77399.5,77887.0,887.81433024
2026-05-01 13:00:00+00:00,77887.0,78902.5,77887.0,78718.5,1179.13100299
2026-05-01 14:00:00+00:00,78721.0,78858.5,78045.5,78339.0,498.38444964
2026-05-01 15:00:00+00:00,78340.5,78723.0,78169.0,78442.5,485.06247414
2026-05-01 16:00:00+00:00,78422.0,78664.0,78159.0,78194.0,283.96453682
2026-05-01 17:00:00+00:00,78194.0,78624.0,78125.5,78550.5,631.66448133
2026-05-01 18:00:00+00:00,78551.0,78609.5,78371.5,78410.5,346.24305749
2026-05-01 19:00:00+00:00,78410.5,78527.0,78306.0,78354.5,117.5635137
2026-05-01 20:00:00+00:00,78354.5,78410.0,77756.5,77876.5,186.23370851
2026-05-01 21:00:00+00:00,77876.5,78303.5,77851.0,78200.5,321.48492949
2026-05-01 22:00:00+00:00,78200.5,78392.5,78129.0,78132.0,138.48608779
2026-05-01 23:00:00+00:00,78132.0,78239.5,78033.0,78228.5,194.21657428
2026-05-02 00:00:00+00:00,78228.5,78379.0,78168.0,78328.0,55.55371154
2026-05-02 01:00:00+00:00,78329.5,78424.5,78286.5,78334.5,47.06373881
2026-05-02 02:00:00+00:00,78336.0,78501.0,78250.5,78353.0,49.23575297
2026-05-02 03:00:00+00:00,78352.0,78511.5,78233.5,78410.0,62.83355709
2026-05-02 04:00:00+00:00,78408.5,78444.5,78111.5,78164.5,74.11427223
2026-05-02 05:00:00+00:00,78165.5,78223.0,78029.0,78175.5,85.01761645
2026-05-02 06:00:00+00:00,78176.0,78350.0,78135.5,78327.0,49.88329843
2026-05-02 07:00:00+00:00,78326.5,78340.5,78207.0,78218.0,79.63140479
2026-05-02 08:00:00+00:00,78218.0,78360.5,78162.0,78312.0,90.28495153
2026-05-02 09:00:00+00:00,78312.0,78387.0,78227.0,78292.5,32.97531499
2026-05-02 10:00:00+00:00,78292.5,78313.0,78227.0,78260.0,28.17455609
2026-05-02 11:00:00+00:00,78259.0,78259.0,78114.0,78155.5,45.9538402
2026-05-02 12:00:00+00:00,78155.5,78268.5,78110.0,78207.5,43.08425749
2026-05-02 13:00:00+00:00,78207.5,78437.5,78207.5,78371.5,136.82004291
2026-05-02 14:00:00+00:00,78371.5,78479.5,78315.0,78427.5,79.60531672
2026-05-02 15:00:00+00:00,78427.5,78512.0,78371.0,78483.0,94.43149051
2026-05-02 16:00:00+00:00,78483.0,78595.5,78444.5,78465.5,107.97407385
2026-05-02 17:00:00+00:00,78465.5,78494.0,78384.0,78401.0,37.37025478
2026-05-02 18:00:00+00:00,78401.0,78499.5,78330.0,78482.0,36.21021956
2026-05-02 19:00:00+00:00,78481.5,78526.0,78457.5,78483.0,20.20166398
2026-05-02 20:00:00+00:00,78485.0,78497.0,78434.0,78462.0,14.19452417
2026-05-02 21:00:00+00:00,78462.0,79176.0,78461.0,78725.5,358.03761491
2026-05-02 22:00:00+00:00,78725.5,78878.0,78612.5,78844.0,117.23637844
2026-05-02 23:00:00+00:00,78844.0,78844.0,78641.0,78693.0,178.06663781
2026-05-03 00:00:00+00:00,78693.0,78765.5,78487.0,78538.0,52.68305224
2026-05-03 01:00:00+00:00,78538.5,78538.5,78152.5,78246.5,103.69767452
2026-05-03 02:00:00+00:00,78246.5,78306.0,78104.0,78168.5,50.47399203
2026-05-03 03:00:00+00:00,78168.5,78210.0,78115.5,78202.5,20.44939073
2026-05-03 04:00:00+00:00,78202.0,78235.0,78119.5,78161.5,26.74984318
2026-05-03 05:00:00+00:00,78162.0,78257.0,78161.5,78254.5,15.34627697
2026-05-03 06:00:00+00:00,78254.5,78341.5,78086.0,78285.5,44.03536142
2026-05-03 07:00:00+00:00,78285.0,78455.0,78285.0,78374.0,132.90734981
2026-05-03 08:00:00+00:00,78374.0,78497.0,78374.0,78398.0,85.86264905
2026-05-03 09:00:00+00:00,78398.0,78594.0,78361.5,78535.5,94.67174877
2026-05-03 10:00:00+00:00,78535.5,78535.5,78408.0,78414.5,13.48969204
2026-05-03 11:00:00+00:00,78414.5,78876.0,78386.0,78665.0,97.44665984
2026-05-03 12:00:00+00:00,78664.5,78880.5,78664.5,78759.0,117.32607439
2026-05-03 13:00:00+00:00,78758.5,78774.0,78574.0,78677.5,40.57884582
2026-05-03 14:00:00+00:00,78676.5,78800.0,78631.0,78760.5,274.00417831
2026-05-03 15:00:00+00:00,78760.5,78823.0,78642.0,78678.5,42.66424302
2026-05-03 16:00:00+00:00,78678.5,78788.0,78607.0,78665.0,25.41383397
2026-05-03 17:00:00+00:00,78664.5,78829.0,78576.5,78738.5,39.72651874
2026-05-03 18:00:00+00:00,78738.0,78762.5,78644.0,78752.0,16.10688202
2026-05-03 19:00:00+00:00,78752.0,78924.5,78692.5,78786.5,332.56337954
2026-05-03 20:00:00+00:00,78784.0,79325.0,78741.5,78924.5,434.78891994
2026-05-03 21:00:00+00:00,78924.5,79059.5,78655.5,78846.5,88.30041859
2026-05-03 22:00:00+00:00,78846.5,79544.0,78803.5,79192.0,2359.09283849
2026-05-03 23:00:00+00:00,79192.5,79303.5,78492.0,78580.5,179.55345465
2026-05-04 00:00:00+00:00,78580.0,78580.0,78286.0,78557.0,148.84552051
2026-05-04 01:00:00+00:00,78556.0,79893.5,78418.5,79781.0,596.07953803
2026-05-04 02:00:00+00:00,79781.5,80422.5,79549.0,80153.5,904.8330087
2026-05-04 03:00:00+00:00,80154.0,80432.5,79923.0,80303.5,421.86043431
2026-05-04 04:00:00+00:00,80309.0,80598.0,80227.5,80321.0,390.48734942
2026-05-04 05:00:00+00:00,80325.5,80393.5,79955.0,80024.5,205.6643444
2026-05-04 06:00:00+00:00,80024.0,80037.5,79500.0,79864.0,206.18646385
2026-05-04 07:00:00+00:00,79860.5,79936.5,79697.0,79705.5,244.5696992
2026-05-04 08:00:00+00:00,79705.5,79806.0,79602.5,79723.0,110.8565259
2026-05-04 09:00:00+00:00,79720.5,79918.0,79664.5,79840.0,110.05736517
2026-05-04 10:00:00+00:00,79836.5,79877.5,78113.5,78949.0,823.7390592
2026-05-04 11:00:00+00:00,78946.5,79116.0,78701.0,78799.5,202.87015916
2026-05-04 12:00:00+00:00,78797.5,79036.0,78723.0,78863.5,114.02138065
2026-05-04 13:00:00+00:00,78861.0,79119.5,78586.5,78790.5,180.61080703
2026-05-04 14:00:00+00:00,78788.0,80556.0,78504.0,80204.5,686.70392447
2026-05-04 15:00:00+00:00,80203.5,80353.0,79300.5,80004.0,595.83858412
2026-05-04 16:00:00+00:00,80014.0,80378.5,79606.0,80017.0,369.32741422
2026-05-04 17:00:00+00:00,80014.0,80762.0,80005.0,80373.0,287.91317464
2026-05-04 18:00:00+00:00,80369.5,80417.0,80023.0,80093.5,107.77307841
2026-05-04 19:00:00+00:00,80094.0,80115.0,79869.5,80015.0,167.62391264
2026-05-04 20:00:00+00:00,80015.0,80123.0,79875.0,79917.5,88.07915289
2026-05-04 21:00:00+00:00,79917.5,80349.5,79917.5,80229.5,80.88906418
2026-05-04 22:00:00+00:00,80230.0,80384.5,80021.0,80041.0,143.37579733
2026-05-04 23:00:00+00:00,80026.5,80032.0,79743.5,79847.5,159.5706997
2026-05-05 00:00:00+00:00,79848.5,80172.5,79790.0,80162.5,79.09885502
2026-05-05 01:00:00+00:00,80162.0,80374.5,80076.5,80345.5,108.49339893
2026-05-05 02:00:00+00:00,80345.5,80899.5,80302.5,80550.5,324.61118984
2026-05-05 03:00:00+00:00,80551.0,81082.5,80458.0,80879.0,189.43658367
2026-05-05 04:00:00+00:00,80877.5,80973.0,80723.0,80893.5,90.23846491
2026-05-05 05:00:00+00:00,80893.5,81329.5,80838.0,80967.0,218.41460724
2026-05-05 06:00:00+00:00,80967.5,81007.0,80791.5,80964.0,96.5706931
2026-05-05 07:00:00+00:00,80963.5,81132.5,80848.0,80864.5,212.30838653
2026-05-05 08:00:00+00:00,80861.0,80883.0,80717.5,80808.0,145.21902201
2026-05-05 09:00:00+00:00,80812.0,80816.0,80535.0,80585.5,181.84315752
2026-05-05 10:00:00+00:00,80587.0,80842.5,80545.5,80841.5,59.17581501
2026-05-05 11:00:00+00:00,80841.5,81112.0,80790.0,81013.5,162.0017267
2026-05-05 12:00:00+00:00,81014.0,81316.5,80940.5,81285.0,317.08092442
2026-05-05 13:00:00+00:00,81282.5,81720.0,81185.0,81318.5,493.27207991
2026-05-05 14:00:00+00:00,81315.0,81487.0,80900.0,81324.5,330.69332992
2026-05-05 15:00:00+00:00,81321.0,81677.5,81214.5,81521.0,349.49237244
2026-05-05 16:00:00+00:00,81516.5,81596.5,81041.0,81265.5,186.74705633
2026-05-05 17:00:00+00:00,81269.0,81449.5,81176.5,81259.0,65.83482323
2026-05-05 18:00:00+00:00,81259.5,81585.0,81259.5,81480.5,211.39120093
2026-05-05 19:00:00+00:00,81479.5,81644.5,81377.5,81565.5,365.26030496
2026-05-05 20:00:00+00:00,81565.5,81746.0,81491.5,81639.0,336.9859094
2026-05-05 21:00:00+00:00,81635.0,81775.0,81296.0,81392.0,127.83860247
2026-05-05 22:00:00+00:00,81392.0,81575.0,80800.5,81095.5,436.05514709
2026-05-05 23:00:00+00:00,81096.0,81206.0,80770.5,80886.0,413.6214234
2026-05-06 00:00:00+00:00,80882.0,81232.0,80710.0,81005.0,219.949571
2026-05-06 01:00:00+00:00,81004.5,81489.0,80971.5,81405.0,100.78563905
2026-05-06 02:00:00+00:00,81408.0,81415.0,81028.5,81328.0,119.59735974
2026-05-06 03:00:00+00:00,81330.5,81722.0,81330.5,81556.0,145.22796932
2026-05-06 04:00:00+00:00,81552.5,81604.5,81253.5,81298.0,130.87579948
2026-05-06 05:00:00+00:00,81300.0,81312.5,81032.0,81288.0,81.01317776
2026-05-06 06:00:00+00:00,81288.0,81485.5,81185.0,81455.5,56.6402178
2026-05-06 07:00:00+00:00,81453.5,81592.5,81298.5,81346.5,130.33089722
2026-05-06 08:00:00+00:00,81353.0,81981.0,81307.0,81915.0,270.8533344
2026-05-06 09:00:00+00:00,81915.0,82062.5,81705.5,81985.5,221.89050039
2026-05-06 10:00:00+00:00,81985.5,82387.5,81956.0,82284.0,303.15142809
2026-05-06 11:00:00+00:00,82284.0,82831.0,82268.0,82528.5,447.58067451
2026-05-06 12:00:00+00:00,82528.5,82542.5,82150.0,82242.0,621.88150807
2026-05-06 13:00:00+00:00,82235.5,82235.5,81615.5,81692.0,493.59445021
2026-05-06 14:00:00+00:00,81688.5,81984.0,81134.0,81535.5,642.78097527
2026-05-06 15:00:00+00:00,81533.0,81818.0,81317.5,81712.0,867.54859316
2026-05-06 16:00:00+00:00,81711.5,81890.0,81433.5,81613.0,168.0859395
2026-05-06 17:00:00+00:00,81613.5,81703.5,81385.5,81457.0,109.84596703
2026-05-06 18:00:00+00:00,81457.5,81559.0,81265.5,81350.5,158.15563548
2026-05-06 19:00:00+00:00,81347.0,81503.0,81201.0,81459.5,92.90421795
2026-05-06 20:00:00+00:00,81460.0,81698.5,81307.5,81430.0,147.8904031
2026-05-06 21:00:00+00:00,81430.5,81615.5,81297.0,81547.5,50.69686081
2026-05-06 22:00:00+00:00,81548.5,81548.5,81246.0,81347.0,68.67116104
2026-05-06 23:00:00+00:00,81343.5,81447.0,81000.0,81447.0,110.09974041
2026-05-07 00:00:00+00:00,81447.0,81487.5,81000.0,81019.0,191.16396484
2026-05-07 01:00:00+00:00,81018.5,81300.0,80847.5,81201.5,233.95708302
2026-05-07 02:00:00+00:00,81199.5,81199.5,80908.0,81133.5,241.96739016
2026-05-07 03:00:00+00:00,81133.5,81133.5,80866.5,80866.5,143.25206676
2026-05-07 04:00:00+00:00,80863.0,81010.5,80746.0,80997.5,211.36655321
2026-05-07 05:00:00+00:00,80997.0,81182.5,80997.0,81095.0,94.99691506
2026-05-07 06:00:00+00:00,81096.5,81450.5,80907.0,81450.5,127.99083289
2026-05-07 07:00:00+00:00,81450.5,81719.0,81413.5,81537.0,207.39692152
2026-05-07 08:00:00+00:00,81537.0,81600.5,81221.5,81239.5,162.76054736
2026-05-07 09:00:00+00:00,81239.5,81239.5,80861.0,80946.0,434.60677924
2026-05-07 10:00:00+00:00,80945.5,81017.5,80588.0,80850.5,307.08250487
2026-05-07 11:00:00+00:00,80852.5,81042.5,80797.5,80875.0,138.65181691
2026-05-07 12:00:00+00:00,80874.5,81181.0,80850.5,81169.0,228.92192592
2026-05-07 13:00:00+00:00,81169.0,81169.0,80262.0,80516.0,566.83662604
2026-05-07 14:00:00+00:00,80514.0,80697.0,80065.5,80177.0,597.10046619
2026-05-07 15:00:00+00:00,80177.5,80295.5,79746.5,79919.5,622.55225416
2026-05-07 16:00:00+00:00,79916.0,80037.0,79724.5,79824.0,339.78619035
2026-05-07 17:00:00+00:00,79815.5,80150.0,79521.0,80096.0,330.90975419
2026-05-07 18:00:00+00:00,80096.0,80280.5,80007.5,80219.5,241.46632105
2026-05-07 19:00:00+00:00,80218.5,80229.0,79951.0,80150.0,239.42472542
2026-05-07 20:00:00+00:00,80152.5,80388.0,79868.0,79878.5,172.89174379
2026-05-07 21:00:00+00:00,79879.0,79941.5,79662.5,79742.5,171.26694227
2026-05-07 22:00:00+00:00,79742.0,79996.5,79586.0,79930.5,207.2883281
2026-05-07 23:00:00+00:00,79931.5,80076.0,79875.0,80019.0,57.92511463
2026-05-08 00:00:00+00:00,80016.5,80128.0,79736.0,79837.5,320.4833553
2026-05-08 01:00:00+00:00,79838.5,79911.0,79621.0,79734.5,117.45787694
2026-05-08 02:00:00+00:00,79735.0,79756.5,79350.0,79480.0,823.78090696
2026-05-08 03:00:00+00:00,79480.0,79654.0,79166.0,79553.5,327.22524173
2026-05-08 04:00:00+00:00,79559.0,79733.5,79538.5,79647.5,133.72811022
2026-05-08 05:00:00+00:00,79647.0,79771.5,79591.5,79613.0,201.75968219
2026-05-08 06:00:00+00:00,79600.0,79648.5,79417.5,79530.5,350.82651204
2026-05-08 07:00:00+00:00,79531.0,79717.0,79270.0,79683.5,866.17676048
2026-05-08 08:00:00+00:00,79684.0,79977.5,79662.0,79890.5,295.74235682
2026-05-08 09:00:00+00:00,79890.5,80047.5,79781.5,79868.5,275.54991589
2026-05-08 10:00:00+00:00,79867.0,80264.5,79781.5,80198.5,193.24852362
2026-05-08 11:00:00+00:00,80198.5,80328.5,80098.5,80215.0,389.36366623
2026-05-08 12:00:00+00:00,80215.0,80505.5,79981.0,80032.5,441.19750147
2026-05-08 13:00:00+00:00,80035.0,80099.0,79561.0,79650.5,216.55208506
2026-05-08 14:00:00+00:00,79650.5,80453.5,79650.5,80153.5,504.99300244
2026-05-08 15:00:00+00:00,80154.5,80211.5,79635.0,80148.0,202.00623626
2026-05-08 16:00:00+00:00,80149.0,80185.0,79740.0,79810.0,326.80561069
2026-05-08 17:00:00+00:00,79808.5,80265.0,79753.0,80066.5,356.33319319
2026-05-08 18:00:00+00:00,80068.5,80306.0,80068.5,80096.5,273.98589353
2026-05-08 19:00:00+00:00,80098.0,80197.5,79964.5,80186.5,166.85039848
2026-05-08 20:00:00+00:00,80195.0,80295.5,80110.0,80147.0,106.64767898
2026-05-08 21:00:00+00:00,80149.5,80273.5,80135.0,80273.5,89.09390413
2026-05-08 22:00:00+00:00,80273.0,80412.5,80253.5,80286.5,142.6754298
2026-05-08 23:00:00+00:00,80288.5,80295.0,80130.5,80214.0,76.53177897
2026-05-09 00:00:00+00:00,80213.5,80256.5,80154.5,80256.5,125.1622686
2026-05-09 01:00:00+00:00,80254.5,80455.5,80250.5,80357.0,70.09806388
2026-05-09 02:00:00+00:00,80356.0,80490.5,80356.0,80439.0,88.36967151
2026-05-09 03:00:00+00:00,80438.5,80573.0,80335.0,80401.0,113.34206952
2026-05-09 04:00:00+00:00,80399.5,80690.5,80391.0,80406.5,173.83306859
2026-05-09 05:00:00+00:00,80406.5,80493.0,80375.5,80395.5,140.10714157
2026-05-09 06:00:00+00:00,80393.5,80437.0,80217.5,80270.5,113.41553823
2026-05-09 07:00:00+00:00,80270.5,80311.0,80156.0,80258.5,223.793142
2026-05-09 08:00:00+00:00,80258.5,80459.5,80258.5,80425.5,134.56506534
2026-05-09 09:00:00+00:00,80425.5,80428.5,80233.5,80249.0,97.9761311
2026-05-09 10:00:00+00:00,80252.0,80360.5,80197.0,80289.5,88.24381622
2026-05-09 11:00:00+00:00,80290.0,80387.5,80289.5,80367.5,47.53523465
2026-05-09 12:00:00+00:00,80365.0,80424.5,80296.5,80414.0,54.81680318
2026-05-09 13:00:00+00:00,80415.0,80425.5,80327.0,80401.0,108.93674062
2026-05-09 14:00:00+00:00,80401.0,80431.0,80256.5,80338.0,70.87380808
2026-05-09 15:00:00+00:00,80336.5,80628.0,80240.5,80532.0,244.56068806
2026-05-09 16:00:00+00:00,80532.0,80770.5,80486.0,80628.0,149.49043329
2026-05-09 17:00:00+00:00,80624.5,80923.5,80624.5,80814.5,214.86614267
2026-05-09 18:00:00+00:00,80814.5,81072.0,80788.0,80900.5,131.93684518
2026-05-09 19:00:00+00:00,80901.0,80964.0,80784.0,80925.5,49.66548721
2026-05-09 20:00:00+00:00,80925.5,80932.5,80740.0,80803.0,38.55001919
2026-05-09 21:00:00+00:00,80803.0,80878.0,80749.0,80778.5,44.75975305
2026-05-09 22:00:00+00:00,80774.5,80815.0,80677.0,80759.5,46.66307917
2026-05-09 23:00:00+00:00,80759.5,80838.5,80626.5,80669.5,31.79611992
2026-05-10 00:00:00+00:00,80667.5,80767.5,80624.0,80667.5,148.70791669
2026-05-10 01:00:00+00:00,80670.0,80690.0,80585.5,80685.0,60.14552924
2026-05-10 02:00:00+00:00,80685.0,80787.0,80622.5,80779.5,16.66442738
2026-05-10 03:00:00+00:00,80780.0,80886.0,80720.5,80780.5,31.06871344
2026-05-10 04:00:00+00:00,80778.0,80843.5,80735.0,80760.5,43.78797892
2026-05-10 05:00:00+00:00,80759.5,80808.0,80684.5,80693.5,28.59385593
2026-05-10 06:00:00+00:00,80693.5,80754.5,80659.0,80726.5,38.51818024
2026-05-10 07:00:00+00:00,80725.5,80810.5,80725.5,80739.0,49.48703463
2026-05-10 08:00:00+00:00,80739.0,80905.0,80715.0,80838.0,119.52086997
2026-05-10 09:00:00+00:00,80837.5,80915.0,80771.0,80813.5,121.36304923
2026-05-10 10:00:00+00:00,80813.5,80898.0,80720.5,80897.0,157.61592987
2026-05-10 11:00:00+00:00,80897.0,80985.5,80778.5,80847.0,92.59912183
2026-05-10 12:00:00+00:00,80844.0,80960.0,80804.5,80934.5,63.52298999
2026-05-10 13:00:00+00:00,80937.5,81015.0,80885.0,80984.5,78.68255483
2026-05-10 14:00:00+00:00,80984.5,81017.0,80825.5,80984.5,46.57128689
2026-05-10 15:00:00+00:00,80985.5,81443.5,80945.5,81431.0,283.22114035
2026-05-10 16:00:00+00:00,81431.5,81500.0,81210.0,81375.0,108.94219813
2026-05-10 17:00:00+00:00,81375.0,81589.5,81223.5,81483.0,126.7495092
2026-05-10 18:00:00+00:00,81486.0,81505.0,81247.5,81289.0,40.14764218
2026-05-10 19:00:00+00:00,81288.5,81483.0,81160.5,81428.0,74.27553493
2026-05-10 20:00:00+00:00,81431.0,81482.0,80287.5,80734.0,323.61023322
2026-05-10 21:00:00+00:00,80734.0,80939.0,80571.0,80718.0,111.75199617
2026-05-10 22:00:00+00:00,80720.0,82172.0,80667.5,82045.0,592.46639411
2026-05-10 23:00:00+00:00,82045.0,82477.0,82045.0,82201.5,327.29912142
2026-05-11 00:00:00+00:00,82201.5,82379.5,81300.0,81487.5,514.94982625
2026-05-11 01:00:00+00:00,81485.0,81756.5,81300.5,81516.5,128.76878452
2026-05-11 02:00:00+00:00,81516.5,81582.5,81124.0,81184.0,159.1229654
2026-05-11 03:00:00+00:00,81183.5,81194.5,80537.0,80738.5,392.72559384
2026-05-11 04:00:00+00:00,80740.0,80888.0,80652.0,80837.0,156.51506123
2026-05-11 05:00:00+00:00,80836.0,80989.5,80775.0,80858.0,78.0757817
2026-05-11 06:00:00+00:00,80858.0,81067.0,80783.0,80846.0,65.01074534
2026-05-11 07:00:00+00:00,80843.0,80848.0,80700.0,80756.5,84.85307034
2026-05-11 08:00:00+00:00,80756.5,80871.5,80633.0,80774.0,97.18179614
2026-05-11 09:00:00+00:00,80771.0,81006.0,80764.5,80978.0,68.20605791
2026-05-11 10:00:00+00:00,80976.0,81208.5,80945.0,80945.0,82.3595956
2026-05-11 11:00:00+00:00,80943.5,81203.5,80906.0,81203.5,40.26488722
2026-05-11 12:00:00+00:00,81206.5,81357.0,81018.0,81056.5,135.63069515
2026-05-11 13:00:00+00:00,81055.0,81327.0,80775.0,81069.0,255.88662895
2026-05-11 14:00:00+00:00,81069.0,81245.5,80465.5,80943.5,242.3190862
2026-05-11 15:00:00+00:00,80943.5,81449.5,80834.0,81444.5,281.22104018
2026-05-11 16:00:00+00:00,81444.5,81903.5,81329.5,81574.5,314.43271556
2026-05-11 17:00:00+00:00,81574.0,82054.0,81364.5,81930.5,222.94006851
2026-05-11 18:00:00+00:00,81932.5,82130.5,81834.5,81858.0,260.31499943
2026-05-11 19:00:00+00:00,81859.0,82096.0,81736.5,81949.0,245.35120723
2026-05-11 20:00:00+00:00,81950.0,82069.5,81754.5,81806.5,85.30544275
2026-05-11 21:00:00+00:00,81806.5,81898.0,81597.0,81809.0,105.98308618
2026-05-11 22:00:00+00:00,81812.0,81964.0,81744.0,81834.5,86.2789357
2026-05-11 23:00:00+00:00,81834.0,81834.0,81594.5,81744.5,32.5959304
2026-05-12 00:00:00+00:00,81744.5,81783.5,81476.0,81535.5,118.81163881
2026-05-12 01:00:00+00:00,81535.0,81600.0,80700.0,81179.0,667.14105876
2026-05-12 02:00:00+00:00,81178.5,81316.0,81083.5,81239.0,102.14114364
2026-05-12 03:00:00+00:00,81241.0,81274.0,81010.5,81029.5,220.76400486
2026-05-12 04:00:00+00:00,81029.5,81281.5,80979.5,81213.5,135.34174766
2026-05-12 05:00:00+00:00,81213.0,81287.0,81178.5,81226.5,83.9902373
2026-05-12 06:00:00+00:00,81226.5,81284.0,80986.5,81008.5,130.00487808
2026-05-12 07:00:00+00:00,81008.5,81101.5,80804.0,80854.0,358.29773896
2026-05-12 08:00:00+00:00,80854.0,80954.0,80771.0,80850.5,73.66968081
2026-05-12 09:00:00+00:00,80848.0,80951.5,80721.5,80833.5,73.43861974
2026-05-12 10:00:00+00:00,80833.0,80833.0,80603.5,80659.5,68.25946251
2026-05-12 11:00:00+00:00,80659.5,80772.5,80490.5,80772.5,115.99892197
2026-05-12 12:00:00+00:00,80772.5,81000.5,80618.5,80879.0,213.84664193
2026-05-12 13:00:00+00:00,80878.5,80927.0,80400.0,80458.0,292.62464343
2026-05-12 14:00:00+00:00,80458.0,80878.0,80400.0,80539.0,280.97428608
2026-05-12 15:00:00+00:00,80538.0,80650.5,80150.0,80325.5,280.34150508
2026-05-12 16:00:00+00:00,80325.5,80411.0,79838.0,79969.5,225.41154801
2026-05-12 17:00:00+00:00,79970.0,80575.0,79940.0,80500.0,112.12928194
2026-05-12 18:00:00+00:00,80501.5,80740.0,80428.0,80654.5,118.74804851
2026-05-12 19:00:00+00:00,80655.0,80848.5,80654.5,80817.5,97.94301858
2026-05-12 20:00:00+00:00,80820.0,80863.5,80630.0,80690.0,71.66003763
2026-05-12 21:00:00+00:00,80691.0,80721.0,80487.0,80580.5,61.56209736
2026-05-12 22:00:00+00:00,80580.5,80784.5,80580.5,80651.0,43.47833194
2026-05-12 23:00:00+00:00,80650.5,80702.5,80443.0,80494.5,136.52649241
2026-05-13 00:00:00+00:00,80492.5,80747.0,80408.0,80704.0,171.37311176
2026-05-13 01:00:00+00:00,80703.0,81177.0,80670.5,80989.0,113.22868663
2026-05-13 02:00:00+00:00,80990.5,81254.0,80927.5,81042.0,47.04954147
2026-05-13 03:00:00+00:00,81043.0,81286.5,80976.5,81238.0,129.35520993
2026-05-13 04:00:00+00:00,81240.0,81271.5,81121.0,81223.5,64.50286277
2026-05-13 05:00:00+00:00,81224.0,81232.5,80993.5,81004.0,125.59013947
2026-05-13 06:00:00+00:00,81004.5,81144.0,80969.0,80973.0,92.95030996
2026-05-13 07:00:00+00:00,80973.5,81032.5,80880.5,81003.5,217.3515597
2026-05-13 08:00:00+00:00,81003.5,81220.5,80927.5,81175.0,275.81116178
2026-05-13 09:00:00+00:00,81175.0,81325.5,81135.5,81276.5,104.67831506
2026-05-13 10:00:00+00:00,81277.0,81287.5,80802.0,80806.0,75.95515879
2026-05-13 11:00:00+00:00,80805.5,80831.0,80501.0,80517.0,192.62484698
2026-05-13 12:00:00+00:00,80517.0,80594.0,79859.0,80215.5,496.53165371
2026-05-13 13:00:00+00:00,80213.5,80344.0,79584.0,79659.5,313.46101727
2026-05-13 14:00:00+00:00,79656.5,79895.5,79476.5,79760.0,265.44303842
2026-05-13 15:00:00+00:00,79759.5,79851.5,78805.0,78829.5,649.17382962
2026-05-13 16:00:00+00:00,78827.5,79225.0,78754.0,79094.5,524.12239599
2026-05-13 17:00:00+00:00,79095.0,79549.5,79095.0,79507.5,190.13259481
2026-05-13 18:00:00+00:00,79508.0,79791.0,79508.0,79581.5,246.57768075
2026-05-13 19:00:00+00:00,79581.0,79647.5,79396.5,79638.0,131.18608736
2026-05-13 20:00:00+00:00,79637.5,79741.5,79618.5,79687.5,59.26189165
2026-05-13 21:00:00+00:00,79688.5,79688.5,79326.0,79387.5,106.60808547
2026-05-13 22:00:00+00:00,79387.5,79457.5,79224.5,79425.5,97.11659769
2026-05-13 23:00:00+00:00,79425.0,79491.5,79225.0,79300.0,89.02926458
2026-05-14 00:00:00+00:00,79299.5,79664.5,79299.5,79567.5,169.37022843
2026-05-14 01:00:00+00:00,79567.0,79670.0,79406.0,79592.5,84.49176199
2026-05-14 02:00:00+00:00,79593.0,79660.0,79211.0,79351.0,132.13972303
2026-05-14 03:00:00+00:00,79352.5,79445.0,78918.0,79035.0,303.76669699
2026-05-14 04:00:00+00:00,79034.5,79467.5,78973.0,79433.0,166.11368051
2026-05-14 05:00:00+00:00,79433.0,79983.0,79363.0,79793.0,285.31862201
2026-05-14 06:00:00+00:00,79793.0,79911.5,79745.5,79783.0,181.32070302
2026-05-14 07:00:00+00:00,79782.5,79899.5,79685.0,79718.5,259.54731972
2026-05-14 08:00:00+00:00,79718.0,79904.5,79613.0,79797.0,98.66329983
2026-05-14 09:00:00+00:00,79797.5,79881.0,79558.0,79613.5,109.24672571
2026-05-14 10:00:00+00:00,79613.5,79725.0,79382.5,79557.0,113.35690857
2026-05-14 11:00:00+00:00,79556.5,79593.5,79205.0,79231.0,101.65521886
2026-05-14 12:00:00+00:00,79229.5,79755.5,79211.5,79749.0,101.39581486
2026-05-14 13:00:00+00:00,79749.0,80055.5,79679.0,79698.0,367.32143431
2026-05-14 14:00:00+00:00,79698.0,80973.0,79554.0,80924.5,1063.98642909
2026-05-14 15:00:00+00:00,80927.0,81312.0,80804.5,81285.5,574.96557649
2026-05-14 16:00:00+00:00,81288.0,81870.0,81072.0,81868.5,816.35247338
2026-05-14 17:00:00+00:00,81865.5,82012.0,81255.0,81647.5,762.16643547
2026-05-14 18:00:00+00:00,81647.5,81924.0,81429.0,81563.5,396.0843508
2026-05-14 19:00:00+00:00,81563.0,81692.5,81314.0,81403.0,239.01238594
2026-05-14 20:00:00+00:00,81407.0,81574.0,81159.0,81408.0,96.75175623
2026-05-14 21:00:00+00:00,81405.0,81505.0,81252.0,81381.0,184.61062449
2026-05-14 22:00:00+00:00,81379.0,81543.0,81323.0,81441.0,81.45506434
2026-05-14 23:00:00+00:00,81441.5,81441.5,81045.5,81071.5,97.82601405
2026-05-15 00:00:00+00:00,81071.5,81641.5,81058.0,81510.5,116.73382408
2026-05-15 01:00:00+00:00,81510.0,81605.0,81103.5,81133.0,615.83234845
2026-05-15 02:00:00+00:00,81130.5,81326.5,80736.0,81280.0,277.97600979
2026-05-15 03:00:00+00:00,81280.5,81323.5,80918.0,81052.5,126.21727236
2026-05-15 04:00:00+00:00,81052.0,81091.0,80713.5,80720.0,304.1404326
2026-05-15 05:00:00+00:00,80722.0,80871.5,80320.0,80366.5,438.31920657
2026-05-15 06:00:00+00:00,80366.5,80622.5,80320.0,80584.0,434.95683726
2026-05-15 07:00:00+00:00,80581.5,80991.0,80555.0,80830.0,573.7435331
2026-05-15 08:00:00+00:00,80830.0,80830.0,80414.0,80627.0,220.47909768
2026-05-15 09:00:00+00:00,80629.5,80664.5,80360.0,80472.0,266.65192503
2026-05-15 10:00:00+00:00,80472.0,80749.0,80405.5,80688.0,154.80046674
2026-05-15 11:00:00+00:00,80690.5,80733.0,80582.0,80603.5,74.13562618
2026-05-15 12:00:00+00:00,80603.5,80621.0,80325.5,80370.5,192.21487419
2026-05-15 13:00:00+00:00,80371.5,80371.5,78600.0,78716.0,944.92676409
2026-05-15 14:00:00+00:00,78716.0,79295.5,78601.5,79124.0,454.13163004
2026-05-15 15:00:00+00:00,79124.5,79340.5,78992.5,79128.5,179.55735091
2026-05-15 16:00:00+00:00,79120.0,79349.0,79105.0,79235.0,172.36722543
2026-05-15 17:00:00+00:00,79249.5,79450.0,79185.5,79427.0,141.71624635
2026-05-15 18:00:00+00:00,79427.0,79520.5,79130.5,79249.5,89.06318205
2026-05-15 19:00:00+00:00,79242.0,79242.0,79024.5,79103.0,114.4109979
2026-05-15 20:00:00+00:00,79092.0,79175.5,78954.0,79078.5,78.68449913
2026-05-15 21:00:00+00:00,79079.5,79154.5,78872.0,78944.0,69.64306375
2026-05-15 22:00:00+00:00,78927.0,79108.0,78927.0,79074.0,22.63787056
2026-05-15 23:00:00+00:00,79072.0,79126.0,79030.0,79078.5,65.98090024
2026-05-16 00:00:00+00:00,79078.5,79191.0,79039.0,79066.5,133.719952
2026-05-16 01:00:00+00:00,79066.5,79146.0,78985.0,79129.5,53.65765773
2026-05-16 02:00:00+00:00,79127.0,79171.0,79045.5,79112.0,45.77154853
2026-05-16 03:00:00+00:00,79118.5,79145.0,79020.0,79043.5,36.49188416
2026-05-16 04:00:00+00:00,79043.5,79087.0,78822.5,78992.5,53.57895404
2026-05-16 05:00:00+00:00,78993.5,78999.0,78890.5,78986.0,45.04231788
2026-05-16 06:00:00+00:00,78989.0,79004.5,78409.5,78597.5,143.00006864
2026-05-16 07:00:00+00:00,78603.0,78604.0,78031.5,78338.5,421.35348784
2026-05-16 08:00:00+00:00,78331.0,78493.5,78299.0,78382.0,91.72051688
2026-05-16 09:00:00+00:00,78372.5,78385.5,77854.5,78048.0,178.02299408
2026-05-16 10:00:00+00:00,78040.5,78057.0,77616.0,77922.5,180.95741933
2026-05-16 11:00:00+00:00,77926.0,78156.0,77926.0,78063.0,81.1255956
2026-05-16 12:00:00+00:00,78060.0,78098.5,77893.5,77986.5,82.04315346
2026-05-16 13:00:00+00:00,77983.5,77983.5,77813.5,77977.5,87.4190527
2026-05-16 14:00:00+00:00,77992.5,78297.0,77861.5,78094.0,118.08944828
2026-05-16 15:00:00+00:00,78093.5,78245.0,78046.5,78201.5,96.9824028
2026-05-16 16:00:00+00:00,78201.5,78322.5,78088.5,78162.0,146.60941974
2026-05-16 17:00:00+00:00,78162.5,78276.0,78150.5,78180.0,21.336891
2026-05-16 18:00:00+00:00,78180.5,78293.5,78119.5,78200.0,34.69406923
2026-05-16 19:00:00+00:00,78200.5,78268.0,78176.0,78228.0,30.00404387
2026-05-16 20:00:00+00:00,78221.5,78290.5,78167.5,78230.5,27.39382878
2026-05-16 21:00:00+00:00,78222.0,78276.5,78180.5,78242.0,45.35544412
2026-05-16 22:00:00+00:00,78241.5,78245.5,78144.0,78146.5,42.81485406
2026-05-16 23:00:00+00:00,78146.5,78230.0,78095.5,78118.0,24.79100607
2026-05-17 00:00:00+00:00,78110.0,78184.5,77754.0,77900.0,272.12202722
2026-05-17 01:00:00+00:00,77905.0,78056.0,77683.0,77692.5,141.80251754
2026-05-17 02:00:00+00:00,77689.0,77895.0,77682.5,77875.5,101.58541253
2026-05-17 03:00:00+00:00,77858.0,78033.5,77857.5,77987.0,65.95789448
2026-05-17 04:00:00+00:00,77985.5,78169.5,77965.5,78138.5,76.64256025
2026-05-17 05:00:00+00:00,78120.5,78279.0,78071.5,78088.0,51.92093506
2026-05-17 06:00:00+00:00,78089.0,78170.5,77980.5,78070.0,70.39202816
2026-05-17 07:00:00+00:00,78070.0,78166.5,78020.0,78121.5,114.52991157
2026-05-17 08:00:00+00:00,78121.5,78144.0,77986.5,78035.5,73.02684982
2026-05-17 09:00:00+00:00,78035.5,78242.5,78035.5,78214.5,53.4694295
2026-05-17 10:00:00+00:00,78205.5,78564.5,78205.5,78416.5,106.6798174
2026-05-17 11:00:00+00:00,78416.0,78430.0,78252.5,78363.0,39.37890814
2026-05-17 12:00:00+00:00,78363.0,78511.0,78298.0,78314.0,79.05029191
2026-05-17 13:00:00+00:00,78319.5,78319.5,78140.0,78178.5,37.75044289
2026-05-17 14:00:00+00:00,78162.5,78178.5,77810.0,78011.5,81.47732238
2026-05-17 15:00:00+00:00,77996.5,78071.0,77881.5,78001.5,61.2334595
2026-05-17 16:00:00+00:00,78002.0,78139.5,78000.0,78000.0,69.66822993
2026-05-17 17:00:00+00:00,77993.0,78040.0,77816.0,78040.0,111.3156308
2026-05-17 18:00:00+00:00,78040.5,78213.0,77960.5,78211.0,43.89391153
2026-05-17 19:00:00+00:00,78213.0,78424.5,78180.0,78367.0,229.03816611
2026-05-17 20:00:00+00:00,78375.0,78391.0,78186.5,78234.0,97.10129943
2026-05-17 21:00:00+00:00,78227.5,78428.0,78195.5,78358.5,64.95030045
2026-05-17 22:00:00+00:00,78358.5,78359.0,77759.0,77943.0,172.22682186
2026-05-17 23:00:00+00:00,77944.0,77948.5,76650.0,77406.5,611.52656035
2026-05-18 00:00:00+00:00,77417.0,77433.0,76863.5,77142.5,220.28108929
2026-05-18 01:00:00+00:00,77148.0,77227.0,76694.5,77056.5,209.20823454
2026-05-18 02:00:00+00:00,77054.0,77170.0,76650.5,76780.5,274.40655488
2026-05-18 03:00:00+00:00,76780.5,76964.5,76767.0,76868.0,104.04547186
2026-05-18 04:00:00+00:00,76868.0,77026.5,76703.5,76992.5,124.7443889
2026-05-18 05:00:00+00:00,76992.0,77030.0,76840.5,76859.0,247.61217844
2026-05-18 06:00:00+00:00,76868.5,76909.5,76539.5,76843.0,337.66325521
2026-05-18 07:00:00+00:00,76843.0,77037.0,76710.0,77022.5,436.00022473
2026-05-18 08:00:00+00:00,77022.5,77128.0,76840.0,76979.5,236.2732772
2026-05-18 09:00:00+00:00,76980.0,76994.5,76836.0,76872.5,143.15248071
2026-05-18 10:00:00+00:00,76887.0,76909.0,76665.0,76733.5,212.17649627
2026-05-18 11:00:00+00:00,76734.0,77352.0,76603.5,77245.0,167.82046802
2026-05-18 12:00:00+00:00,77247.5,77750.0,77240.5,77585.5,313.03814511
2026-05-18 13:00:00+00:00,77595.5,77595.5,76667.5,76896.0,363.47184695
2026-05-18 14:00:00+00:00,76903.5,76915.0,76200.5,76337.5,704.60211855
2026-05-18 15:00:00+00:00,76338.0,76446.0,75992.0,76369.5,530.6980269
2026-05-18 16:00:00+00:00,76377.0,76610.0,76168.5,76369.0,188.28095495
2026-05-18 17:00:00+00:00,76361.0,76699.0,76316.5,76642.0,189.61637047
2026-05-18 18:00:00+00:00,76642.0,76642.5,76100.5,76206.0,127.10683092
2026-05-18 19:00:00+00:00,76205.0,76936.0,76184.5,76861.5,427.34275468
2026-05-18 20:00:00+00:00,76880.0,77124.0,76821.5,76858.5,193.70948612
2026-05-18 21:00:00+00:00,76857.5,77120.5,76744.0,77054.5,103.94219094
2026-05-18 22:00:00+00:00,77052.5,77157.5,76874.5,77017.5,118.28026504
2026-05-18 23:00:00+00:00,77017.5,77100.5,76900.5,76953.5,78.58893075
2026-05-19 00:00:00+00:00,76953.0,77358.5,76910.0,77103.0,131.12086269
2026-05-19 01:00:00+00:00,77102.5,77102.5,76624.5,76624.5,154.31979368
2026-05-19 02:00:00+00:00,76624.0,76936.0,76428.0,76574.5,113.9579503
2026-05-19 03:00:00+00:00,76574.0,76814.0,76539.0,76730.0,93.30636225
2026-05-19 04:00:00+00:00,76730.5,76889.5,76666.5,76871.0,241.49545132
2026-05-19 05:00:00+00:00,76872.5,76947.0,76592.5,76860.0,275.14531963
2026-05-19 06:00:00+00:00,76860.0,77037.5,76835.0,76970.5,244.74909692
2026-05-19 07:00:00+00:00,76970.5,77213.0,76925.5,77160.5,356.64514595
2026-05-19 08:00:00+00:00,77161.0,77244.0,76912.0,76981.0,206.40379697
2026-05-19 09:00:00+00:00,76981.0,76981.5,76701.0,76752.0,132.55779239
2026-05-19 10:00:00+00:00,76752.0,77032.5,76671.5,76968.0,203.80141821
2026-05-19 11:00:00+00:00,76969.5,77005.0,76576.0,76657.5,269.51404291
2026-05-19 12:00:00+00:00,76657.0,76917.5,76592.5,76882.0,50.95114771
2026-05-19 13:00:00+00:00,76882.5,76995.0,76534.5,76806.5,168.83191311
2026-05-19 14:00:00+00:00,76808.0,76947.0,76086.5,76346.0,421.40256213
2026-05-19 15:00:00+00:00,76345.5,76627.5,76295.5,76464.0,159.88615624
2026-05-19 16:00:00+00:00,76466.0,76876.0,76359.5,76856.0,145.82794298
2026-05-19 17:00:00+00:00,76855.5,76976.0,76714.5,76808.0,178.27687301
2026-05-19 18:00:00+00:00,76808.0,76895.5,76696.0,76747.0,88.8242139
2026-05-19 19:00:00+00:00,76747.0,77022.0,76703.0,76763.5,87.30897289
2026-05-19 20:00:00+00:00,76766.5,76983.0,76766.5,76973.5,26.1931948
2026-05-19 21:00:00+00:00,76973.5,76999.0,76912.5,76930.5,68.63629324
2026-05-19 22:00:00+00:00,76931.0,76931.0,76607.0,76666.5,57.86393034
2026-05-19 23:00:00+00:00,76665.5,76931.0,76627.5,76785.0,52.31340452
2026-05-20 00:00:00+00:00,76785.0,76837.5,76470.5,76739.5,85.56271021
2026-05-20 01:00:00+00:00,76733.5,76869.5,76484.5,76768.0,107.5411948
2026-05-20 02:00:00+00:00,76767.0,76854.5,76558.5,76638.5,71.24477183
2026-05-20 03:00:00+00:00,76637.5,76776.5,76554.0,76679.5,43.11768992
2026-05-20 04:00:00+00:00,76678.0,76778.0,76641.0,76727.5,60.29688922
2026-05-20 05:00:00+00:00,76727.0,77266.0,76727.0,77149.5,190.84178462
2026-05-20 06:00:00+00:00,77148.5,77364.5,77142.0,77344.0,99.21086535
2026-05-20 07:00:00+00:00,77344.0,77410.0,77188.0,77220.5,175.80101956
2026-05-20 08:00:00+00:00,77220.5,77577.5,77153.5,77401.5,230.48201866
2026-05-20 09:00:00+00:00,77401.5,77482.5,77306.5,77419.5,68.51686042
2026-05-20 10:00:00+00:00,77419.0,77596.5,77419.0,77455.0,123.2831432
2026-05-20 11:00:00+00:00,77455.5,77501.5,77271.0,77323.0,189.50279688
2026-05-20 12:00:00+00:00,77321.5,77674.5,77296.5,77555.0,172.23463456
2026-05-20 13:00:00+00:00,77555.5,77583.0,76908.0,77148.5,353.52787583
2026-05-20 14:00:00+00:00,77149.0,77516.5,76836.0,77397.5,358.75798913
2026-05-20 15:00:00+00:00,77396.5,77812.0,77266.0,77406.0,334.84525379
2026-05-20 16:00:00+00:00,77406.0,77506.0,76948.5,77281.0,268.15848438
2026-05-20 17:00:00+00:00,77281.5,77667.0,77175.0,77514.5,140.4686507
2026-05-20 18:00:00+00:00,77515.5,77584.0,77345.5,77361.0,78.749075
2026-05-20 19:00:00+00:00,77361.5,77661.5,77304.5,77618.5,148.18424325
2026-05-20 20:00:00+00:00,77619.0,77717.5,77441.5,77659.5,191.21561235
2026-05-20 21:00:00+00:00,77670.0,77731.0,77462.5,77462.5,48.6555833
2026-05-20 22:00:00+00:00,77462.5,77462.5,77186.0,77448.0,152.25938218
2026-05-20 23:00:00+00:00,77450.0,77501.5,77343.0,77499.0,37.60219579
2026-05-21 00:00:00+00:00,77499.5,78056.5,77466.0,77919.0,208.79174068
2026-05-21 01:00:00+00:00,77926.5,78117.5,77758.5,77816.5,210.91153317
2026-05-21 02:00:00+00:00,77815.0,78042.5,77775.0,77909.5,91.76515296
2026-05-21 03:00:00+00:00,77908.0,78059.5,77861.0,78040.0,56.896246
2026-05-21 04:00:00+00:00,78035.0,78136.5,77901.0,77983.0,99.37254464
2026-05-21 05:00:00+00:00,77982.0,78082.5,77667.5,77770.0,82.71591137
2026-05-21 06:00:00+00:00,77770.0,77819.5,77484.5,77558.0,116.7441213
2026-05-21 07:00:00+00:00,77558.0,77845.0,77476.5,77840.0,149.58033809
2026-05-21 08:00:00+00:00,77830.5,78141.0,77830.5,77881.5,286.52224229
2026-05-21 09:00:00+00:00,77880.5,77926.0,77576.5,77576.5,109.85535627
2026-05-21 10:00:00+00:00,77583.0,77631.5,77126.5,77150.5,291.68677835
2026-05-21 11:00:00+00:00,77150.0,77326.5,77063.0,77146.5,182.95682635
2026-05-21 12:00:00+00:00,77147.0,77307.5,77039.0,77233.5,237.59219685
2026-05-21 13:00:00+00:00,77233.5,77306.5,76670.5,77070.5,404.1195944
2026-05-21 14:00:00+00:00,77071.0,77183.0,76732.0,76933.0,288.49997193
2026-05-21 15:00:00+00:00,76933.5,77347.5,76855.0,77208.5,217.00758665
2026-05-21 16:00:00+00:00,77207.5,77289.0,76956.5,77134.0,174.06872774
2026-05-21 17:00:00+00:00,77134.5,78032.5,77120.5,77818.5,688.23346881
2026-05-21 18:00:00+00:00,77819.0,77871.5,77209.5,77337.5,316.90879401
2026-05-21 19:00:00+00:00,77343.5,77748.5,77326.5,77644.5,177.58387902
2026-05-21 20:00:00+00:00,77644.5,77750.0,77600.5,77650.5,49.08907569
2026-05-21 21:00:00+00:00,77650.0,77750.0,77597.5,77618.5,59.85250648
2026-05-21 22:00:00+00:00,77619.5,77700.0,77500.0,77574.5,58.41260553
2026-05-21 23:00:00+00:00,77574.5,77699.5,77485.5,77565.0,111.10941229
2026-05-22 00:00:00+00:00,77568.5,77580.0,77322.0,77322.0,255.59313825
2026-05-22 01:00:00+00:00,77321.5,77609.5,77275.5,77559.0,167.41037691
2026-05-22 02:00:00+00:00,77558.5,77688.5,77542.5,77625.5,189.67207993
2026-05-22 03:00:00+00:00,77625.0,77755.5,77625.0,77725.0,290.75668303
2026-05-22 04:00:00+00:00,77726.0,77836.0,77587.0,77595.0,129.68217885
2026-05-22 05:00:00+00:00,77595.0,77665.0,77405.5,77432.5,285.36098234
2026-05-22 06:00:00+00:00,77432.0,77470.0,77317.0,77362.5,100.64467241
2026-05-22 07:00:00+00:00,77362.5,77481.0,77230.0,77334.0,355.02529707
2026-05-22 08:00:00+00:00,77334.0,77466.5,77144.5,77194.0,274.68918342
2026-05-22 09:00:00+00:00,77194.0,77293.0,77136.0,77236.5,121.15320778
2026-05-22 10:00:00+00:00,77236.5,77310.0,77197.0,77244.5,59.22214208
2026-05-22 11:00:00+00:00,77245.0,77372.0,77121.0,77372.0,113.80997325
2026-05-22 12:00:00+00:00,77372.0,77504.0,77336.0,77461.5,100.89326876
2026-05-22 13:00:00+00:00,77462.0,77490.0,77066.5,77219.0,199.94027095
2026-05-22 14:00:00+00:00,77220.0,77220.0,76695.5,76717.0,453.06621565
2026-05-22 15:00:00+00:00,76719.0,76966.0,76507.0,76728.5,279.46834935
2026-05-22 16:00:00+00:00,76728.0,76913.0,76704.0,76871.0,172.15528239
2026-05-22 17:00:00+00:00,76871.0,77025.5,76684.0,76684.0,185.79473956
2026-05-22 18:00:00+00:00,76684.0,76828.0,76000.5,76474.5,465.88807977
2026-05-22 19:00:00+00:00,76474.5,76520.5,75600.5,75784.5,784.56983855
2026-05-22 20:00:00+00:00,75800.0,76018.0,75766.5,75926.0,165.64785955
2026-05-22 21:00:00+00:00,75925.5,76028.5,75884.5,75927.0,148.20116479
2026-05-22 22:00:00+00:00,75927.5,75927.5,75438.5,75675.5,202.47263484
2026-05-22 23:00:00+00:00,75676.0,75804.5,75262.0,75466.5,157.68268865
2026-05-23 00:00:00+00:00,75467.0,75555.5,75134.5,75286.0,285.21889819
2026-05-23 01:00:00+00:00,75286.0,75430.0,75282.0,75417.5,62.9242976
2026-05-23 02:00:00+00:00,75419.0,75509.0,75337.0,75499.5,63.6266965
2026-05-23 03:00:00+00:00,75499.5,75588.5,75495.0,75563.5,35.44091059
2026-05-23 04:00:00+00:00,75563.5,75582.5,75447.5,75466.0,35.75688337
2026-05-23 05:00:00+00:00,75466.5,75488.5,75403.0,75415.0,21.43981306
2026-05-23 06:00:00+00:00,75415.5,75430.5,75322.0,75335.5,37.6016796
2026-05-23 07:00:00+00:00,75331.5,75368.5,74187.0,74502.0,879.52454589
2026-05-23 08:00:00+00:00,74502.0,74625.0,74245.5,74566.5,646.00069633
2026-05-23 09:00:00+00:00,74567.0,74657.5,74528.5,74577.0,149.73643369
2026-05-23 10:00:00+00:00,74577.5,74694.5,74577.0,74632.0,52.76876937
2026-05-23 11:00:00+00:00,74632.0,74787.0,74632.0,74717.5,54.35964681
2026-05-23 12:00:00+00:00,74713.0,74713.0,74582.5,74673.0,64.9171879
2026-05-23 13:00:00+00:00,74674.0,75169.5,74674.0,75131.0,277.30919468
2026-05-23 14:00:00+00:00,75126.0,75604.5,75030.5,75443.5,218.44666199
2026-05-23 15:00:00+00:00,75444.0,75592.5,75320.0,75426.0,107.18400592
2026-05-23 16:00:00+00:00,75426.0,75538.0,75323.5,75346.0,117.65625181
2026-05-23 17:00:00+00:00,75346.0,75420.5,75273.5,75393.0,57.85970824
2026-05-23 18:00:00+00:00,75392.5,75894.0,75375.0,75755.5,164.92896118
2026-05-23 19:00:00+00:00,75755.0,75913.0,75692.0,75885.5,127.44746807
2026-05-23 20:00:00+00:00,75883.5,77197.5,75858.5,77196.0,561.8395213
2026-05-23 21:00:00+00:00,77191.0,77300.0,76438.0,76698.0,594.89587893
2026-05-23 22:00:00+00:00,76710.0,76778.0,76308.5,76478.5,155.73178566
2026-05-23 23:00:00+00:00,76479.5,76715.0,76439.0,76651.5,106.93982834
2026-05-24 00:00:00+00:00,76651.0,76823.5,76530.0,76733.0,111.52483019
2026-05-24 01:00:00+00:00,76731.5,76807.5,76652.0,76790.5,61.94659021
2026-05-24 02:00:00+00:00,76790.5,76849.5,76605.0,76719.5,72.89932152
2026-05-24 03:00:00+00:00,76719.0,76887.0,76625.5,76625.5,100.60050129
2026-05-24 04:00:00+00:00,76635.5,76737.0,76619.0,76672.5,46.7279037
2026-05-24 05:00:00+00:00,76672.0,76748.0,76547.5,76715.5,87.04822503
2026-05-24 06:00:00+00:00,76715.5,76991.0,76607.5,76879.0,83.06282278
2026-05-24 07:00:00+00:00,76879.0,76918.5,76702.0,76709.5,234.7340171
2026-05-24 08:00:00+00:00,76709.5,76760.5,76643.5,76737.5,68.67177764
2026-05-24 09:00:00+00:00,76738.0,76943.5,76735.5,76929.5,45.07966499
2026-05-24 10:00:00+00:00,76929.0,77435.0,76835.5,77108.0,239.32060478
2026-05-24 11:00:00+00:00,77107.5,77264.0,77098.5,77226.5,121.93614914
2026-05-24 12:00:00+00:00,77228.0,77234.0,76959.0,77026.0,101.92820965
2026-05-24 13:00:00+00:00,77026.5,77027.0,76600.5,76708.0,278.25257006
2026-05-24 14:00:00+00:00,76700.5,76731.5,76107.0,76348.5,244.74608429
2026-05-24 15:00:00+00:00,76351.5,76430.5,76259.0,76270.5,69.9874708
2026-05-24 16:00:00+00:00,76270.5,76643.5,76270.5,76577.0,104.23623099
2026-05-24 17:00:00+00:00,76579.5,76692.5,76474.0,76598.0,62.1723677
2026-05-24 18:00:00+00:00,76596.5,76690.0,76500.5,76576.0,39.03903498
2026-05-24 19:00:00+00:00,76575.5,76678.5,76517.0,76663.0,32.73570796
2026-05-24 20:00:00+00:00,76664.0,76694.0,76519.5,76568.0,77.97606322
2026-05-24 21:00:00+00:00,76567.5,76654.5,76014.0,76066.0,203.25723416
2026-05-24 22:00:00+00:00,76061.5,76921.5,76041.5,76714.0,284.44678735
2026-05-24 23:00:00+00:00,76715.5,77150.0,76715.5,76983.5,230.42827123
2026-05-25 00:00:00+00:00,76984.0,77200.0,76984.0,77071.0,163.74587073
2026-05-25 01:00:00+00:00,77072.5,77162.5,76844.5,76863.0,160.3646815
2026-05-25 02:00:00+00:00,76863.0,77415.0,76863.0,77038.5,272.95524453
2026-05-25 03:00:00+00:00,77038.5,77089.0,76942.0,76959.5,51.87134417
2026-05-25 04:00:00+00:00,76958.0,77365.0,76925.5,77312.0,179.31619714
2026-05-25 05:00:00+00:00,77312.0,77411.0,77249.5,77317.5,168.38001831
2026-05-25 06:00:00+00:00,77317.5,77567.5,77138.5,77334.5,169.69625203
2026-05-25 07:00:00+00:00,77334.5,77434.5,77105.0,77317.5,181.68976909
2026-05-25 08:00:00+00:00,77318.0,77379.0,77195.0,77368.5,80.41197414
2026-05-25 09:00:00+00:00,77368.5,77638.0,77341.5,77527.5,145.64058677
2026-05-25 10:00:00+00:00,77526.5,77591.5,77427.0,77467.5,109.50626221
2026-05-25 11:00:00+00:00,77467.0,77467.0,77262.0,77278.5,102.68656182
2026-05-25 12:00:00+00:00,77278.5,77364.5,77220.0,77289.0,73.92849518
2026-05-25 13:00:00+00:00,77289.0,77369.0,77221.0,77265.0,56.62252089
2026-05-25 14:00:00+00:00,77265.5,77700.0,77239.0,77643.0,184.83920226
2026-05-25 15:00:00+00:00,77642.0,77843.0,77500.5,77550.0,244.00118671
2026-05-25 16:00:00+00:00,77550.0,77756.5,77449.5,77674.5,179.82526385
2026-05-25 17:00:00+00:00,77674.0,77738.5,77491.5,77503.5,153.81780687
2026-05-25 18:00:00+00:00,77502.5,77597.5,77486.5,77486.5,88.72699091
2026-05-25 19:00:00+00:00,77487.0,77487.0,77297.0,77380.0,96.88085556
2026-05-25 20:00:00+00:00,77379.0,77439.5,77157.5,77222.5,84.30414891
2026-05-25 21:00:00+00:00,77221.0,77327.0,77214.5,77303.5,46.895574
2026-05-25 22:00:00+00:00,77302.5,77384.5,76984.5,77065.0,128.40800789
2026-05-25 23:00:00+00:00,77063.5,77308.0,77016.5,77271.5,56.0750129
2026-05-26 00:00:00+00:00,77270.5,77285.5,76519.0,76726.5,226.10237845
2026-05-26 01:00:00+00:00,76716.0,76825.0,76536.5,76707.0,144.51149202
2026-05-26 02:00:00+00:00,76705.5,76758.0,76453.5,76592.5,162.32961821
2026-05-26 03:00:00+00:00,76592.5,76647.0,76421.0,76611.5,89.95244622
2026-05-26 04:00:00+00:00,76611.0,76755.0,76536.0,76696.0,87.46557081
2026-05-26 05:00:00+00:00,76696.0,76918.0,76653.5,76857.0,69.25968105
2026-05-26 06:00:00+00:00,76856.5,76987.5,76711.0,76849.5,84.05013442
2026-05-26 07:00:00+00:00,76849.5,76862.5,76547.0,76652.5,217.263497
2026-05-26 08:00:00+00:00,76652.5,76783.5,76616.5,76653.0,79.32616135
2026-05-26 09:00:00+00:00,76653.5,76727.0,76578.5,76609.0,36.8967258
2026-05-26 10:00:00+00:00,76609.0,77537.0,76514.5,77367.0,328.86907344
2026-05-26 11:00:00+00:00,77365.5,77428.5,77107.5,77120.0,164.1503362
2026-05-26 12:00:00+00:00,77119.0,77159.0,76818.0,77058.5,162.93228233
2026-05-26 13:00:00+00:00,77060.0,77386.5,76626.0,77151.5,348.77857501
2026-05-26 14:00:00+00:00,77152.5,78041.0,76648.5,76848.5,785.5278199
2026-05-26 15:00:00+00:00,76846.0,76941.5,76202.5,76438.5,657.00814293
2026-05-26 16:00:00+00:00,76439.0,76627.5,76121.5,76477.5,296.09068056
2026-05-26 17:00:00+00:00,76479.5,76567.5,75774.0,75846.0,332.39198549
2026-05-26 18:00:00+00:00,75845.5,76166.0,75670.0,75738.5,247.27567501
2026-05-26 19:00:00+00:00,75738.0,75997.5,75704.5,75943.5,170.28779493
2026-05-26 20:00:00+00:00,75944.0,76073.0,75900.0,76002.0,87.64816011
2026-05-26 21:00:00+00:00,76002.0,76018.0,75755.5,75788.5,63.12617957
2026-05-26 22:00:00+00:00,75789.0,75893.0,75578.0,75641.5,79.15360023
2026-05-26 23:00:00+00:00,75642.0,75884.0,75642.0,75816.5,146.10376036
2026-05-27 00:00:00+00:00,75816.5,75981.5,75776.0,75981.0,140.09301641
2026-05-27 01:00:00+00:00,75980.0,75995.0,75718.0,75761.0,92.5566568
2026-05-27 02:00:00+00:00,75761.5,75775.0,75577.5,75760.0,83.01925979
2026-05-27 03:00:00+00:00,75760.0,75842.5,75477.0,75554.5,101.57505108
2026-05-27 04:00:00+00:00,75552.0,75595.5,75200.0,75474.5,350.62351866
2026-05-27 05:00:00+00:00,75475.0,75628.0,75475.0,75596.0,178.75560339
2026-05-27 06:00:00+00:00,75596.5,75792.5,75585.5,75733.0,171.90235601
2026-05-27 07:00:00+00:00,75734.0,75867.5,75663.0,75867.0,440.10455347
2026-05-27 08:00:00+00:00,75867.5,75973.0,75736.0,75772.0,249.34454218
2026-05-27 09:00:00+00:00,75772.0,75876.0,75617.0,75822.5,106.75314831
2026-05-27 10:00:00+00:00,75823.0,75945.0,75786.5,75812.0,83.59602971
2026-05-27 11:00:00+00:00,75809.0,75923.0,75664.5,75668.0,63.82069811
2026-05-27 12:00:00+00:00,75669.0,76069.0,75486.5,75595.0,179.53152319
2026-05-27 13:00:00+00:00,75595.0,75665.5,74764.5,74960.5,514.43157292
2026-05-27 14:00:00+00:00,74960.5,75157.5,74672.0,74938.5,627.7831281
2026-05-27 15:00:00+00:00,74938.0,75409.0,74884.0,75217.0,272.61106521
2026-05-27 16:00:00+00:00,75219.5,75312.5,74906.5,75206.5,173.46199217
2026-05-27 17:00:00+00:00,75206.5,75234.5,74581.5,74771.0,178.6410623
2026-05-27 18:00:00+00:00,74766.5,74927.0,74555.0,74917.0,79.19630655
2026-05-27 19:00:00+00:00,74920.5,74989.5,74838.0,74955.0,132.47971601
2026-05-27 20:00:00+00:00,74951.5,75316.5,74943.0,75169.5,83.36489315
2026-05-27 21:00:00+00:00,75169.0,75169.0,74250.0,74374.5,320.52551317
2026-05-27 22:00:00+00:00,74374.5,74674.5,74187.0,74331.0,220.60426242
2026-05-27 23:00:00+00:00,74331.0,74474.0,74151.0,74356.0,126.74630625
2026-05-28 00:00:00+00:00,74351.5,74484.5,74266.5,74460.5,96.68102108
2026-05-28 01:00:00+00:00,74461.0,74484.5,74052.5,74245.0,195.24842846
2026-05-28 02:00:00+00:00,74246.5,74309.5,74039.5,74193.5,308.97677176
2026-05-28 03:00:00+00:00,74194.0,74284.0,73000.0,73192.0,769.01755351
2026-05-28 04:00:00+00:00,73175.0,73175.0,72666.0,73078.0,676.04666994
2026-05-28 05:00:00+00:00,73078.5,73078.5,72819.5,72897.5,351.42025474
2026-05-28 06:00:00+00:00,72897.0,73117.0,72672.0,73109.0,340.87762895
2026-05-28 07:00:00+00:00,73109.0,73389.0,73074.0,73388.0,615.70819473
2026-05-28 08:00:00+00:00,73388.0,73388.0,73095.5,73210.5,349.65077551
2026-05-28 09:00:00+00:00,73214.5,73449.5,73146.0,73427.0,154.6647207
2026-05-28 10:00:00+00:00,73427.5,73499.0,73249.5,73294.0,395.10579705
2026-05-28 11:00:00+00:00,73289.5,73422.5,73214.5,73392.0,104.37942374
2026-05-28 12:00:00+00:00,73392.0,73461.5,73144.5,73403.5,199.01281802
2026-05-28 13:00:00+00:00,73403.5,73456.0,72672.0,72916.5,390.22732922
2026-05-28 14:00:00+00:00,72917.0,73476.0,72476.0,72930.5,828.05990373
2026-05-28 15:00:00+00:00,72928.5,73075.5,72600.5,72832.0,325.09216171
2026-05-28 16:00:00+00:00,72826.5,73328.5,72631.5,73328.5,725.38656894
2026-05-28 17:00:00+00:00,73328.5,73631.0,73216.0,73462.0,410.69808049
2026-05-28 18:00:00+00:00,73461.0,73644.5,73425.5,73558.0,177.10405342
2026-05-28 19:00:00+00:00,73558.0,73558.0,73286.0,73316.5,150.98893796
2026-05-28 20:00:00+00:00,73319.5,73626.5,73150.0,73492.5,433.34922218
2026-05-28 21:00:00+00:00,73493.0,73825.0,73473.0,73732.0,196.56211797
2026-05-28 22:00:00+00:00,73730.0,73843.0,73366.0,73374.5,110.40347193
2026-05-28 23:00:00+00:00,73374.5,73626.0,73374.5,73538.0,104.36405903
2026-05-29 00:00:00+00:00,73536.0,73765.5,73530.5,73624.5,171.97996824
2026-05-29 01:00:00+00:00,73627.0,73770.5,73379.5,73501.5,247.75486504
2026-05-29 02:00:00+00:00,73501.0,73554.0,73091.0,73129.5,292.8855609
2026-05-29 03:00:00+00:00,73134.5,73363.0,73134.5,73209.5,157.93862331
2026-05-29 04:00:00+00:00,73212.0,73427.5,73135.0,73427.0,230.47178482
2026-05-29 05:00:00+00:00,73427.5,73646.0,73426.5,73630.5,303.5616398
2026-05-29 06:00:00+00:00,73630.5,73868.5,73566.5,73719.0,195.55290623
2026-05-29 07:00:00+00:00,73718.5,73749.0,73345.0,73479.0,1374.06997783
2026-05-29 08:00:00+00:00,73479.5,73766.0,73479.0,73587.5,651.58069205
2026-05-29 09:00:00+00:00,73587.5,73841.0,73587.5,73680.0,321.19306949
2026-05-29 10:00:00+00:00,73679.5,73679.5,73521.0,73569.5,124.51935713
2026-05-29 11:00:00+00:00,73569.0,73622.5,73257.0,73391.0,200.71336434
2026-05-29 12:00:00+00:00,73390.5,73391.0,73119.0,73215.0,184.75141275
2026-05-29 13:00:00+00:00,73215.5,73252.0,72807.0,73046.0,468.81913215
2026-05-29 14:00:00+00:00,73050.5,73108.5,72409.0,72991.0,500.11692544
2026-05-29 15:00:00+00:00,72991.0,74100.0,72895.0,73710.0,636.80139424
2026-05-29 16:00:00+00:00,73710.0,74009.5,73475.5,73960.5,228.21663985
2026-05-29 17:00:00+00:00,73960.5,74235.0,73828.5,73882.5,324.91485633
2026-05-29 18:00:00+00:00,73878.0,73962.0,73098.0,73269.5,312.83489389
2026-05-29 19:00:00+00:00,73270.0,73631.0,73125.0,73442.0,164.2028296
2026-05-29 20:00:00+00:00,73436.0,73662.0,73424.5,73590.5,118.97325441
2026-05-29 21:00:00+00:00,73590.5,73750.0,73335.0,73335.0,100.85873587
2026-05-29 22:00:00+00:00,73335.5,73485.5,73300.5,73403.5,81.34617752
2026-05-29 23:00:00+00:00,73403.5,73433.0,73250.5,73390.5,49.70105853
2026-05-30 00:00:00+00:00,73394.0,73494.0,73332.5,73439.0,70.65644478
2026-05-30 01:00:00+00:00,73429.5,73580.0,73390.5,73566.0,34.88885231
2026-05-30 02:00:00+00:00,73566.0,73686.0,73529.5,73686.0,27.00943377
2026-05-30 03:00:00+00:00,73688.0,73700.0,73450.0,73450.5,59.83410332
2026-05-30 04:00:00+00:00,73450.0,73504.5,73146.0,73325.5,78.18507385
2026-05-30 05:00:00+00:00,73328.5,73553.0,73273.5,73519.5,95.82621859
2026-05-30 06:00:00+00:00,73518.0,73628.0,73444.5,73501.0,40.15102069
2026-05-30 07:00:00+00:00,73500.5,73500.5,73410.0,73461.0,96.98926174
2026-05-30 08:00:00+00:00,73461.0,73483.0,73425.0,73434.5,87.14719352
2026-05-30 09:00:00+00:00,73434.5,73532.0,73428.5,73524.5,43.98860645
2026-05-30 10:00:00+00:00,73525.0,73597.0,73516.5,73566.0,30.73618497
2026-05-30 11:00:00+00:00,73569.5,73569.5,73487.5,73522.0,34.35203896
2026-05-30 12:00:00+00:00,73522.0,73637.5,73521.5,73621.0,41.83209462
2026-05-30 13:00:00+00:00,73621.0,73769.0,73598.0,73751.5,56.13850675
2026-05-30 14:00:00+00:00,73751.5,74024.5,73741.5,73851.0,239.29762277
2026-05-30 15:00:00+00:00,73851.0,73956.0,73765.0,73836.0,84.50783963
2026-05-30 16:00:00+00:00,73839.0,73898.5,73799.0,73852.5,25.79049037
2026-05-30 17:00:00+00:00,73852.5,73942.5,73729.5,73941.5,70.56066333
2026-05-30 18:00:00+00:00,73941.5,74060.0,73877.0,73962.0,84.26201852
2026-05-30 19:00:00+00:00,73960.5,73986.5,73892.5,73936.0,10.18267078
2026-05-30 20:00:00+00:00,73935.5,73935.5,73845.0,73884.0,24.2900719
2026-05-30 21:00:00+00:00,73884.5,73970.5,73853.5,73891.0,45.6908316
2026-05-30 22:00:00+00:00,73897.5,73897.5,73711.0,73798.0,71.31528365
2026-05-30 23:00:00+00:00,73795.0,73903.5,73598.0,73790.0,88.9272328
2026-05-31 00:00:00+00:00,73793.5,73996.5,73766.0,73949.0,69.76330007
2026-05-31 01:00:00+00:00,73947.0,74174.5,73936.5,73974.0,196.38217423
2026-05-31 02:00:00+00:00,73968.5,74150.0,73804.5,73997.0,130.72062737
2026-05-31 03:00:00+00:00,73997.5,74135.0,73997.0,74067.0,101.84755259
2026-05-31 04:00:00+00:00,74067.5,74139.0,74026.0,74107.5,88.44148562
2026-05-31 05:00:00+00:00,74107.0,74121.0,73975.5,73983.0,45.10439792
2026-05-31 06:00:00+00:00,73982.5,74014.5,73913.5,73964.5,94.5610274
2026-05-31 07:00:00+00:00,73964.0,73964.0,73748.0,73782.0,325.71262205
2026-05-31 08:00:00+00:00,73782.0,73897.0,73767.5,73867.5,119.34081018
2026-05-31 09:00:00+00:00,73867.0,73936.0,73737.0,73759.5,73.7160989
2026-05-31 10:00:00+00:00,73759.0,73802.0,73643.5,73802.0,74.84768848
2026-05-31 11:00:00+00:00,73802.0,73886.0,73798.5,73867.5,76.8089169
2026-05-31 12:00:00+00:00,73865.0,73909.0,73788.0,73835.0,77.79408349
2026-05-31 13:00:00+00:00,73835.0,73936.0,73723.0,73785.5,36.16166032
2026-05-31 14:00:00+00:00,73786.0,73786.0,73418.5,73530.0,239.36236692
2026-05-31 15:00:00+00:00,73530.0,73700.0,73508.0,73572.0,57.53726907
2026-05-31 16:00:00+00:00,73572.5,73644.0,73316.0,73439.5,81.72842451
2026-05-31 17:00:00+00:00,73439.5,73646.0,73384.0,73613.5,42.12331602
2026-05-31 18:00:00+00:00,73618.0,73623.0,73490.5,73533.0,30.79552691
2026-05-31 19:00:00+00:00,73527.0,73564.5,73364.0,73468.0,36.87745103
2026-05-31 20:00:00+00:00,73464.0,73671.0,73464.0,73661.5,60.81361005
2026-05-31 21:00:00+00:00,73661.5,73828.5,73537.5,73806.5,134.32508607
2026-05-31 22:00:00+00:00,73808.5,73930.0,73601.5,73871.0,164.1823045
2026-05-31 23:00:00+00:00,73867.5,74108.0,73419.0,73587.0,117.59247066
2026-06-01 00:00:00+00:00,73589.5,74001.5,73569.0,73799.5,131.66842498
2026-06-01 01:00:00+00:00,73798.0,73826.0,73184.0,73184.5,241.1374667
2026-06-01 02:00:00+00:00,73184.5,73786.5,73129.5,73705.0,231.50634512
2026-06-01 03:00:00+00:00,73702.5,73920.5,73650.5,73689.0,179.5250253
2026-06-01 04:00:00+00:00,73686.5,73756.0,73255.5,73441.0,260.68849452
2026-06-01 05:00:00+00:00,73440.5,73440.5,73233.0,73245.0,145.40941494
2026-06-01 06:00:00+00:00,73245.5,73262.0,72869.5,73042.5,319.52289215
2026-06-01 07:00:00+00:00,73043.0,73092.5,72604.5,72711.0,342.07883195
2026-06-01 08:00:00+00:00,72711.0,72823.5,72524.0,72808.0,324.0047571
2026-06-01 09:00:00+00:00,72809.0,73007.5,72749.0,72797.0,232.55840693
2026-06-01 10:00:00+00:00,72797.5,72821.0,72511.0,72664.5,360.20340618
2026-06-01 11:00:00+00:00,72669.0,72682.5,72211.0,72391.5,224.84025592
2026-06-01 12:00:00+00:00,72395.5,72524.0,71815.0,72126.0,720.13007305
2026-06-01 13:00:00+00:00,72127.5,72153.0,71286.5,71608.0,969.59605806
2026-06-01 14:00:00+00:00,71608.5,71796.0,71315.5,71464.5,467.66316128
2026-06-01 15:00:00+00:00,71470.0,71584.5,70983.0,71037.0,560.90327413
2026-06-01 16:00:00+00:00,71037.5,71496.5,70588.0,71473.5,856.39160537
2026-06-01 17:00:00+00:00,71473.5,71706.5,71384.5,71567.0,248.67944293
2026-06-01 18:00:00+00:00,71561.0,71602.0,71300.5,71417.0,204.32766982
2026-06-01 19:00:00+00:00,71417.0,71578.5,71305.0,71511.5,101.01809207
2026-06-01 20:00:00+00:00,71511.5,71610.0,71335.0,71365.0,54.91659736
2026-06-01 21:00:00+00:00,71365.0,71365.0,70820.0,70949.5,595.88005823
2026-06-01 22:00:00+00:00,70949.5,71372.0,70747.5,71321.0,146.17520524
2026-06-01 23:00:00+00:00,71321.5,71499.5,71152.0,71327.5,312.62493249
2026-06-02 00:00:00+00:00,71327.5,71332.5,71011.5,71193.5,225.08143411
2026-06-02 01:00:00+00:00,71200.0,71289.5,70488.0,70553.0,564.87418699
2026-06-02 02:00:00+00:00,70553.0,70779.5,70001.5,70743.0,1055.09406841
2026-06-02 03:00:00+00:00,70749.5,70937.5,70720.0,70861.0,433.32577118
2026-06-02 04:00:00+00:00,70855.0,70945.0,70618.5,70699.0,328.66571297
2026-06-02 05:00:00+00:00,70698.5,70736.0,70163.0,70163.0,667.72990057
2026-06-02 06:00:00+00:00,70163.0,70345.0,69844.5,69996.5,676.45013463
2026-06-02 07:00:00+00:00,69995.0,70164.5,69634.5,70018.0,996.6266269
2026-06-02 08:00:00+00:00,70018.0,70072.5,69616.0,69718.5,549.07038993
2026-06-02 09:00:00+00:00,69724.0,69749.5,69227.0,69309.5,679.98694395
2026-06-02 10:00:00+00:00,69309.5,69644.0,69238.5,69552.0,424.37086468
2026-06-02 11:00:00+00:00,69552.0,69557.0,69314.0,69375.0,163.84367216
2026-06-02 12:00:00+00:00,69370.0,69445.5,68893.5,68893.5,397.86935915
2026-06-02 13:00:00+00:00,68899.0,69070.0,68651.0,68689.5,458.66432111
2026-06-02 14:00:00+00:00,68692.0,68715.0,67487.5,67898.5,1608.29495426
2026-06-02 15:00:00+00:00,67898.0,67959.5,66953.0,67194.5,1074.69715819
2026-06-02 16:00:00+00:00,67189.5,68019.5,67111.5,67297.5,557.35776936
2026-06-02 17:00:00+00:00,67297.0,67729.5,67261.0,67368.0,461.37764658
2026-06-02 18:00:00+00:00,67368.0,67543.0,67000.5,67226.5,302.20679593
2026-06-02 19:00:00+00:00,67224.5,67392.5,66309.0,67200.0,745.34311572
2026-06-02 20:00:00+00:00,67201.0,67584.5,66800.5,67489.0,250.45259295
2026-06-02 21:00:00+00:00,67489.5,67817.0,67311.5,67456.5,155.26695085
2026-06-02 22:00:00+00:00,67456.5,67456.5,66080.0,66256.5,1235.84767412
2026-06-02 23:00:00+00:00,66271.5,66762.5,66063.5,66659.0,843.69887334
2026-06-03 00:00:00+00:00,66659.0,67100.0,66554.5,66861.5,1078.57461177
2026-06-03 01:00:00+00:00,66862.0,66985.0,66373.0,66842.0,880.67740678
2026-06-03 02:00:00+00:00,66840.5,66847.0,66490.0,66525.5,442.38382005
2026-06-03 03:00:00+00:00,66521.0,66570.5,65353.0,65765.0,1123.15138664
2026-06-03 04:00:00+00:00,65764.5,66535.5,65751.0,66385.0,563.17753967
2026-06-03 05:00:00+00:00,66386.5,67313.0,66386.5,67262.0,713.95236405
2026-06-03 06:00:00+00:00,67255.0,67422.5,66867.5,66880.5,831.47001173
2026-06-03 07:00:00+00:00,66881.5,67246.0,66778.0,67120.5,642.81529883
2026-06-03 08:00:00+00:00,67120.5,67157.0,66870.5,66917.5,378.25210582
2026-06-03 09:00:00+00:00,66917.5,67284.0,66551.0,66973.0,586.62146165
2026-06-03 10:00:00+00:00,66973.0,67367.5,66971.5,67187.5,290.95840111
2026-06-03 11:00:00+00:00,67195.0,67272.5,66944.5,66974.0,56.75495683
2026-06-03 12:00:00+00:00,66973.5,67064.5,66676.0,66973.5,444.84796382
2026-06-03 13:00:00+00:00,66973.0,67161.0,66529.0,66795.0,748.50418964
2026-06-03 14:00:00+00:00,66800.0,66879.0,66545.5,66752.5,199.85420314
2026-06-03 15:00:00+00:00,66758.0,66789.5,65971.0,65972.5,634.68014383
2026-06-03 16:00:00+00:00,65972.5,66267.5,65444.0,65972.5,483.9547572
2026-06-03 17:00:00+00:00,65972.5,66092.0,65615.0,65859.5,124.58324045
2026-06-03 18:00:00+00:00,65860.0,66062.0,65650.0,65949.5,276.16763502
2026-06-03 19:00:00+00:00,65942.0,65957.0,65116.5,65366.0,287.10759896
2026-06-03 20:00:00+00:00,65365.5,65505.5,64650.5,64919.5,491.49143182
2026-06-03 21:00:00+00:00,64914.0,65739.0,64869.0,65657.5,535.90869495
2026-06-03 22:00:00+00:00,65665.0,65726.0,64687.0,64812.5,384.06825439
2026-06-03 23:00:00+00:00,64812.0,64878.5,63957.0,64003.0,1052.72531202
2026-06-04 00:00:00+00:00,64003.0,64299.5,62852.5,63203.5,1977.8157379
2026-06-04 01:00:00+00:00,63204.0,63358.0,61999.5,62075.0,2114.8903201
2026-06-04 02:00:00+00:00,62075.0,63542.0,61270.0,63140.5,1387.9034667
2026-06-04 03:00:00+00:00,63144.5,64437.5,63144.5,64278.0,818.13586206
2026-06-04 04:00:00+00:00,64278.0,64675.5,64195.0,64328.5,457.30252904
2026-06-04 05:00:00+00:00,64322.0,64322.0,63583.5,63869.5,1448.13435405
2026-06-04 06:00:00+00:00,63869.0,64405.0,63804.0,63945.5,762.48039558
2026-06-04 07:00:00+00:00,63947.5,63983.5,63427.0,63521.0,1072.6554495
2026-06-04 08:00:00+00:00,63521.0,63804.5,63165.0,63557.5,1159.95319978
2026-06-04 09:00:00+00:00,63559.0,63576.5,62633.5,63180.0,613.71353432
2026-06-04 10:00:00+00:00,63179.0,63180.0,62216.0,62351.0,645.09747003
2026-06-04 11:00:00+00:00,62346.5,62757.5,62122.0,62479.5,283.30462956
2026-06-04 12:00:00+00:00,62479.0,63890.5,62320.5,63684.5,590.4666134
2026-06-04 13:00:00+00:00,63684.5,64173.0,62974.0,64140.5,600.80996615
2026-06-04 14:00:00+00:00,64149.5,64408.0,63723.5,63894.5,447.3332275
2026-06-04 15:00:00+00:00,63894.0,64326.0,63622.5,63839.5,487.00683811
2026-06-04 16:00:00+00:00,63831.5,63857.0,63379.0,63488.0,452.91086897
2026-06-04 17:00:00+00:00,63487.5,63652.5,62886.0,63473.0,454.88807783
2026-06-04 18:00:00+00:00,63466.5,64030.0,63086.0,63744.5,619.37655669
2026-06-04 19:00:00+00:00,63737.0,64067.0,63382.0,63544.0,285.6426925
2026-06-04 20:00:00+00:00,63543.5,63591.0,63124.0,63566.0,279.53317556
2026-06-04 21:00:00+00:00,63565.0,63809.5,63043.5,63228.0,270.42005738
2026-06-04 22:00:00+00:00,63226.0,63699.5,63139.0,63669.5,241.02712628
2026-06-04 23:00:00+00:00,63667.5,63849.5,63312.0,63812.0,181.49008667
2026-06-05 00:00:00+00:00,63812.0,63895.5,63329.0,63372.0,272.86169296
2026-06-05 01:00:00+00:00,63357.0,63489.5,62983.5,63302.0,729.59295556
2026-06-05 02:00:00+00:00,63295.0,63355.0,62530.0,62541.0,277.26913238
2026-06-05 03:00:00+00:00,62551.5,62812.5,62271.0,62642.5,275.11803654
2026-06-05 04:00:00+00:00,62650.0,63597.5,62420.5,63527.0,541.72190697
2026-06-05 05:00:00+00:00,63527.5,63599.5,62192.5,62248.0,565.67228721
2026-06-05 06:00:00+00:00,62246.0,62561.5,61060.0,61868.0,1432.06475743
2026-06-05 07:00:00+00:00,61871.0,63040.0,61310.0,63040.0,1317.36415767
2026-06-05 08:00:00+00:00,63040.0,63040.0,62203.0,62366.0,523.96846269
2026-06-05 09:00:00+00:00,62366.5,63170.0,62343.5,62799.0,1509.23259236
2026-06-05 10:00:00+00:00,62796.0,62868.0,62324.5,62488.0,181.82144507
2026-06-05 11:00:00+00:00,62488.0,62575.5,61901.0,61907.0,324.27404595
2026-06-05 12:00:00+00:00,61902.5,62385.5,61551.0,61900.0,527.837345
2026-06-05 13:00:00+00:00,61890.0,62248.5,60666.0,60673.0,857.94588362
2026-06-05 14:00:00+00:00,60667.0,61179.0,60286.5,60811.0,1611.5470343
2026-06-05 15:00:00+00:00,60806.5,61068.5,60000.0,60385.0,990.27183677
2026-06-05 16:00:00+00:00,60378.5,61497.0,59728.5,61339.5,1128.68083226
2026-06-05 17:00:00+00:00,61342.0,61458.5,60601.5,60746.5,251.99437731
2026-06-05 18:00:00+00:00,60754.0,60881.5,59052.0,59327.0,939.72752337
2026-06-05 19:00:00+00:00,59330.5,60428.0,59073.0,60291.0,1235.0946858
2026-06-05 20:00:00+00:00,60291.0,61758.5,59900.0,61623.0,1632.77184635
2026-06-05 21:00:00+00:00,61616.5,62000.0,61446.5,61662.0,533.53948005
2026-06-05 22:00:00+00:00,61661.0,61974.0,61206.5,61574.5,1098.03581265
2026-06-05 23:00:00+00:00,61571.5,61748.0,60489.0,61046.0,375.2028335
2026-06-06 00:00:00+00:00,61042.0,61499.5,61042.0,61255.0,201.63377669
2026-06-06 01:00:00+00:00,61253.5,61360.0,60940.5,61048.0,160.17008602
2026-06-06 02:00:00+00:00,61046.0,61167.0,60670.0,60944.5,359.4294889
2026-06-06 03:00:00+00:00,60944.5,60948.5,60520.5,60667.5,196.72743694
2026-06-06 04:00:00+00:00,60667.5,60846.5,59457.0,60068.0,934.30148037
2026-06-06 05:00:00+00:00,60076.0,61028.5,59593.0,60904.0,841.80359141
2026-06-06 06:00:00+00:00,60911.5,61223.0,60658.0,60752.5,589.11624362
2026-06-06 07:00:00+00:00,60753.0,61203.5,60695.5,60963.5,444.65567863
2026-06-06 08:00:00+00:00,60963.0,61455.0,60856.5,61226.5,303.90611044
2026-06-06 09:00:00+00:00,61230.0,61290.0,60854.0,60940.0,160.7110125
2026-06-06 10:00:00+00:00,60941.0,60949.0,60174.5,60571.5,344.2811502
2026-06-06 11:00:00+00:00,60571.5,60926.5,60528.5,60769.0,117.28791208
2026-06-06 12:00:00+00:00,60773.5,61138.0,60616.5,60990.0,160.64396954
2026-06-06 13:00:00+00:00,60990.5,61068.5,60630.0,60761.5,174.39887102
2026-06-06 14:00:00+00:00,60774.0,60979.5,60746.0,60755.0,89.44575123
2026-06-06 15:00:00+00:00,60755.0,60890.0,60364.0,60746.0,159.81426774
2026-06-06 16:00:00+00:00,60746.0,60941.0,60453.0,60744.5,121.57534693
2026-06-06 17:00:00+00:00,60744.5,60806.0,60469.0,60553.5,127.96674583
2026-06-06 18:00:00+00:00,60553.0,60716.0,60371.5,60611.0,136.95555599
2026-06-06 19:00:00+00:00,60611.0,60756.5,60502.5,60573.0,94.43148514
2026-06-06 20:00:00+00:00,60573.0,60729.0,60489.5,60671.5,64.36237141
2026-06-06 21:00:00+00:00,60679.0,60969.0,60679.0,60716.5,75.01004947
2026-06-06 22:00:00+00:00,60720.0,60789.5,60400.5,60521.0,134.01711593
2026-06-06 23:00:00+00:00,60515.5,60911.0,60515.5,60854.5,73.28030474
2026-06-07 00:00:00+00:00,60854.0,60954.0,60709.0,60761.0,93.67065809
2026-06-07 01:00:00+00:00,60761.0,61624.0,60736.5,61459.0,516.4352929
2026-06-07 02:00:00+00:00,61458.5,61541.5,61162.5,61480.5,145.82681459
2026-06-07 03:00:00+00:00,61473.5,61739.5,61390.0,61675.0,134.83555226
2026-06-07 04:00:00+00:00,61675.0,61864.0,61458.5,61855.5,119.03746486
2026-06-07 05:00:00+00:00,61854.0,62112.0,61615.0,61721.0,202.52956213
2026-06-07 06:00:00+00:00,61713.5,62231.5,61588.0,62079.0,206.01184356
2026-06-07 07:00:00+00:00,62079.0,62381.0,61962.0,62370.5,390.78326276
2026-06-07 08:00:00+00:00,62370.0,62922.5,62235.5,62818.5,386.81925705
2026-06-07 09:00:00+00:00,62823.5,62868.5,62381.5,62493.5,147.03971228
2026-06-07 10:00:00+00:00,62493.5,62544.5,62275.0,62358.5,135.27512907
2026-06-07 11:00:00+00:00,62353.5,62726.5,62337.5,62606.0,96.1095619
2026-06-07 12:00:00+00:00,62599.0,62620.0,61548.5,61875.0,420.63668731
2026-06-07 13:00:00+00:00,61871.0,61871.0,61635.0,61684.5,217.41473278
2026-06-07 14:00:00+00:00,61685.0,62298.0,61685.0,61871.5,337.4911598
2026-06-07 15:00:00+00:00,61872.0,62179.5,61640.5,62066.5,167.86719428
2026-06-07 16:00:00+00:00,62073.0,62296.5,61936.0,62051.5,224.11782851
2026-06-07 17:00:00+00:00,62053.0,62297.0,62021.5,62130.0,146.45977469
2026-06-07 18:00:00+00:00,62129.5,62261.0,61984.0,61991.5,69.37090599
2026-06-07 19:00:00+00:00,61995.0,62003.5,61150.0,61293.5,555.1098473
2026-06-07 20:00:00+00:00,61288.5,61923.5,61194.5,61849.5,205.76084161
2026-06-07 21:00:00+00:00,61849.5,61964.5,61620.5,61736.5,124.75250834
2026-06-07 22:00:00+00:00,61743.0,64183.0,61695.0,62833.0,1167.8326719
2026-06-07 23:00:00+00:00,62835.5,63417.5,62773.0,63304.0,268.99330376
2026-06-08 00:00:00+00:00,63303.5,63832.0,63116.5,63605.0,214.79323202
2026-06-08 01:00:00+00:00,63610.0,63617.0,62689.5,63176.5,242.02965469
2026-06-08 02:00:00+00:00,63182.5,63236.5,62857.5,63101.5,113.10779293
2026-06-08 03:00:00+00:00,63101.0,63422.0,62951.5,63100.0,179.16945248
2026-06-08 04:00:00+00:00,63100.0,63149.0,62630.5,62666.0,158.33906362
2026-06-08 05:00:00+00:00,62658.5,62796.5,62388.5,62732.5,255.64064942
2026-06-08 06:00:00+00:00,62733.5,63119.5,62710.0,62952.0,217.12913527
2026-06-08 07:00:00+00:00,62951.0,63300.0,62773.0,63224.0,309.74822815
2026-06-08 08:00:00+00:00,63238.5,63238.5,62935.5,63080.0,207.75650659
2026-06-08 09:00:00+00:00,63079.5,63518.5,63071.5,63459.5,222.71808388
2026-06-08 10:00:00+00:00,63454.5,63496.0,63050.0,63103.5,182.11626502
2026-06-08 11:00:00+00:00,63104.0,63819.0,63002.5,63433.0,304.90221334
2026-06-08 12:00:00+00:00,63433.0,63904.0,62667.0,63797.0,652.20727254
2026-06-08 13:00:00+00:00,63797.0,63893.0,63308.0,63717.0,508.13314654
2026-06-08 14:00:00+00:00,63717.5,64045.5,63528.0,63917.5,475.13990386
2026-06-08 15:00:00+00:00,63921.0,64168.5,63662.5,63734.5,489.96210662
2026-06-08 16:00:00+00:00,63733.0,63998.5,63426.5,63495.0,314.94509589
2026-06-08 17:00:00+00:00,63483.0,63608.0,63240.0,63519.5,204.25373293
2026-06-08 18:00:00+00:00,63514.0,63656.5,63305.0,63430.0,145.40450156
2026-06-08 19:00:00+00:00,63437.0,63572.0,63332.5,63338.5,106.41386635
2026-06-08 20:00:00+00:00,63347.5,63452.5,63136.5,63452.5,183.514958
2026-06-08 21:00:00+00:00,63465.5,63820.0,63465.5,63707.0,210.83497275
2026-06-08 22:00:00+00:00,63699.5,63699.5,63191.0,63415.0,102.16007801
2026-06-08 23:00:00+00:00,63414.5,63570.0,62964.5,63062.5,107.51712764
2026-06-09 00:00:00+00:00,63062.0,63150.0,62400.5,62545.5,598.22526226
2026-06-09 01:00:00+00:00,62541.0,62852.0,62529.0,62734.0,99.2400615
2026-06-09 02:00:00+00:00,62735.5,62839.5,62508.0,62837.5,148.45877191
2026-06-09 03:00:00+00:00,62840.0,62941.0,62672.0,62844.0,86.9618351
2026-06-09 04:00:00+00:00,62844.0,63388.5,62717.5,63204.5,258.72673304
2026-06-09 05:00:00+00:00,63204.5,63480.0,63090.0,63309.5,99.26073694
2026-06-09 06:00:00+00:00,63309.5,63459.5,63192.0,63253.0,87.74728928
2026-06-09 07:00:00+00:00,63253.0,63401.0,62979.5,63155.5,284.26483503
2026-06-09 08:00:00+00:00,63155.0,63155.5,62741.5,62822.0,253.29492756
2026-06-09 09:00:00+00:00,62822.0,62918.0,62568.5,62698.5,279.24564346
2026-06-09 10:00:00+00:00,62698.5,62828.5,62572.5,62762.0,274.25401547
2026-06-09 11:00:00+00:00,62754.5,62786.0,62482.5,62684.0,256.85103683
2026-06-09 12:00:00+00:00,62683.5,62873.0,62430.0,62624.5,256.42804155
2026-06-09 13:00:00+00:00,62624.5,62719.0,62144.5,62267.0,637.59477248
2026-06-09 14:00:00+00:00,62260.0,62380.0,61132.5,61517.5,1096.95741118
2026-06-09 15:00:00+00:00,61520.0,61683.5,61020.0,61122.5,780.74124237
2026-06-09 16:00:00+00:00,61122.5,61447.5,60753.5,61357.5,925.29250153
2026-06-09 17:00:00+00:00,61358.0,61848.5,61358.0,61657.5,515.03113826
2026-06-09 18:00:00+00:00,61655.0,61942.0,61565.5,61753.5,181.71564568
2026-06-09 19:00:00+00:00,61753.5,62071.0,61682.5,62071.0,104.49162387
2026-06-09 20:00:00+00:00,62065.0,62244.5,61925.5,62125.0,272.26254454
2026-06-09 21:00:00+00:00,62129.5,62146.5,61664.5,61729.0,251.36131197
2026-06-09 22:00:00+00:00,61733.5,61943.0,61600.0,61690.0,324.09503513
2026-06-09 23:00:00+00:00,61693.0,61852.5,61533.0,61705.0,226.17122278
2026-06-10 00:00:00+00:00,61705.0,61904.5,61421.5,61904.5,364.64747189
2026-06-10 01:00:00+00:00,61903.0,61941.5,61555.0,61688.0,388.61108567
2026-06-10 02:00:00+00:00,61684.0,61804.0,61208.0,61271.0,191.49995826
2026-06-10 03:00:00+00:00,61268.0,61562.0,61256.5,61516.5,246.31978802
2026-06-10 04:00:00+00:00,61517.5,61532.0,61161.5,61260.5,137.02069249
2026-06-10 05:00:00+00:00,61262.5,61359.0,61050.5,61315.0,197.44161231
2026-06-10 06:00:00+00:00,61316.5,61477.5,61102.0,61429.0,160.88837421
2026-06-10 07:00:00+00:00,61429.0,61732.5,61389.0,61617.0,347.87874258
2026-06-10 08:00:00+00:00,61630.0,61677.0,61127.5,61209.5,495.21120882
2026-06-10 09:00:00+00:00,61209.5,61371.5,60646.5,61284.5,470.63386357
2026-06-10 10:00:00+00:00,61283.5,61412.5,61111.0,61335.5,148.35984368
2026-06-10 11:00:00+00:00,61335.5,61411.0,60787.5,60978.0,433.19877573
2026-06-10 12:00:00+00:00,60978.5,61898.5,60907.0,61537.0,650.07582657
2026-06-10 13:00:00+00:00,61532.5,62408.0,61420.0,62111.0,597.79797826
2026-06-10 14:00:00+00:00,62111.0,62223.5,61788.0,62157.0,385.03774678
2026-06-10 15:00:00+00:00,62165.0,62804.0,61820.5,62597.0,664.47399192
2026-06-10 16:00:00+00:00,62591.0,62600.0,61888.0,62168.0,217.56756341
2026-06-10 17:00:00+00:00,62168.0,62319.5,61620.5,61923.0,430.00209288
2026-06-10 18:00:00+00:00,61923.5,62113.0,61572.0,61832.0,364.49035241
2026-06-10 19:00:00+00:00,61837.0,62010.5,61636.0,61885.0,291.13859965
2026-06-10 20:00:00+00:00,61891.5,61900.0,61645.0,61764.0,158.25622103
2026-06-10 21:00:00+00:00,61763.5,61763.5,61149.0,61311.5,325.13046545
2026-06-10 22:00:00+00:00,61312.0,61525.0,61055.0,61328.0,209.82835149
2026-06-10 23:00:00+00:00,61331.0,61553.0,61120.0,61459.0,158.71500477
2026-06-11 00:00:00+00:00,61459.0,61924.0,61458.5,61787.0,371.87456948
2026-06-11 01:00:00+00:00,61780.5,62325.5,61780.5,62172.0,255.0269225
2026-06-11 02:00:00+00:00,62170.5,62259.0,61893.5,62094.5,355.89280725
2026-06-11 03:00:00+00:00,62094.5,62755.5,61952.5,62625.0,332.9936794
2026-06-11 04:00:00+00:00,62625.0,62785.0,62487.5,62669.5,253.51016809
2026-06-11 05:00:00+00:00,62668.5,62703.0,62496.5,62550.5,110.37448905
2026-06-11 06:00:00+00:00,62551.0,62951.5,62488.0,62707.0,246.16182267
2026-06-11 07:00:00+00:00,62706.0,62780.5,62545.0,62655.0,261.35026666
2026-06-11 08:00:00+00:00,62655.0,62979.0,62655.0,62881.5,244.82506058
2026-06-11 09:00:00+00:00,62884.0,62917.5,62728.0,62856.5,52.86200772
2026-06-11 10:00:00+00:00,62856.0,63170.5,62745.5,63098.0,184.77782866
2026-06-11 11:00:00+00:00,63094.5,63205.0,62995.0,63069.5,182.65193952
2026-06-11 12:00:00+00:00,63062.5,63142.5,62469.0,62964.5,600.26393458
2026-06-11 13:00:00+00:00,62962.5,63176.5,62634.0,63016.5,511.51199136
2026-06-11 14:00:00+00:00,63019.0,63032.0,62673.0,62677.5,218.60094132
2026-06-11 15:00:00+00:00,62677.5,62815.0,62482.5,62700.0,304.93428975
2026-06-11 16:00:00+00:00,62699.5,62789.5,62506.5,62540.0,268.6013182
2026-06-11 17:00:00+00:00,62540.0,63596.5,62278.0,63575.5,887.87784179
2026-06-11 18:00:00+00:00,63575.5,63722.0,63272.0,63409.5,365.31752239
2026-06-11 19:00:00+00:00,63409.5,63885.0,63347.5,63567.5,399.50597119
2026-06-11 20:00:00+00:00,63564.5,63609.5,63232.5,63364.5,239.69628601
2026-06-11 21:00:00+00:00,63363.0,63540.5,63363.0,63469.0,121.17165457
2026-06-11 22:00:00+00:00,63470.0,63620.0,63417.5,63463.0,132.22538729
2026-06-11 23:00:00+00:00,63463.0,63651.5,63318.5,63572.5,210.24681051
2026-06-12 00:00:00+00:00,63579.5,63772.5,63482.0,63597.0,406.11916679
2026-06-12 01:00:00+00:00,63596.5,63597.0,63262.0,63368.5,380.55472941
2026-06-12 02:00:00+00:00,63374.5,63723.5,63374.5,63553.0,175.1880487
2026-06-12 03:00:00+00:00,63550.5,63587.0,63300.0,63458.5,345.42670745
2026-06-12 04:00:00+00:00,63459.0,63795.0,63369.5,63639.5,317.17751374
2026-06-12 05:00:00+00:00,63639.5,63655.5,63248.0,63295.0,230.98137733
2026-06-12 06:00:00+00:00,63296.5,63348.5,62784.5,62919.5,229.33683458
2026-06-12 07:00:00+00:00,62919.5,63115.5,62876.0,62995.0,616.55573199
2026-06-12 08:00:00+00:00,62995.5,63529.0,62966.5,63394.0,666.33533416
2026-06-12 09:00:00+00:00,63395.0,63876.0,63362.0,63677.0,281.43443434
2026-06-12 10:00:00+00:00,63677.0,63759.5,63512.5,63624.5,190.88178792
2026-06-12 11:00:00+00:00,63624.0,63823.0,63614.0,63674.5,150.62208483
2026-06-12 12:00:00+00:00,63674.5,63688.5,63310.0,63393.0,124.56696386
2026-06-12 13:00:00+00:00,63393.0,63464.5,63000.0,63168.0,277.04039998
2026-06-12 14:00:00+00:00,63168.5,63954.5,63125.5,63954.5,532.09884051
2026-06-12 15:00:00+00:00,63954.0,64349.0,63524.0,63566.0,495.33486398
2026-06-12 16:00:00+00:00,63566.0,63971.5,63490.5,63950.0,237.79750762
2026-06-12 17:00:00+00:00,63950.0,64082.0,63717.5,63835.0,107.56261589
2026-06-12 18:00:00+00:00,63835.0,63902.5,63651.0,63662.0,165.01072955
2026-06-12 19:00:00+00:00,63662.0,63795.0,63533.5,63551.0,186.90247668
2026-06-12 20:00:00+00:00,63552.5,63659.5,63319.5,63416.0,131.33752571
2026-06-12 21:00:00+00:00,63416.0,63602.5,63414.5,63467.0,61.73732736
2026-06-12 22:00:00+00:00,63460.0,63633.5,63445.5,63486.0,57.09246003
2026-06-12 23:00:00+00:00,63487.5,63554.5,63411.5,63547.5,27.53896895
2026-06-13 00:00:00+00:00,63549.0,63612.5,63493.0,63585.5,48.21945764
2026-06-13 01:00:00+00:00,63580.5,63818.5,63580.5,63794.0,100.36765592
2026-06-13 02:00:00+00:00,63805.0,63805.0,63524.0,63624.5,70.24421462
2026-06-13 03:00:00+00:00,63621.0,63693.5,63412.0,63497.5,91.30281292
2026-06-13 04:00:00+00:00,63497.0,63614.5,63452.0,63477.0,29.53979631
2026-06-13 05:00:00+00:00,63477.5,63563.5,63464.0,63543.5,26.05419323
2026-06-13 06:00:00+00:00,63557.0,63703.0,63520.0,63703.0,33.4011134
2026-06-13 07:00:00+00:00,63703.0,63838.0,63639.5,63801.5,205.89173226
2026-06-13 08:00:00+00:00,63801.0,63868.5,63726.0,63771.0,92.79324193
2026-06-13 09:00:00+00:00,63768.0,63821.5,63707.5,63710.5,73.61441309
2026-06-13 10:00:00+00:00,63711.0,63867.5,63700.0,63787.0,59.24979444
2026-06-13 11:00:00+00:00,63787.0,63929.5,63787.0,63929.5,66.91635913
2026-06-13 12:00:00+00:00,63929.5,64162.0,63883.0,64090.0,153.92835019
2026-06-13 13:00:00+00:00,64090.0,64197.5,64020.5,64069.0,183.3214968
2026-06-13 14:00:00+00:00,64067.0,64201.5,64047.5,64189.5,165.6378035
2026-06-13 15:00:00+00:00,64190.0,64309.5,64156.5,64272.5,89.05310789
2026-06-13 16:00:00+00:00,64272.5,64273.0,63887.5,63994.0,211.24706932
2026-06-13 17:00:00+00:00,63994.0,64093.5,63910.0,63954.5,62.69893354
2026-06-13 18:00:00+00:00,63947.5,64252.5,63947.5,64135.0,77.2095596
2026-06-13 19:00:00+00:00,64135.0,64303.5,64112.5,64270.0,132.73184952
2026-06-13 20:00:00+00:00,64270.0,64270.0,64204.0,64251.0,20.39773909
2026-06-13 21:00:00+00:00,64250.5,64739.5,64200.0,64443.5,310.33116804
2026-06-13 22:00:00+00:00,64442.0,64534.0,64358.5,64432.5,81.2700973
2026-06-13 23:00:00+00:00,64432.0,64569.5,64365.5,64418.5,92.07124439
2026-06-14 00:00:00+00:00,64427.5,64555.0,64358.5,64527.0,84.70245266
2026-06-14 01:00:00+00:00,64526.5,64686.5,64480.0,64547.5,71.39803911
2026-06-14 02:00:00+00:00,64547.0,64603.5,64442.5,64464.5,36.18953774
2026-06-14 03:00:00+00:00,64465.0,64513.0,64436.0,64513.0,44.63745419
2026-06-14 04:00:00+00:00,64513.0,64529.0,64305.0,64308.5,44.17725329
2026-06-14 05:00:00+00:00,64309.0,64374.5,64256.0,64320.0,56.96328879
2026-06-14 06:00:00+00:00,64315.0,64450.0,64221.0,64253.0,58.61011148
2026-06-14 07:00:00+00:00,64253.0,64413.0,64195.0,64397.5,81.55811783
2026-06-14 08:00:00+00:00,64397.5,64482.5,64369.5,64427.5,92.07136968
2026-06-14 09:00:00+00:00,64428.0,64585.0,64300.0,64584.5,76.69039332
2026-06-14 10:00:00+00:00,64584.5,64642.0,64470.0,64502.5,47.97628977
2026-06-14 11:00:00+00:00,64502.0,64613.0,64427.0,64514.5,24.7755314
2026-06-14 12:00:00+00:00,64515.0,64528.5,64271.5,64307.0,39.37283788
2026-06-14 13:00:00+00:00,64307.0,64372.5,64220.0,64289.0,38.26425456
2026-06-14 14:00:00+00:00,64285.0,64310.0,63841.5,63954.0,95.35834797
2026-06-14 15:00:00+00:00,63962.0,64124.0,63939.5,63999.5,182.38417001
2026-06-14 16:00:00+00:00,63992.0,64166.0,63902.5,63911.5,58.97780614
2026-06-14 17:00:00+00:00,63912.0,63991.0,63669.0,63707.0,199.67552049
2026-06-14 18:00:00+00:00,63705.5,63789.5,63660.0,63785.5,56.81922391
2026-06-14 19:00:00+00:00,63785.0,63826.0,63715.0,63773.0,44.12005938
2026-06-14 20:00:00+00:00,63772.5,64059.5,63766.5,63977.0,77.91714767
2026-06-14 21:00:00+00:00,63970.0,65651.5,63970.0,65295.5,946.97249125
2026-06-14 22:00:00+00:00,65294.5,65553.5,64935.0,65388.0,422.59219094
2026-06-14 23:00:00+00:00,65388.0,65770.0,65213.5,65723.5,314.39545702
2026-06-15 00:00:00+00:00,65722.0,65885.0,65463.5,65587.5,194.63173652
2026-06-15 01:00:00+00:00,65592.0,65700.0,65327.5,65491.5,257.17134248
2026-06-15 02:00:00+00:00,65492.0,65760.5,65400.5,65430.0,99.65940812
2026-06-15 03:00:00+00:00,65439.5,65969.0,65412.0,65893.0,294.76719603
2026-06-15 04:00:00+00:00,65902.0,65902.0,65611.0,65622.5,143.12673374
2026-06-15 05:00:00+00:00,65619.5,65842.5,65588.5,65832.0,158.33959948
2026-06-15 06:00:00+00:00,65832.0,65933.5,65751.5,65784.5,149.1516618
2026-06-15 07:00:00+00:00,65781.0,65984.0,65605.0,65635.5,297.01855868
2026-06-15 08:00:00+00:00,65636.0,65780.5,65565.5,65625.0,336.15771118
2026-06-15 09:00:00+00:00,65622.0,65728.0,65465.5,65553.0,138.05073068
2026-06-15 10:00:00+00:00,65553.0,65920.0,65549.5,65861.5,159.45749412
2026-06-15 11:00:00+00:00,65877.0,66338.0,65808.0,66199.5,384.71181778
2026-06-15 12:00:00+00:00,66200.0,66554.5,66075.0,66530.0,265.43100796
2026-06-15 13:00:00+00:00,66530.0,66900.0,66375.5,66397.0,748.54395541
2026-06-15 14:00:00+00:00,66403.5,66632.0,66247.0,66558.5,275.71339252
2026-06-15 15:00:00+00:00,66558.5,67250.0,66543.5,67250.0,419.38540726
2026-06-15 16:00:00+00:00,67245.0,67249.0,67052.0,67123.0,205.77782285
2026-06-15 17:00:00+00:00,67120.5,67120.5,66650.0,66823.5,342.11370358
2026-06-15 18:00:00+00:00,66822.0,66909.5,66692.0,66739.5,93.38410911
2026-06-15 19:00:00+00:00,66737.0,66861.0,66313.0,66577.0,190.8521653
2026-06-15 20:00:00+00:00,66579.0,66647.5,66461.5,66488.5,82.36735668
2026-06-15 21:00:00+00:00,66488.0,66526.0,66306.0,66336.5,70.51708287
2026-06-15 22:00:00+00:00,66336.5,66432.5,66070.0,66168.0,153.72892061
2026-06-15 23:00:00+00:00,66168.0,66325.0,66093.5,66291.5,142.68068894
2026-06-16 00:00:00+00:00,66291.5,66432.0,66211.5,66213.0,39.70345059
2026-06-16 01:00:00+00:00,66212.5,66388.5,66212.5,66309.0,68.59666715
2026-06-16 02:00:00+00:00,66308.0,66330.5,65668.5,65700.0,292.67939242
2026-06-16 03:00:00+00:00,65705.0,66124.5,65627.0,66124.5,154.28313325
2026-06-16 04:00:00+00:00,66124.0,66247.5,65763.5,65814.5,130.03437232
2026-06-16 05:00:00+00:00,65807.5,66113.5,65807.5,66030.0,58.54447007
2026-06-16 06:00:00+00:00,66025.0,66520.0,66025.0,66407.0,139.91769326
2026-06-16 07:00:00+00:00,66402.5,66486.0,66271.0,66342.0,323.52676592
2026-06-16 08:00:00+00:00,66342.0,66935.0,66317.0,66838.0,251.09474151
2026-06-16 09:00:00+00:00,66838.0,66873.0,66438.0,66474.5,204.15106639
2026-06-16 10:00:00+00:00,66472.5,66737.0,66448.5,66474.5,86.79543236
2026-06-16 11:00:00+00:00,66475.0,66600.0,66325.0,66438.5,186.43819774
2026-06-16 12:00:00+00:00,66441.5,66770.0,66332.5,66382.5,146.96842417
2026-06-16 13:00:00+00:00,66382.5,66420.5,65905.0,66014.5,499.97659807
2026-06-16 14:00:00+00:00,66010.0,66226.0,65341.0,65612.5,564.9257822
2026-06-16 15:00:00+00:00,65613.0,65954.0,65581.0,65837.0,253.34922329
2026-06-16 16:00:00+00:00,65829.5,65915.0,65672.5,65733.0,124.92560731
2026-06-16 17:00:00+00:00,65733.5,65973.5,65679.5,65943.5,199.3475099
2026-06-16 18:00:00+00:00,65944.0,66201.0,65770.0,65806.5,223.23116362
2026-06-16 19:00:00+00:00,65806.0,65806.0,65537.0,65640.0,332.67260477
2026-06-16 20:00:00+00:00,65637.0,65818.5,65549.0,65810.0,47.71269332
2026-06-16 21:00:00+00:00,65810.0,65884.0,65607.5,65738.0,68.19310638
2026-06-16 22:00:00+00:00,65738.0,65830.5,65642.5,65740.0,50.86909313
2026-06-16 23:00:00+00:00,65740.0,65791.0,65587.5,65624.5,41.25569614
2026-06-17 00:00:00+00:00,65625.0,65800.0,65622.0,65657.5,113.81604632
2026-06-17 01:00:00+00:00,65657.5,65898.5,65450.0,65897.0,80.0280439
2026-06-17 02:00:00+00:00,65889.5,66065.0,65734.0,65838.5,180.203167
2026-06-17 03:00:00+00:00,65847.0,65847.0,65665.5,65800.5,99.69446983
2026-06-17 04:00:00+00:00,65800.5,65979.0,65748.0,65844.5,146.51979187
2026-06-17 05:00:00+00:00,65840.5,65925.0,65702.5,65792.0,162.16683417
2026-06-17 06:00:00+00:00,65789.5,65845.5,65535.5,65579.0,176.08535631
2026-06-17 07:00:00+00:00,65579.5,65660.0,65200.0,65479.5,512.63223944
2026-06-17 08:00:00+00:00,65479.0,65521.5,64800.0,64885.0,623.10462622
2026-06-17 09:00:00+00:00,64885.0,65025.0,64819.0,64874.5,284.02443363
2026-06-17 10:00:00+00:00,64874.5,64954.5,64737.5,64754.5,228.80158369
2026-06-17 11:00:00+00:00,64754.5,64819.5,64528.0,64767.5,206.9965324
2026-06-17 12:00:00+00:00,64768.0,65080.5,64550.5,65004.5,134.19328064
2026-06-17 13:00:00+00:00,64997.0,65319.5,64813.0,65237.0,244.97792822
2026-06-17 14:00:00+00:00,65229.5,65410.0,64728.5,65064.5,205.05298679
2026-06-17 15:00:00+00:00,65065.0,65800.0,64937.0,65703.5,204.55158754
2026-06-17 16:00:00+00:00,65710.0,66393.5,65679.0,65820.0,316.34871462
2026-06-17 17:00:00+00:00,65820.5,66152.0,65753.0,66054.5,154.10651835
2026-06-17 18:00:00+00:00,66069.5,66069.5,64756.0,65483.5,519.32299928
2026-06-17 19:00:00+00:00,65479.0,65615.5,63984.0,64265.0,701.54378789
2026-06-17 20:00:00+00:00,64260.5,64441.5,64147.5,64380.5,214.54565347
2026-06-17 21:00:00+00:00,64382.5,64396.0,64089.0,64195.5,179.56801955
2026-06-17 22:00:00+00:00,64196.0,64385.0,63867.0,64254.5,110.34684446
2026-06-17 23:00:00+00:00,64249.5,64477.0,64204.5,64450.5,34.68297636
2026-06-18 00:00:00+00:00,64464.0,64662.0,64414.0,64427.0,166.70893649
2026-06-18 01:00:00+00:00,64426.5,64748.0,64424.5,64509.5,180.32557654
2026-06-18 02:00:00+00:00,64508.5,64727.0,64445.0,64644.5,389.33677155
2026-06-18 03:00:00+00:00,64637.0,64637.0,64214.5,64227.0,184.13904577
2026-06-18 04:00:00+00:00,64231.5,64292.0,63781.5,63834.5,233.03678511
2026-06-18 05:00:00+00:00,63832.5,63970.0,63655.0,63946.0,114.97112554
2026-06-18 06:00:00+00:00,63947.5,64080.0,63800.5,64037.0,82.2249922
2026-06-18 07:00:00+00:00,64030.0,64470.0,63974.5,64464.5,302.28027047
2026-06-18 08:00:00+00:00,64464.0,64589.5,64321.5,64337.5,243.47905617
2026-06-18 09:00:00+00:00,64337.5,64424.5,64144.5,64144.5,106.41017504
2026-06-18 10:00:00+00:00,64145.0,64180.0,63872.5,64037.0,132.20275774
2026-06-18 11:00:00+00:00,64030.0,64157.5,63835.5,63925.0,94.63296748
2026-06-18 12:00:00+00:00,63926.0,64346.5,63880.0,64312.5,144.33419165
2026-06-18 13:00:00+00:00,64312.0,64379.0,63723.5,63912.0,236.27759761
2026-06-18 14:00:00+00:00,63911.5,64129.5,63502.0,63761.0,341.24979576
2026-06-18 15:00:00+00:00,63749.0,63749.0,62222.5,62289.0,743.71916784
2026-06-18 16:00:00+00:00,62291.0,62763.0,62277.5,62612.0,307.43545869
2026-06-18 17:00:00+00:00,62612.5,62670.0,62200.0,62535.5,243.26573205
2026-06-18 18:00:00+00:00,62536.0,62893.0,62501.0,62633.0,229.38745221
2026-06-18 19:00:00+00:00,62633.0,62942.5,62567.0,62878.5,105.80175549
2026-06-18 20:00:00+00:00,62888.0,63200.0,62888.0,63022.0,191.4936585
2026-06-18 21:00:00+00:00,63022.0,63056.5,62806.5,62894.5,75.42872227
2026-06-18 22:00:00+00:00,62894.0,62930.5,62678.5,62816.0,163.61805757
2026-06-18 23:00:00+00:00,62815.5,62920.0,62690.5,62896.0,229.78311285
2026-06-19 00:00:00+00:00,62892.5,63025.0,62779.0,62951.5,199.07586277
2026-06-19 01:00:00+00:00,62975.0,63039.5,62806.5,62977.5,302.37758924
2026-06-19 02:00:00+00:00,62977.5,63065.0,62857.0,62963.5,273.95202877
2026-06-19 03:00:00+00:00,62964.0,62983.0,62328.0,62714.0,736.26662455
2026-06-19 04:00:00+00:00,62714.0,62853.5,62357.5,62395.0,394.37127124
2026-06-19 05:00:00+00:00,62395.5,62689.5,62395.0,62675.0,230.01037294
2026-06-19 06:00:00+00:00,62675.0,62849.0,62674.5,62837.0,149.86414533
2026-06-19 07:00:00+00:00,62835.5,62853.5,62427.5,62542.5,597.60914761
2026-06-19 08:00:00+00:00,62542.0,62693.0,62465.5,62522.0,342.33183179
2026-06-19 09:00:00+00:00,62531.5,62580.5,62237.5,62312.5,414.74872429
2026-06-19 10:00:00+00:00,62312.5,62519.5,62304.5,62463.5,144.9374858
2026-06-19 11:00:00+00:00,62463.5,62620.5,62383.0,62568.0,125.97992481
2026-06-19 12:00:00+00:00,62568.0,62807.0,62289.5,62762.5,199.33541171
2026-06-19 13:00:00+00:00,62772.5,63353.0,62608.0,63159.5,355.26242716
2026-06-19 14:00:00+00:00,63159.5,63355.0,62957.0,63147.0,121.36113156
2026-06-19 15:00:00+00:00,63147.0,63232.5,62977.5,63161.5,136.92389557
2026-06-19 16:00:00+00:00,63162.0,63334.5,62874.5,62903.5,155.85002425
2026-06-19 17:00:00+00:00,62906.5,63170.0,62817.0,63144.5,84.56866908
2026-06-19 18:00:00+00:00,63138.5,63143.0,62937.0,63057.5,81.00637206
2026-06-19 19:00:00+00:00,63057.0,63098.5,62887.5,62970.5,60.11629923
2026-06-19 20:00:00+00:00,62970.5,63205.0,62909.5,63196.0,99.42704031
2026-06-19 21:00:00+00:00,63195.5,63205.0,63006.0,63015.0,102.72539193
2026-06-19 22:00:00+00:00,63015.0,63306.0,62997.0,63251.0,106.25148556
2026-06-19 23:00:00+00:00,63251.5,63600.0,63216.5,63488.0,167.26965274
2026-06-20 00:00:00+00:00,63489.0,63717.5,63426.0,63477.0,225.54703156
2026-06-20 01:00:00+00:00,63476.5,63560.0,63351.0,63511.0,58.52140026
2026-06-20 02:00:00+00:00,63517.0,63517.0,63273.5,63279.5,66.6336148
2026-06-20 03:00:00+00:00,63277.0,63434.5,63260.5,63406.5,39.20380407
2026-06-20 04:00:00+00:00,63406.5,63539.0,63336.5,63500.0,76.36369264
2026-06-20 05:00:00+00:00,63503.0,63827.0,63470.5,63607.0,218.75854116
2026-06-20 06:00:00+00:00,63607.0,63690.0,63580.5,63683.0,73.43691876
2026-06-20 07:00:00+00:00,63683.5,63728.0,63536.5,63580.0,118.04056126
2026-06-20 08:00:00+00:00,63580.0,63622.0,63336.5,63369.0,311.64928327
2026-06-20 09:00:00+00:00,63369.0,63723.5,63364.0,63672.0,183.65514221
2026-06-20 10:00:00+00:00,63669.5,63710.5,63536.5,63604.0,63.21387218
2026-06-20 11:00:00+00:00,63603.5,63726.0,63556.5,63624.5,38.11467957
2026-06-20 12:00:00+00:00,63620.0,63723.5,63486.5,63590.0,137.94774346
2026-06-20 13:00:00+00:00,63590.0,63590.0,63216.5,63331.5,104.33206441
2026-06-20 14:00:00+00:00,63330.0,64175.0,63131.0,63902.0,280.90529637
2026-06-20 15:00:00+00:00,63895.0,64332.0,63789.5,64094.0,269.7067537
2026-06-20 16:00:00+00:00,64097.5,64121.0,63853.0,63964.5,49.80626929
2026-06-20 17:00:00+00:00,63964.5,63971.5,63654.5,63789.5,102.94142017
2026-06-20 18:00:00+00:00,63789.5,63863.5,63731.0,63738.5,24.84601183
2026-06-20 19:00:00+00:00,63738.5,63893.5,63738.0,63861.5,30.89363796
2026-06-20 20:00:00+00:00,63869.0,63904.0,63786.0,63852.5,31.91854173
2026-06-20 21:00:00+00:00,63856.5,64016.5,63853.5,63947.5,49.34052674
2026-06-20 22:00:00+00:00,63947.0,64285.5,63917.0,64209.5,85.54963864
2026-06-20 23:00:00+00:00,64205.0,64280.0,64176.0,64243.0,170.10571028
2026-06-21 00:00:00+00:00,64239.5,64255.5,64166.0,64224.0,52.06215512
2026-06-21 01:00:00+00:00,64229.5,64250.0,64146.0,64194.5,44.10661928
2026-06-21 02:00:00+00:00,64187.0,64206.5,64156.0,64190.0,11.20845176
2026-06-21 03:00:00+00:00,64187.0,64399.5,64174.0,64360.0,129.9540662
2026-06-21 04:00:00+00:00,64359.5,64517.5,64212.5,64212.5,152.81487777
2026-06-21 05:00:00+00:00,64212.5,64302.5,64157.0,64187.0,74.41805989
2026-06-21 06:00:00+00:00,64187.0,64256.0,64140.5,64224.5,31.49029034
2026-06-21 07:00:00+00:00,64225.0,64229.5,64120.0,64143.5,253.02722739
2026-06-21 08:00:00+00:00,64143.5,64178.0,63856.5,63960.0,196.1371466
2026-06-21 09:00:00+00:00,63964.0,64183.5,63905.5,64150.0,94.32742681
2026-06-21 10:00:00+00:00,64150.5,64335.5,64143.5,64291.0,104.69949878
2026-06-21 11:00:00+00:00,64296.0,64407.5,64047.5,64094.5,124.00492855
2026-06-21 12:00:00+00:00,64097.0,64162.0,63886.0,64132.5,138.53357061
2026-06-21 13:00:00+00:00,64127.0,64127.0,63938.0,64069.5,65.93792635
2026-06-21 14:00:00+00:00,64069.5,64086.0,63936.0,64077.5,52.3344373
2026-06-21 15:00:00+00:00,64077.5,64269.0,64049.0,64146.0,88.09891161
2026-06-21 16:00:00+00:00,64146.0,64174.0,63976.5,64067.5,134.31462182
2026-06-21 17:00:00+00:00,64067.5,64139.5,64006.0,64074.0,46.93301233
2026-06-21 18:00:00+00:00,64070.0,64162.5,63876.5,64125.0,76.09577
2026-06-21 19:00:00+00:00,64128.5,64217.0,64096.0,64129.5,47.58039601
2026-06-21 20:00:00+00:00,64128.0,64180.0,63635.0,63761.5,135.37057893
2026-06-21 21:00:00+00:00,63770.0,63882.5,63446.5,63736.0,198.92378628
2026-06-21 22:00:00+00:00,63735.5,63792.0,63509.0,63723.0,139.30271771
2026-06-21 23:00:00+00:00,63723.5,63723.5,63200.5,63249.0,207.40824725
2026-06-22 00:00:00+00:00,63244.5,64023.0,63244.5,63834.5,526.98072673
2026-06-22 01:00:00+00:00,63828.0,64800.0,63786.0,64547.0,880.73855584
2026-06-22 02:00:00+00:00,64546.0,64593.0,64187.5,64188.5,299.96949473
2026-06-22 03:00:00+00:00,64188.5,64397.0,63843.5,63911.5,371.96980377
2026-06-22 04:00:00+00:00,63911.5,64039.0,63816.0,64037.0,157.77229562
2026-06-22 05:00:00+00:00,64034.5,64258.5,64018.5,64174.5,190.35246461
2026-06-22 06:00:00+00:00,64177.0,64244.5,63876.5,63924.5,226.31742311
2026-06-22 07:00:00+00:00,63922.0,64313.0,63896.0,64143.0,1555.63458801
2026-06-22 08:00:00+00:00,64143.0,64281.0,63976.0,64100.5,275.84911496
2026-06-22 09:00:00+00:00,64101.0,64190.0,63996.0,64075.0,84.98479756
2026-06-22 10:00:00+00:00,64079.5,64210.0,64031.5,64077.5,135.42735219
2026-06-22 11:00:00+00:00,64078.5,64725.0,64047.0,64606.5,312.48647901
2026-06-22 12:00:00+00:00,64604.5,65155.0,64529.0,65095.5,507.72259152
2026-06-22 13:00:00+00:00,65096.0,65535.5,64901.0,65507.5,425.37863939
2026-06-22 14:00:00+00:00,65512.5,65554.5,64775.0,64911.5,430.65678051
2026-06-22 15:00:00+00:00,64916.0,65078.5,64705.0,64767.5,259.23971703
2026-06-22 16:00:00+00:00,64770.0,64794.0,64464.0,64667.0,244.24758376
2026-06-22 17:00:00+00:00,64665.5,64705.0,64330.5,64551.5,209.02964701
2026-06-22 18:00:00+00:00,64551.5,64678.5,64265.5,64270.0,190.39473954
2026-06-22 19:00:00+00:00,64285.5,64444.5,64226.0,64414.5,156.99499428
2026-06-22 20:00:00+00:00,64414.5,64615.5,64309.5,64372.0,135.84111211
2026-06-22 21:00:00+00:00,64372.0,64421.0,64100.0,64251.0,121.63784903
2026-06-22 22:00:00+00:00,64250.5,64330.0,63750.0,63901.5,221.3011013
2026-06-22 23:00:00+00:00,63904.0,63986.0,63829.0,63955.0,105.74423816
2026-06-23 00:00:00+00:00,63954.5,64081.0,63776.0,64066.5,207.68548572
2026-06-23 01:00:00+00:00,64079.5,64191.0,63820.0,64089.5,224.28533405
2026-06-23 02:00:00+00:00,64088.5,64184.0,63976.5,64127.5,112.60997421
2026-06-23 03:00:00+00:00,64127.5,64127.5,63887.5,63973.5,114.30412446
2026-06-23 04:00:00+00:00,63979.5,64006.0,63530.0,63532.0,167.46305324
2026-06-23 05:00:00+00:00,63543.5,63648.0,63290.0,63331.5,329.27185902
2026-06-23 06:00:00+00:00,63325.0,63325.0,62503.0,62863.5,546.49261129
2026-06-23 07:00:00+00:00,62864.0,63017.5,62784.5,62800.5,344.71818259
2026-06-23 08:00:00+00:00,62800.5,62858.0,61840.0,62298.0,912.4477174
2026-06-23 09:00:00+00:00,62301.0,62433.0,62270.0,62309.5,118.74433574
2026-06-23 10:00:00+00:00,62305.0,62497.5,62170.0,62249.5,124.54864288
2026-06-23 11:00:00+00:00,62249.5,62562.5,62248.5,62435.0,170.30263313
2026-06-23 12:00:00+00:00,62435.0,62495.5,62139.5,62199.5,185.06179647
2026-06-23 13:00:00+00:00,62197.5,62466.0,61887.5,62387.0,400.05314859
2026-06-23 14:00:00+00:00,62403.0,62777.0,62335.0,62419.5,280.73143373
2026-06-23 15:00:00+00:00,62419.5,62435.5,62122.5,62408.0,241.35948333
2026-06-23 16:00:00+00:00,62418.0,62756.5,62354.0,62492.0,235.37257261
2026-06-23 17:00:00+00:00,62485.5,62616.0,62270.5,62289.5,162.32766403
2026-06-23 18:00:00+00:00,62290.0,62375.0,62035.0,62170.0,162.96452407
2026-06-23 19:00:00+00:00,62170.0,62409.5,62170.0,62334.5,169.2728048
2026-06-23 20:00:00+00:00,62327.5,62468.0,62319.5,62400.5,64.19057972
2026-06-23 21:00:00+00:00,62410.0,62596.5,62409.5,62528.5,57.69429097
2026-06-23 22:00:00+00:00,62523.0,62728.0,62460.5,62520.0,84.28355911
2026-06-23 23:00:00+00:00,62520.0,62727.5,62440.0,62684.0,131.57710233
2026-06-24 00:00:00+00:00,62683.5,62964.0,62683.5,62944.0,221.01040984
2026-06-24 01:00:00+00:00,62953.0,63049.5,62710.0,62869.0,95.75947618
2026-06-24 02:00:00+00:00,62869.0,62952.5,62538.5,62570.0,97.63734885
2026-06-24 03:00:00+00:00,62570.0,62757.0,62395.0,62663.5,146.53005636
2026-06-24 04:00:00+00:00,62663.5,62724.5,62462.5,62679.5,73.50723934
2026-06-24 05:00:00+00:00,62674.5,62994.5,62634.0,62803.5,139.92351759
2026-06-24 06:00:00+00:00,62808.0,62832.5,62642.0,62700.0,128.55629732
2026-06-24 07:00:00+00:00,62700.0,62764.0,62548.0,62581.5,276.11801172
2026-06-24 08:00:00+00:00,62581.5,62742.0,62532.5,62735.5,163.84934743
2026-06-24 09:00:00+00:00,62735.0,62735.5,62586.0,62625.0,307.09975462
2026-06-24 10:00:00+00:00,62623.0,62623.0,62353.5,62382.5,141.77374445
2026-06-24 11:00:00+00:00,62379.5,63165.0,62257.5,62840.0,309.76952185
2026-06-24 12:00:00+00:00,62841.5,62898.0,62514.5,62538.0,106.51297308
2026-06-24 13:00:00+00:00,62538.0,62551.0,61172.0,61238.0,992.90161209
2026-06-24 14:00:00+00:00,61238.5,61405.5,60800.0,61029.5,800.97374027
2026-06-24 15:00:00+00:00,61025.5,61052.0,60169.5,60187.5,814.89855965
2026-06-24 16:00:00+00:00,60180.0,60581.0,59499.0,59760.5,1015.00992964
2026-06-24 17:00:00+00:00,59757.0,59958.5,59009.0,59314.0,975.13890065
2026-06-24 18:00:00+00:00,59304.5,59827.5,59206.0,59491.0,505.25365936
2026-06-24 19:00:00+00:00,59493.0,59898.0,59422.0,59862.0,283.07076827
2026-06-24 20:00:00+00:00,59862.0,61101.5,59759.0,60870.5,803.65078645
2026-06-24 21:00:00+00:00,60868.0,61046.5,60577.5,61014.5,208.78414173
2026-06-24 22:00:00+00:00,61012.5,61169.5,60714.5,60773.5,130.93318675
2026-06-24 23:00:00+00:00,60773.0,61007.0,60730.5,60977.5,65.43841374
2026-06-25 00:00:00+00:00,60977.5,61059.5,60640.0,60705.5,333.85587692
2026-06-25 01:00:00+00:00,60718.0,60885.5,60620.0,60826.0,180.07756152
2026-06-25 02:00:00+00:00,60823.0,60857.5,60600.5,60684.5,301.14640583
2026-06-25 03:00:00+00:00,60685.0,60797.0,60587.0,60779.0,123.21134749
2026-06-25 04:00:00+00:00,60778.5,61295.0,60686.5,61249.0,186.66485187
2026-06-25 05:00:00+00:00,61249.0,61700.0,61179.0,61500.0,374.15899839
2026-06-25 06:00:00+00:00,61500.5,61737.0,61498.5,61611.0,210.39815234
2026-06-25 07:00:00+00:00,61611.5,61848.5,61564.5,61790.0,315.48791102
2026-06-25 08:00:00+00:00,61803.5,61808.0,61586.0,61605.5,469.26854464
2026-06-25 09:00:00+00:00,61609.0,61677.0,61510.0,61642.5,108.48942641
2026-06-25 10:00:00+00:00,61642.0,61646.0,61170.5,61170.5,306.9286212
2026-06-25 11:00:00+00:00,61170.5,61315.0,60960.5,61183.0,294.86345343
2026-06-25 12:00:00+00:00,61183.0,61640.5,60985.0,61138.0,859.77044333
2026-06-25 13:00:00+00:00,61138.5,61265.5,57928.5,58177.5,2348.13680692
2026-06-25 14:00:00+00:00,58179.0,60356.0,58179.0,59368.5,2280.11335689
2026-06-25 15:00:00+00:00,59368.5,59563.0,58752.5,59460.5,965.88455373
2026-06-25 16:00:00+00:00,59462.5,59962.0,59066.5,59223.0,1553.82135325
2026-06-25 17:00:00+00:00,59223.0,59643.5,59050.0,59594.5,468.76014545
2026-06-25 18:00:00+00:00,59594.5,59690.5,59263.5,59412.5,900.83868015
2026-06-25 19:00:00+00:00,59414.5,59425.5,59080.5,59211.0,640.09941415
2026-06-25 20:00:00+00:00,59223.5,59649.0,59219.5,59360.5,1252.50230595
2026-06-25 21:00:00+00:00,59348.0,60157.5,59344.5,60122.5,413.67460402
2026-06-25 22:00:00+00:00,60122.5,60122.5,59635.5,59747.5,170.45129015
2026-06-25 23:00:00+00:00,59752.0,60100.0,59665.0,59702.0,196.53872583
2026-06-26 00:00:00+00:00,59702.5,59812.5,59550.0,59574.5,154.92300505
2026-06-26 01:00:00+00:00,59560.0,59682.5,59131.0,59325.0,447.06744253
2026-06-26 02:00:00+00:00,59333.0,59344.5,58254.0,58452.0,961.81361162
2026-06-26 03:00:00+00:00,58467.5,60117.5,58230.0,59948.5,1029.31445256
2026-06-26 04:00:00+00:00,59951.0,60138.5,59751.0,59823.5,555.67722164
2026-06-26 05:00:00+00:00,59830.0,59957.0,59648.5,59851.5,850.97029296
2026-06-26 06:00:00+00:00,59845.5,60359.0,59612.5,60230.0,1641.04766105
2026-06-26 07:00:00+00:00,60231.0,60686.5,60186.0,60499.0,3080.0781949
2026-06-26 08:00:00+00:00,60491.0,60502.5,60090.0,60181.5,843.51631053
2026-06-26 09:00:00+00:00,60182.0,60193.5,59521.5,59663.5,1050.89107161
2026-06-26 10:00:00+00:00,59664.0,59783.0,59183.5,59246.5,368.25350781
2026-06-26 11:00:00+00:00,59246.5,59515.5,59191.0,59346.5,374.917294
2026-06-26 12:00:00+00:00,59347.0,59933.0,58905.0,59104.0,525.82309145
2026-06-26 13:00:00+00:00,59104.5,60138.5,58410.0,60095.5,999.15102578
2026-06-26 14:00:00+00:00,60103.5,60260.0,59320.0,59514.5,858.3682705
2026-06-26 15:00:00+00:00,59522.5,60438.5,59509.0,60266.0,697.84336889
2026-06-26 16:00:00+00:00,60259.5,60584.0,59908.0,59980.0,264.49834576
2026-06-26 17:00:00+00:00,59980.0,60214.0,59883.5,59953.0,374.12058145
2026-06-26 18:00:00+00:00,59953.0,60083.0,59499.0,59605.0,360.0784199
2026-06-26 19:00:00+00:00,59600.5,60029.0,59547.0,59680.5,184.98185214
2026-06-26 20:00:00+00:00,59681.0,59921.5,59517.0,59648.5,199.87269175
2026-06-26 21:00:00+00:00,59642.5,59982.5,59612.5,59852.0,155.73197422
2026-06-26 22:00:00+00:00,59851.0,60001.5,59674.0,59972.5,143.92546913
2026-06-26 23:00:00+00:00,59970.0,60040.0,59865.5,60017.0,150.56964673
2026-06-27 00:00:00+00:00,60017.0,60106.5,59800.0,59978.0,98.66926048
2026-06-27 01:00:00+00:00,59978.0,59984.0,59854.5,59888.5,36.59351627
2026-06-27 02:00:00+00:00,59869.0,60290.0,59846.5,60206.5,135.39424635
2026-06-27 03:00:00+00:00,60206.5,60329.0,60086.5,60231.0,79.94377055
2026-06-27 04:00:00+00:00,60231.0,60398.0,60151.5,60163.5,147.94403233
2026-06-27 05:00:00+00:00,60164.0,60230.0,60060.0,60170.5,57.8490694
2026-06-27 06:00:00+00:00,60160.5,60420.5,60043.0,60292.0,129.61349254
2026-06-27 07:00:00+00:00,60292.5,60498.0,60230.5,60476.5,197.86008955
2026-06-27 08:00:00+00:00,60476.0,60476.0,60309.0,60387.5,152.97377652
2026-06-27 09:00:00+00:00,60388.0,60439.0,60230.0,60360.0,68.49693392
2026-06-27 10:00:00+00:00,60360.0,60420.5,60310.0,60339.5,38.69874644
2026-06-27 11:00:00+00:00,60340.0,60376.5,60135.5,60300.0,53.18458996
2026-06-27 12:00:00+00:00,60300.0,60354.5,60194.5,60354.0,40.80833014
2026-06-27 13:00:00+00:00,60354.0,60583.5,60319.5,60516.0,132.11498183
2026-06-27 14:00:00+00:00,60514.0,60652.5,60441.0,60541.0,81.7111999
2026-06-27 15:00:00+00:00,60541.5,60895.5,60497.0,60755.0,249.30052661
2026-06-27 16:00:00+00:00,60755.5,60777.5,60604.5,60731.0,98.09183515
2026-06-27 17:00:00+00:00,60731.0,60737.0,60306.0,60447.0,154.95398478
2026-06-27 18:00:00+00:00,60447.5,60492.5,60380.0,60489.0,28.84991431
2026-06-27 19:00:00+00:00,60488.5,60522.5,60002.0,60084.0,218.34026066
2026-06-27 20:00:00+00:00,60084.5,60216.5,60084.0,60208.0,42.93389346
2026-06-27 21:00:00+00:00,60212.0,60399.5,60060.5,60118.5,49.45583251
2026-06-27 22:00:00+00:00,60118.5,60173.0,59783.5,60157.5,121.04611381
2026-06-27 23:00:00+00:00,60157.0,60240.0,59872.0,59956.0,182.61640571
2026-06-28 00:00:00+00:00,59956.5,60112.0,59938.0,60069.0,82.96241782
2026-06-28 01:00:00+00:00,60070.5,60194.0,59911.5,60143.0,79.39138475
2026-06-28 02:00:00+00:00,60144.5,60260.0,59985.5,60086.5,33.85713231
2026-06-28 03:00:00+00:00,60086.5,60203.5,60086.5,60128.0,22.88041823
2026-06-28 04:00:00+00:00,60132.5,60163.0,60027.5,60060.5,26.27334411
2026-06-28 05:00:00+00:00,60060.5,60064.5,59696.5,59928.0,105.88053117
2026-06-28 06:00:00+00:00,59926.5,59965.0,59740.5,59945.0,39.6936808
2026-06-28 07:00:00+00:00,59943.0,60199.5,59939.0,60149.5,189.22837299
2026-06-28 08:00:00+00:00,60149.0,60472.0,60080.0,60305.0,150.63206807
2026-06-28 09:00:00+00:00,60302.0,60412.5,60195.0,60195.0,68.15549142
2026-06-28 10:00:00+00:00,60194.0,60230.0,60010.0,60092.0,81.38853964
2026-06-28 11:00:00+00:00,60092.5,60295.0,60048.0,60227.5,48.59053089
